#include <string>
#include <vector>

static const int binary_ir_length = 137712;
static const char binary_ir_data[] =
"\x42\x43\xc0\xde\x35\x14\x00\x00\x05\x00\x00\x00\x62\x0c\x30\x24"
"\x4a\x59\xbe\xa6\x5d\xfb\xb5\xcf\x0b\x51\x80\x4c\x01\x00\x00\x00"
"\x21\x0c\x00\x00\x0c\x84\x00\x00\x0b\x02\x21\x00\x02\x00\x00\x00"
"\x22\x00\x00\x00\x07\x81\x23\x91\x41\xc8\x04\x49\x06\x10\x32\x39"
"\x92\x01\x84\x0c\x25\x05\x08\x19\x1e\x04\x8b\x62\x80\x18\x45\x02"
"\x42\x92\x0b\x42\xc4\x10\x32\x14\x38\x08\x18\x4b\x0a\x32\x62\x88"
"\x48\xb0\x64\x21\x43\x86\x88\x04\x47\x1c\x32\x42\x24\x71\xc8\x08"
"\x11\x24\x29\x40\x86\x8c\x10\x4b\x01\x32\x64\x84\x08\x92\x1c\x20"
"\x23\x46\x88\xe5\x00\x19\x31\x42\x04\x19\x2a\x28\x2a\x90\x51\x5c"
"\x20\x23\xb9\x40\x86\x0c\x19\xc3\x07\xcb\x15\x19\x62\x8c\x8c\x24"
"\x07\x19\x32\x62\x2c\x39\xc8\x90\x11\x23\xc8\x12\x88\x0e\x1d\x3a"
"\x64\x44\x47\xc8\x10\x22\x43\x46\x02\x19\x1a\x00\x89\x20\x00\x00"
"\x2d\x00\x00\x00\x22\x66\x04\x10\xb2\x42\x82\x89\x11\x52\x42\x82"
"\x89\x91\x71\xc2\x50\x48\x0a\x09\x26\x46\xc6\x05\x42\x62\x26\x08"
"\xe0\x80\xe6\x08\x90\x44\x3c\x09\xe6\x08\x40\x61\x8e\x00\x0c\x46"
"\x00\x8a\x50\x0c\x45\x18\x88\x32\x14\x03\x50\x86\x61\x20\x0a\x51"
"\x0c\x03\x51\x86\x21\x08\x4a\x30\x94\xa0\x98\x23\x08\x4a\x51\x00"
"\xc0\xe0\xcc\x00\x14\x02\x82\x20\x68\x08\xa0\x10\x92\x24\x49\x65"
"\x28\x88\xa1\x0c\x00\x30\x94\x81\x20\x88\x61\x04\x68\x28\xc2\x70"
"\x0d\x23\x10\x43\x11\x86\x6c\x18\x01\x19\x8a\x30\x6c\x03\x01\x53"
"\x00\xc3\x08\x50\x30\x8c\x40\x10\xc3\x08\x44\x30\x8c\x80\x04\xd9"
"\x11\x24\x44\x30\x8c\x00\x11\xc3\x08\x90\x33\x47\x00\x0d\x23\x10"
"\xce\x1c\x01\x31\x8c\x80\x10\x46\x08\x1c\x23\x9c\x8e\x11\x08\xc7"
"\x08\x83\x33\x0e\x00\x00\x00\x00\x51\x18\x00\x00\x2a\x02\x00\x00"
"\x1b\xf8\x22\xf8\xff\xff\xff\xff\x01\x90\x82\x30\x10\x08\x73\x90"
"\x87\x70\x68\x87\x72\x68\x03\x78\x78\x87\x74\x70\x07\x7a\x28\x07"
"\x79\x00\xdc\xe1\x1d\xdc\xa1\x0d\xd8\xa1\x1c\xc2\xc1\x1c\x00\xc2"
"\x1d\xde\xa1\x0d\xe8\x41\x1e\xc2\x01\x1e\xe0\x21\x1d\xdc\xe1\x1c"
"\xda\xa0\x1d\xc2\x81\x1e\xd0\x01\xa0\x07\x79\xa8\x87\x72\x00\x88"
"\x79\xa0\x87\x70\x18\x87\x75\x68\x03\x78\x90\x87\x77\xa0\x87\x72"
"\x18\x07\x7a\x78\x07\x79\x68\x03\x71\xa8\x07\x73\x30\x87\x72\x90"
"\x87\x36\x98\x87\x74\xd0\x87\x72\x00\xf0\x00\x20\xe8\x21\x1c\xe4"
"\xe1\x1c\xca\x81\x1e\xda\x60\x1c\xe0\xa1\x1e\x80\x73\x28\x07\x77"
"\x28\x07\x79\x48\x87\x71\x00\x08\x7a\x08\x07\x79\x38\x87\x72\xa0"
"\x87\x36\x30\x87\x72\x08\x07\x7a\xa8\x07\x79\x28\x87\x79\x00\xd6"
"\xc0\x1c\xd2\x01\x1f\xda\x60\x1c\xde\x41\x1e\xe8\xa1\x1c\xf0\xa1"
"\x0d\xc2\xa1\x0e\xe6\xa0\x0d\xf0\x60\x0e\xea\xe0\x0e\xec\x20\x0f"
"\xd8\x60\x0d\xcc\x01\x1e\xda\x20\x1c\xe4\xa1\x1d\xec\x01\x0f\xd8"
"\x60\x0d\xdc\xa1\x1c\xde\xc1\x1d\xd8\x60\x0d\xde\xa1\x1e\xe8\x81"
"\x1d\xd2\xc1\x1d\xca\xa1\x0d\xc2\x81\x1e\xde\xa1\x1d\xd2\x61\x1c"
"\xe6\x81\x0d\xd6\xc0\x1e\xf0\x20\x1c\xd8\xa0\x0d\xcc\xa1\x1d\xec"
"\x01\xd8\x40\x08\x01\x40\x0a\x1b\xee\x62\xf8\xff\xff\xff\xff\x81"
"\x30\x07\x79\x08\x87\x76\x28\x87\x36\x80\x87\x77\x48\x07\x77\xa0"
"\x87\x72\x90\x07\xc0\x1d\xde\xc1\x1d\xda\x80\x1d\xca\x21\x1c\xcc"
"\x01\x20\xdc\xe1\x1d\xda\x80\x1e\xe4\x21\x1c\xe0\x01\x1e\xd2\xc1"
"\x1d\xce\xa1\x0d\xda\x21\x1c\xe8\x01\x1d\x00\x7a\x90\x87\x7a\x28"
"\x07\x80\x98\x07\x7a\x08\x87\x71\x58\x87\x36\x80\x07\x79\x78\x07"
"\x7a\x28\x87\x71\xa0\x87\x77\x90\x87\x36\x10\x87\x7a\x30\x07\x73"
"\x28\x07\x79\x68\x83\x79\x48\x07\x7d\x28\x07\x00\x0f\x00\x82\x1e"
"\xc2\x41\x1e\xce\xa1\x1c\xe8\xa1\x0d\xc6\x01\x1e\xea\x01\x38\x87"
"\x72\x70\x87\x72\x90\x87\x74\x18\x07\x80\xa0\x87\x70\x90\x87\x73"
"\x28\x07\x7a\x68\x03\x73\x28\x87\x70\xa0\x87\x7a\x90\x87\x72\x98"
"\x07\x60\x0d\xcc\x21\x1d\xf0\xa1\x0d\xc6\xe1\x1d\xe4\x81\x1e\xca"
"\x01\x1f\xda\x20\x1c\xea\x60\x0e\xda\x00\x0f\xe6\xa0\x0e\xee\xc0"
"\x0e\xf2\x80\x0d\xd6\xc0\x1c\xe0\xa1\x0d\xc2\x41\x1e\xda\xc1\x1e"
"\xf0\x80\x0d\xd6\xc0\x1d\xca\xe1\x1d\xdc\x81\x0d\xd6\xe0\x1d\xea"
"\x81\x1e\xd8\x21\x1d\xdc\xa1\x1c\xda\x20\x1c\xe8\xe1\x1d\xda\x21"
"\x1d\xc6\x61\x1e\xd8\x60\x0d\xec\x01\x0f\xc2\x81\x0d\xda\xc0\x1c"
"\xda\xc1\x1e\x80\x0d\xa7\x41\xfc\xff\xff\xff\xff\x00\x08\x80\x1f"
"\x00\x70\x00\xfc\x01\x20\x05\xb6\x10\x9f\x20\x08\x82\x20\x08\x82"
"\xa0\x10\x84\x81\x40\x98\x83\x3c\x84\x43\x3b\x94\x43\x1b\xc0\xc3"
"\x3b\xa4\x83\x3b\xd0\x43\x39\xc8\x03\xe0\x0e\xef\xe0\x0e\x6d\xc0"
"\x0e\xe5\x10\x0e\xe6\x00\x10\xee\xf0\x0e\x6d\x40\x0f\xf2\x10\x0e"
"\xf0\x00\x0f\xe9\xe0\x0e\xe7\xd0\x06\xed\x10\x0e\xf4\x80\x0e\x00"
"\x3d\xc8\x43\x3d\x94\x03\x40\xcc\x03\x3d\x84\xc3\x38\xac\x43\x1b"
"\xc0\x83\x3c\xbc\x03\x3d\x94\xc3\x38\xd0\xc3\x3b\xc8\x43\x1b\x88"
"\x43\x3d\x98\x83\x39\x94\x83\x3c\xb4\xc1\x3c\xa4\x83\x3e\x94\x03"
"\x80\x07\x00\x41\x0f\xe1\x20\x0f\xe7\x50\x0e\xf4\xd0\x06\xe3\x00"
"\x0f\xf5\x00\x9c\x43\x39\xb8\x43\x39\xc8\x43\x3a\x8c\x03\x40\xd0"
"\x43\x38\xc8\xc3\x39\x94\x03\x3d\xb4\x81\x39\x94\x43\x38\xd0\x43"
"\x3d\xc8\x43\x39\xcc\x03\xb0\x06\xe6\x90\x0e\xf8\xd0\x06\xe3\xf0"
"\x0e\xf2\x40\x0f\xe5\x80\x0f\x6d\x10\x0e\x75\x30\x07\x6d\x80\x07"
"\x73\x50\x07\x77\x60\x07\x79\xc0\x06\x6b\x60\x0e\xf0\xd0\x06\xe1"
"\x20\x0f\xed\x60\x0f\x78\xc0\x06\x6b\xe0\x0e\xe5\xf0\x0e\xee\xc0"
"\x06\x6b\xf0\x0e\xf5\x40\x0f\xec\x90\x0e\xee\x50\x0e\x6d\x10\x0e"
"\xf4\xf0\x0e\xed\x90\x0e\xe3\x30\x0f\x6c\xb0\x06\xf6\x80\x07\xe1"
"\xc0\x06\x6d\x60\x0e\xed\x60\x0f\xc0\x86\xa8\xf8\xff\xff\xff\xff"
"\x01\x30\x05\xe0\x14\x00\x3f\x00\xfe\x00\x90\x80\x3e\x08\x6c\x61"
"\x04\x41\x10\x04\x41\x10\x04\x41\x61\x03\x61\x04\x00\x1f\x6c\x28"
"\x0e\x21\x30\x07\x60\xc3\x69\x20\xff\xff\xff\xff\x3f\x00\x02\xe0"
"\x07\x00\x1c\x00\x7f\x00\x48\x81\x2d\xc4\x22\x08\x82\x20\x08\x82"
"\x20\x28\x04\x61\x20\x10\xe6\x20\x0f\xe1\xd0\x0e\xe5\xd0\x06\xf0"
"\xf0\x0e\xe9\xe0\x0e\xf4\x50\x0e\xf2\x00\xb8\xc3\x3b\xb8\x43\x1b"
"\xb0\x43\x39\x84\x83\x39\x00\x84\x3b\xbc\x43\x1b\xd0\x83\x3c\x84"
"\x03\x3c\xc0\x43\x3a\xb8\xc3\x39\xb4\x41\x3b\x84\x03\x3d\xa0\x03"
"\x40\x0f\xf2\x50\x0f\xe5\x00\x10\xf3\x40\x0f\xe1\x30\x0e\xeb\xd0"
"\x06\xf0\x20\x0f\xef\x40\x0f\xe5\x30\x0e\xf4\xf0\x0e\xf2\xd0\x06"
"\xe2\x50\x0f\xe6\x60\x0e\xe5\x20\x0f\x6d\x30\x0f\xe9\xa0\x0f\xe5"
"\x00\xe0\x01\x40\xd0\x43\x38\xc8\xc3\x39\x94\x03\x3d\xb4\xc1\x38"
"\xc0\x43\x3d\x00\xe7\x50\x0e\xee\x50\x0e\xf2\x90\x0e\xe3\x00\x10"
"\xf4\x10\x0e\xf2\x70\x0e\xe5\x40\x0f\x6d\x60\x0e\xe5\x10\x0e\xf4"
"\x50\x0f\xf2\x50\x0e\xf3\x00\xac\x81\x39\xa4\x03\x3e\xb4\xc1\x38"
"\xbc\x83\x3c\xd0\x43\x39\xe0\x43\x1b\x84\x43\x1d\xcc\x41\x1b\xe0"
"\xc1\x1c\xd4\xc1\x1d\xd8\x41\x1e\xb0\xc1\x1a\x98\x03\x3c\xb4\x41"
"\x38\xc8\x43\x3b\xd8\x03\x1e\xb0\xc1\x1a\xb8\x43\x39\xbc\x83\x3b"
"\xb0\xc1\x1a\xbc\x43\x3d\xd0\x03\x3b\xa4\x83\x3b\x94\x43\x1b\x84"
"\x03\x3d\xbc\x43\x3b\xa4\xc3\x38\xcc\x03\x1b\xac\x81\x3d\xe0\x41"
"\x38\xb0\x41\x1b\x98\x43\x3b\xd8\x03\xb0\x81\x48\x04\x80\x14\x36"
"\x9c\x86\xf2\xff\xff\xff\xff\x03\x20\x00\x7e\x00\xc0\x01\xf0\x07"
"\x80\x14\xd8\x82\x58\x82\x20\x08\x82\x20\x08\x82\x42\x10\x06\x02"
"\x61\x0e\xf2\x10\x0e\xed\x50\x0e\x6d\x00\x0f\xef\x90\x0e\xee\x40"
"\x0f\xe5\x20\x0f\x80\x3b\xbc\x83\x3b\xb4\x01\x3b\x94\x43\x38\x98"
"\x03\x40\xb8\xc3\x3b\xb4\x01\x3d\xc8\x43\x38\xc0\x03\x3c\xa4\x83"
"\x3b\x9c\x43\x1b\xb4\x43\x38\xd0\x03\x3a\x00\xf4\x20\x0f\xf5\x50"
"\x0e\x00\x31\x0f\xf4\x10\x0e\xe3\xb0\x0e\x6d\x00\x0f\xf2\xf0\x0e"
"\xf4\x50\x0e\xe3\x40\x0f\xef\x20\x0f\x6d\x20\x0e\xf5\x60\x0e\xe6"
"\x50\x0e\xf2\xd0\x06\xf3\x90\x0e\xfa\x50\x0e\x00\x1e\x00\x04\x3d"
"\x84\x83\x3c\x9c\x43\x39\xd0\x43\x1b\x8c\x03\x3c\xd4\x03\x70\x0e"
"\xe5\xe0\x0e\xe5\x20\x0f\xe9\x30\x0e\x00\x41\x0f\xe1\x20\x0f\xe7"
"\x50\x0e\xf4\xd0\x06\xe6\x50\x0e\xe1\x40\x0f\xf5\x20\x0f\xe5\x30"
"\x0f\xc0\x1a\x98\x43\x3a\xe0\x43\x1b\x8c\xc3\x3b\xc8\x03\x3d\x94"
"\x03\x3e\xb4\x41\x38\xd4\xc1\x1c\xb4\x01\x1e\xcc\x41\x1d\xdc\x81"
"\x1d\xe4\x01\x1b\xac\x81\x39\xc0\x43\x1b\x84\x83\x3c\xb4\x83\x3d"
"\xe0\x01\x1b\xac\x81\x3b\x94\xc3\x3b\xb8\x03\x1b\xac\xc1\x3b\xd4"
"\x03\x3d\xb0\x43\x3a\xb8\x43\x39\xb4\x41\x38\xd0\xc3\x3b\xb4\x43"
"\x3a\x8c\xc3\x3c\xb0\xc1\x1a\xd8\x03\x1e\x84\x03\x1b\xb4\x81\x39"
"\xb4\x83\x3d\x00\x1b\x88\x65\x00\x48\x61\xc3\x69\x30\xff\xff\xff"
"\xff\x3f\x00\x02\xe0\x07\x00\x1c\x00\x7f\x00\x48\x81\x2d\xcc\x27"
"\x08\x82\x20\x08\x82\x20\x28\x04\x61\x20\x10\xe6\x20\x0f\xe1\xd0"
"\x0e\xe5\xd0\x06\xf0\xf0\x0e\xe9\xe0\x0e\xf4\x50\x0e\xf2\x00\xb8"
"\xc3\x3b\xb8\x43\x1b\xb0\x43\x39\x84\x83\x39\x00\x84\x3b\xbc\x43"
"\x1b\xd0\x83\x3c\x84\x03\x3c\xc0\x43\x3a\xb8\xc3\x39\xb4\x41\x3b"
"\x84\x03\x3d\xa0\x03\x40\x0f\xf2\x50\x0f\xe5\x00\x10\xf3\x40\x0f"
"\xe1\x30\x0e\xeb\xd0\x06\xf0\x20\x0f\xef\x40\x0f\xe5\x30\x0e\xf4"
"\xf0\x0e\xf2\xd0\x06\xe2\x50\x0f\xe6\x60\x0e\xe5\x20\x0f\x6d\x30"
"\x0f\xe9\xa0\x0f\xe5\x00\xe0\x01\x40\xd0\x43\x38\xc8\xc3\x39\x94"
"\x03\x3d\xb4\xc1\x38\xc0\x43\x3d\x00\xe7\x50\x0e\xee\x50\x0e\xf2"
"\x90\x0e\xe3\x00\x10\xf4\x10\x0e\xf2\x70\x0e\xe5\x40\x0f\x6d\x60"
"\x0e\xe5\x10\x0e\xf4\x50\x0f\xf2\x50\x0e\xf3\x00\xac\x81\x39\xa4"
"\x03\x3e\xb4\xc1\x38\xbc\x83\x3c\xd0\x43\x39\xe0\x43\x1b\x84\x43"
"\x1d\xcc\x41\x1b\xe0\xc1\x1c\xd4\xc1\x1d\xd8\x41\x1e\xb0\xc1\x1a"
"\x98\x03\x3c\xb4\x41\x38\xc8\x43\x3b\xd8\x03\x1e\xb0\xc1\x1a\xb8"
"\x43\x39\xbc\x83\x3b\xb0\xc1\x1a\xbc\x43\x3d\xd0\x03\x3b\xa4\x83"
"\x3b\x94\x43\x1b\x84\x03\x3d\xbc\x43\x3b\xa4\xc3\x38\xcc\x03\x1b"
"\xac\x81\x3d\xe0\x41\x38\xb0\x41\x1b\x98\x43\x3b\xd8\x03\xb0\xe1"
"\x69\xfe\xff\xff\xff\x7f\x00\x4c\x01\x38\x05\xc0\x0f\x00\x09\xe8"
"\x83\xc0\x16\x46\x10\x04\x41\x10\x04\x41\x10\x14\x36\x24\x4e\x00"
"\x24\x00\x1d\x04\xe6\x00\x6c\x48\x1e\x01\x48\x80\x2a\x30\x07\x60"
"\x03\x01\x11\x00\x1f\x6c\x98\xa2\xff\xff\xff\xff\x1f\x00\x53\x00"
"\x4e\x01\xf0\x03\xe0\x0f\x00\x09\xa8\x03\xa0\x0f\x02\x5b\x00\x41"
"\x10\x04\x41\x10\x04\x41\x50\xd8\xe0\x17\xd2\xff\xff\xff\xff\x0f"
"\x80\x00\x48\x41\x18\x08\x84\x39\xc8\x43\x38\xb4\x43\x39\xb4\x01"
"\x3c\xbc\x43\x3a\xb8\x03\x3d\x94\x83\x3c\x00\xee\xf0\x0e\xee\xd0"
"\x06\xec\x50\x0e\xe1\x60\x0e\x00\xe1\x0e\xef\xd0\x06\xf4\x20\x0f"
"\xe1\x00\x0f\xf0\x90\x0e\xee\x70\x0e\x6d\xd0\x0e\xe1\x40\x0f\xe8"
"\x00\xd0\x83\x3c\xd4\x43\x39\x00\xc4\x3c\xd0\x43\x38\x8c\xc3\x3a"
"\xb4\x01\x3c\xc8\xc3\x3b\xd0\x43\x39\x8c\x03\x3d\xbc\x83\x3c\xb4"
"\x81\x38\xd4\x83\x39\x98\x43\x39\xc8\x43\x1b\xcc\x43\x3a\xe8\x43"
"\x39\x00\x78\x00\x10\xf4\x10\x0e\xf2\x70\x0e\xe5\x40\x0f\x6d\x30"
"\x0e\xf0\x50\x0f\xc0\x39\x94\x83\x3b\x94\x83\x3c\xa4\xc3\x38\x00"
"\x04\x3d\x84\x83\x3c\x9c\x43\x39\xd0\x43\x1b\x98\x43\x39\x84\x03"
"\x3d\xd4\x83\x3c\x94\xc3\x3c\x00\x6b\x60\x0e\xe9\x80\x0f\x6d\x30"
"\x0e\xef\x20\x0f\xf4\x50\x0e\xf8\xd0\x06\xe1\x50\x07\x73\xd0\x06"
"\x78\x30\x07\x75\x70\x07\x76\x90\x07\x6c\xb0\x06\xe6\x00\x0f\x6d"
"\x10\x0e\xf2\xd0\x0e\xf6\x80\x07\x6c\xb0\x06\xee\x50\x0e\xef\xe0"
"\x0e\x6c\xb0\x06\xef\x50\x0f\xf4\xc0\x0e\xe9\xe0\x0e\xe5\xd0\x06"
"\xe1\x40\x0f\xef\xd0\x0e\xe9\x30\x0e\xf3\xc0\x06\x6b\x60\x0f\x78"
"\x10\x0e\x6c\xd0\x06\xe6\xd0\x0e\xf6\x00\x6c\x88\xa6\xff\xff\xff"
"\xff\x1f\x80\x53\x00\xfc\x00\xf8\x03\x40\x02\xea\x00\xe8\x83\xc0"
"\x16\x40\x10\x04\x41\x10\x04\x41\x10\x14\x36\x10\xd4\xff\xff\xff"
"\xff\x0f\x80\xb4\xa1\xa8\x82\x20\x08\x36\x14\x96\x10\x04\xc1\x06"
"\xe2\x12\x80\x33\xd8\x70\x60\x02\x70\x06\x41\x80\x6c\x28\x32\x20"
"\x08\xa0\x0d\x84\x16\x00\x67\x00\x49\x18\x00\x00\x14\x00\x00\x00"
"\x13\x84\x40\x98\x20\x0c\xc2\x04\x81\x10\x26\x0c\x85\x71\x4c\x18"
"\x10\x21\x99\x40\x28\x42\xb2\x4c\x18\x08\x21\x99\x10\x10\x13\x02"
"\x66\x02\xd1\x38\x0f\x34\x21\x88\x26\x04\xd2\x84\x61\x10\x92\x09"
"\x41\x30\x21\x98\x26\x08\x94\x30\x41\xa8\xac\x09\x03\x25\x24\x13"
"\x04\xea\x9a\x10\x5c\x13\x84\x0a\x9b\x20\x64\x1a\x00\x00\x00\x00"
"\x13\xba\x70\x08\x07\x79\x18\x07\x74\xb0\x03\x3a\x68\x83\x7a\x70"
"\x87\x75\x70\x87\x77\xb8\x07\x77\x68\x03\x76\x48\x07\x77\xa8\x07"
"\x7c\x68\x83\x70\x70\x07\x72\x90\x87\x77\x48\x07\x72\xd8\x90\x0b"
"\xe5\xd0\x06\xed\xa0\x07\xe5\xd0\x06\xf0\x20\x07\x77\x00\x07\x7a"
"\x30\x07\x72\xa0\x07\x73\x20\x07\x6d\x00\x0f\x72\x70\x07\x71\xa0"
"\x07\x73\x20\x07\x7a\x30\x07\x72\xd0\x06\xf0\x20\x07\x77\x20\x07"
"\x7a\x60\x07\x74\xa0\x07\x76\x40\x07\x6d\x90\x0e\x78\xa0\x07\x78"
"\xa0\x07\x73\x20\x07\x6d\x90\x0e\x71\x60\x07\x7a\x10\x07\x76\xa0"
"\x07\x73\x20\x07\x6d\x90\x0e\x76\x40\x07\x7a\x60\x07\x74\xd0\x06"
"\xe9\x10\x07\x72\x80\x07\x7a\x10\x07\x72\x80\x07\x6d\xe0\x0e\x73"
"\x20\x07\x7a\x60\x07\x74\xd0\x06\xb3\x10\x07\x72\x80\x07\x6d\x60"
"\x0a\xee\x30\x07\x72\xa0\xf4\x80\x10\x21\x19\x64\xc8\x48\x91\x11"
"\x40\x23\x84\xc9\xa9\x1f\x10\x75\xdc\x31\x1c\xce\x7d\x8b\xcd\xf5"
"\xf9\x38\x4c\x7f\xcb\x5b\x6f\x36\xdb\xde\x6e\xc9\x62\x2e\x3c\x37"
"\x6c\x6d\x42\x93\x6e\x7a\x59\x0e\x97\x97\xe9\x65\x39\x37\x6c\x6d"
"\x42\x93\x6e\x7a\x59\x0e\x97\x97\xe9\x65\xb9\x6b\xbc\x83\x02\x16"
"\x41\xc0\x03\x20\x00\x00\x40\x00\x00\x00\x08\x16\x00\x00\x76\x50"
"\xcb\x22\x08\x78\x00\x04\x00\x00\x08\x00\x00\x00\xc1\x02\x00\xc0"
"\x0e\xca\x6a\x06\x21\x0f\x00\x02\x00\x00\x01\x00\x00\x20\x58\x00"
"\x00\xd8\x41\x8d\x41\x33\x08\x79\x00\x10\x00\x00\x08\x00\x00\x00"
"\xc1\x02\x00\xc0\x0e\x0a\x0e\x18\x42\x00\x80\x01\x00\x00\x01\x00"
"\x00\x00\x58\x00\x00\xd8\x41\xf1\x41\x14\x08\x00\x10\x00\x00\x20"
"\x00\x00\x00\x00\x0b\x00\x00\x3b\xa8\x56\x90\x06\x21\x0f\x00\x02"
"\x00\x00\x01\x00\x00\x20\x58\x00\x00\xd8\x41\xfd\x82\x40\x08\x00"
"\x30\x00\x00\x20\x00\x00\x00\x00\x0b\x00\x00\x3b\xa8\x70\x80\x02"
"\x41\x0f\x80\x01\x00\x00\x01\x00\x00\x20\x58\x00\x00\xd8\x41\xc5"
"\x43\x03\x08\x7b\x00\x10\x00\x00\x08\x00\x00\x00\xc1\x02\x00\xc0"
"\x0e\xca\x1f\x24\x42\xe0\x03\x60\x00\x00\x40\x00\x00\x00\x08\x16"
"\x00\x00\x76\x50\x30\x71\x11\x02\x00\x0c\x00\x00\x08\x00\x00\x00"
"\xc0\x02\x00\xc0\x0e\xea\x2c\x1a\x42\x00\x80\x01\x00\x00\x01\x00"
"\x00\x00\x58\x00\x00\xd8\x41\xd1\x45\x33\x08\x79\x00\x10\x00\x00"
"\x08\x00\x00\x00\xc1\x02\x00\xc0\x90\x2a\x34\xc8\xc0\x00\x00\x20"
"\x00\x00\x00\x10\x00\x00\x00\x80\x00\x58\x80\x21\x55\x79\x30\x06"
"\x10\x00\x02\x00\x00\x80\x00\x00\x00\x00\x00\xc0\x02\x0c\xa9\xe2"
"\x63\x39\x00\x00\x18\x00\x00\x00\x04\x00\x00\x00\x20\x00\x16\x60"
"\x48\xc5\x1f\x16\x02\x04\x00\x01\x00\x00\x00\x00\x00\x00\x00\x00"
"\xb0\x00\x43\x2a\x19\xa1\x10\x20\x00\x08\x00\x00\x00\x00\x00\x00"
"\x00\x00\x80\x05\x18\x52\x99\xc9\x92\x00\x00\x50\x00\x00\x00\x08"
"\x00\x00\x00\x40\x00\x2c\xc0\x90\x2a\x4e\x96\x04\x00\x80\x02\x00"
"\x00\x40\x00\x00\x00\x00\x02\x60\x01\x86\x54\x7c\xf2\x28\x00\x00"
"\x18\x00\x00\x00\x02\x00\x00\x00\x10\x00\x0b\x30\xa4\x5a\x95\x69"
"\x01\x00\xe0\x00\x00\x00\x10\x00\x00\x00\x80\x00\x58\x80\x21\x95"
"\xaf\x24\x0c\x00\x00\x08\x00\x00\x80\x00\x00\x00\x00\x04\xc0\x02"
"\x0c\xa9\xce\xc5\x69\x00\x00\x48\x00\x00\x00\x04\x00\x00\x00\x20"
"\x00\x16\x60\x48\x55\x2f\x4c\x03\x00\x40\x02\x00\x00\x20\x00\x00"
"\x00\x00\x01\xb0\x00\x43\xaa\x90\x69\x1a\x00\x00\x12\x00\x00\x00"
"\x01\x00\x00\x00\x08\x80\x05\x18\x52\xb9\x4c\xf5\x00\x01\xa0\x00"
"\x00\x00\x00\x00\x00\x00\x00\x00\x2c\xc0\x90\x6a\x6c\xac\x06\x00"
"\x80\x04\x00\x00\x40\x00\x00\x00\x00\x02\x60\x01\x86\x54\x79\x03"
"\x45\x40\x00\x2c\x00\x00\x00\x00\x00\x00\x00\x00\x00\x0b\x30\xa4"
"\x4a\x1d\x68\x02\x02\x60\x01\x00\x00\x00\x00\x00\x00\x00\x00\x58"
"\x80\x21\x55\xee\x2c\x0d\x00\x00\x09\x00\x00\x80\x00\x00\x00\x00"
"\x04\xc0\x02\x0c\xa9\xc8\x67\x69\x00\x00\x60\x00\x00\x00\x04\x00"
"\x00\x00\x20\x00\x16\x60\x48\xf5\x3e\x0c\x05\x04\x40\x03\x00\x00"
"\x20\x00\x00\x00\x00\x00\xb0\x00\x43\xaa\xfd\x61\x1a\x00\x00\x12"
"\x00\x00\x00\x01\x00\x00\x00\x08\x80\x05\x18\x52\x9d\x90\xd2\x00"
"\x00\x80\x00\x00\x00\x08\x00\x00\x00\x40\x00\x2c\xc0\x90\x2a\x86"
"\x9c\x06\x00\x00\x04\x00\x00\x40\x00\x00\x00\x00\x02\x60\x01\x86"
"\x54\x3f\xb4\x34\x00\x00\x24\x00\x00\x00\x02\x00\x00\x00\x10\x00"
"\x0b\x30\xa4\x52\x23\xa7\x01\x00\x20\x01\x00\x00\x10\x00\x00\x00"
"\x80\x00\x58\x80\x21\x15\x1e\x49\x0d\x00\x00\x09\x00\x00\x80\x00"
"\x00\x00\x00\x04\xc0\x02\x0c\xa9\x54\xc9\x69\x00\x00\x40\x00\x00"
"\x00\x04\x00\x00\x00\x20\x00\x16\x60\x48\x85\x4b\x52\x03\x00\x00"
"\x02\x00\x00\x20\x00\x00\x00\x00\x01\xb0\x00\x43\x2a\x75\xb2\x1a"
"\x00\x00\x12\x00\x00\x00\x01\x00\x00\x00\x08\x80\x05\x18\x52\x81"
"\x54\xd5\x00\x00\x90\x00\x00\x00\x08\x00\x00\x00\x40\x00\x2c\xc0"
"\x90\xaa\xa6\xaa\x06\x00\x80\x04\x00\x00\x40\x00\x00\x00\x00\x02"
"\x60\x01\x86\x54\x6a\xe5\x34\x00\x00\x24\x00\x00\x00\x02\x00\x00"
"\x00\x10\x00\x0b\x30\xa4\xc2\xab\xa9\x01\x00\x00\x01\x00\x00\x10"
"\x00\x00\x00\x80\x00\x58\x80\x21\xd5\x6a\x39\x0d\x00\x00\x09\x00"
"\x00\x80\x00\x00\x00\x00\x04\xc0\x02\x0c\xa9\x72\xcb\x69\x00\x00"
"\x70\x00\x00\x00\x04\x00\x00\x00\x20\x00\x16\x60\x48\x75\x5e\x53"
"\x05\x04\xc0\x02\x00\x00\x00\x00\x00\x00\x00\x00\xb0\x00\x43\x2a"
"\xfd\x6a\x2c\x20\x00\x1e\x00\x00\x00\x00\x00\x00\x00\x00\x80\x05"
"\x18\x52\x9d\x58\x63\x01\x01\xf0\x00\x00\x00\x00\x00\x00\x00\x00"
"\x00\x2c\xc0\x90\x8a\xc6\x38\x0c\x08\x80\x07\x00\x00\x00\x00\x00"
"\x00\x00\x00\x60\x01\x86\x54\x70\xb6\x69\x40\x00\x3c\x00\x00\x00"
"\x00\x00\x00\x00\x00\x00\x0b\x30\xa4\x5a\xb5\x8d\x03\x02\xe0\x01"
"\x00\x00\x00\x00\x00\x00\x00\x00\x58\x00\x89\x0d\x02\x85\xf3\x07"
"\x01\x00\xb2\x40\x0a\x00\x00\x00\x32\x1e\x98\x1c\x19\x11\x4c\x90"
"\x8c\x09\x26\x47\xc6\x04\x43\x12\x46\x00\x68\x18\x01\xa0\x60\x04"
"\x80\x80\x11\x00\x22\x46\x00\x4a\xa0\x10\x0a\xa2\x08\xca\x01\x00"
"\xb1\x18\x00\x00\xcb\x00\x00\x00\x33\x08\x80\x1c\xc4\xe1\x1c\x66"
"\x14\x01\x3d\x88\x43\x38\x84\xc3\x8c\x42\x80\x07\x79\x78\x07\x73"
"\x98\x71\x0c\xe6\x00\x0f\xed\x10\x0e\xf4\x80\x0e\x33\x0c\x42\x1e"
"\xc2\xc1\x1d\xce\xa1\x1c\x66\x30\x05\x3d\x88\x43\x38\x84\x83\x1b"
"\xcc\x03\x3d\xc8\x43\x3d\x8c\x03\x3d\xcc\x78\x8c\x74\x70\x07\x7b"
"\x08\x07\x79\x48\x87\x70\x70\x07\x7a\x70\x03\x76\x78\x87\x70\x20"
"\x87\x19\xcc\x11\x0e\xec\x90\x0e\xe1\x30\x0f\x6e\x30\x0f\xe3\xf0"
"\x0e\xf0\x50\x0e\x33\x10\xc4\x1d\xde\x21\x1c\xd8\x21\x1d\xc2\x61"
"\x1e\x66\x30\x89\x3b\xbc\x83\x3b\xd0\x43\x39\xb4\x03\x3c\xbc\x83"
"\x3c\x84\x03\x3b\xcc\xf0\x14\x76\x60\x07\x7b\x68\x07\x37\x68\x87"
"\x72\x68\x07\x37\x80\x87\x70\x90\x87\x70\x60\x07\x76\x28\x07\x76"
"\xf8\x05\x76\x78\x87\x77\x80\x87\x5f\x08\x87\x71\x18\x87\x72\x98"
"\x87\x79\x98\x81\x2c\xee\xf0\x0e\xee\xe0\x0e\xf5\xc0\x0e\xec\x30"
"\x03\x62\xc8\xa1\x1c\xe4\xa1\x1c\xcc\xa1\x1c\xe4\xa1\x1c\xdc\x61"
"\x1c\xca\x21\x1c\xc4\x81\x1d\xca\x61\x06\xd6\x90\x43\x39\xc8\x43"
"\x39\x98\x43\x39\xc8\x43\x39\xb8\xc3\x38\x94\x43\x38\x88\x03\x3b"
"\x94\xc3\x2f\xbc\x83\x3c\xfc\x82\x3b\xd4\x03\x3b\xb0\xc3\x0c\xc7"
"\x69\x87\x70\x58\x87\x72\x70\x83\x74\x68\x07\x78\x60\x87\x74\x18"
"\x87\x74\xa0\x87\x19\xce\x53\x0f\xee\x00\x0f\xf2\x50\x0e\xe4\x90"
"\x0e\xe3\x40\x0f\xe1\x20\x0e\xec\x50\x0e\x33\x20\x28\x1d\xdc\xc1"
"\x1e\xc2\x41\x1e\xd2\x21\x1c\xdc\x81\x1e\xdc\xe0\x1c\xe4\xe1\x1d"
"\xea\x01\x1e\x66\x18\x51\x38\xb0\x43\x3a\x9c\x83\x3b\xcc\x50\x24"
"\x76\x60\x07\x7b\x68\x07\x37\x60\x87\x77\x78\x07\x78\x98\x51\x4c"
"\xf4\x90\x0f\xf0\x50\x0e\x33\x1e\x6a\x1e\xca\x61\x1c\xe8\x21\x1d"
"\xde\xc1\x1d\x7e\x01\x1e\xe4\xa1\x1c\xcc\x21\x1d\xf0\x61\x06\x54"
"\x85\x83\x38\xcc\xc3\x3b\xb0\x43\x3d\xd0\x43\x39\xfc\xc2\x3c\xe4"
"\x43\x3b\x88\xc3\x3b\xb0\xc3\x8c\xc5\x0a\x87\x79\x98\x87\x77\x18"
"\x87\x74\x08\x07\x7a\x28\x07\x72\x98\x81\x5c\xe3\x10\x0e\xec\xc0"
"\x0e\xe5\x50\x0e\xf3\x30\x23\xc1\xd2\x41\x1e\xe4\xe1\x17\xd8\xe1"
"\x1d\xde\x01\x1e\x66\x48\x19\x3b\xb0\x83\x3d\xb4\x83\x1b\x84\xc3"
"\x38\x8c\x43\x39\xcc\xc3\x3c\xb8\xc1\x39\xc8\xc3\x3b\xd4\x03\x3c"
"\xcc\x48\xb4\x71\x08\x07\x76\x60\x07\x71\x08\x87\x71\x58\x87\x19"
"\xdb\xc6\x0e\xec\x60\x0f\xed\xe0\x06\xf0\x20\x0f\xe5\x30\x0f\xe5"
"\x20\x0f\xf6\x50\x0e\x6e\x10\x0e\xe3\x30\x0e\xe5\x30\x0f\xf3\xe0"
"\x06\xe9\xe0\x0e\xe4\x50\x0e\xf8\x30\x23\xe2\xec\x61\x1c\xc2\x81"
"\x1d\xd8\xe1\x17\xec\x21\x1d\xe6\x21\x1d\xc4\x21\x1d\xd8\x21\x1d"
"\xe8\x21\x1f\x66\x20\x9d\x3b\xbc\x43\x3d\xb8\x03\x39\x94\x83\x39"
"\xcc\x58\xbc\x70\x70\x07\x77\x78\x07\x7a\x08\x07\x7a\x48\x87\x77"
"\x70\x87\x19\xcb\xe7\x0e\xef\x30\x0f\xe1\xe0\x0e\xe9\x40\x0f\xe9"
"\xa0\x0f\xe5\x30\xc3\x01\x03\x73\xa8\x07\x77\x18\x87\x5f\x98\x87"
"\x70\x70\x87\x74\xa0\x87\x74\xd0\x87\x72\x98\x81\x84\x41\x39\xe0"
"\xc3\x38\xb0\x43\x3d\x90\x43\x39\xcc\x40\xc4\xa0\x1d\xca\xa1\x1d"
"\xe0\x41\x1e\xde\xc1\x1c\x66\x24\x63\x30\x0e\xe1\xc0\x0e\xec\x30"
"\x0f\xe9\x40\x0f\xe5\x30\x43\x21\x83\x75\x18\x07\x73\x48\x87\x5f"
"\xa0\x87\x7c\x80\x87\x72\x98\xb1\x94\x01\x3c\x8c\xc3\x3c\x94\xc3"
"\x38\xd0\x43\x3a\xbc\x83\x3b\xcc\xc3\x8c\xc5\x0c\x48\x21\x15\x42"
"\x61\x1e\xe6\x21\x1d\xce\xc1\x1d\x52\x81\x14\x66\x4c\x67\x30\x0e"
"\xef\x20\x0f\xef\xe0\x06\xef\x50\x0f\xf4\x30\x0f\xe9\x40\x0e\xe5"
"\xe0\x06\xe6\x20\x0f\xe1\xd0\x0e\xe5\x30\xa3\x40\x83\x76\x68\x07"
"\x79\x08\x87\x19\x52\x1a\xb8\xc3\x3b\x84\x03\x3b\xa4\x43\x38\xcc"
"\x83\x1b\x84\x03\x39\x90\x83\x3c\xcc\x03\x3c\x84\xc3\x38\x94\x03"
"\x00\x00\x00\x00\x79\x20\x00\x00\xb0\x00\x00\x00\x92\x1e\x48\x20"
"\x43\x88\x0c\x19\x09\x64\x64\xc8\xc9\x20\x81\x8c\x04\x32\x46\x46"
"\x46\x13\x81\x42\xa0\x90\xf1\xc4\xc8\x08\x39\x42\x86\x8c\xe2\x03"
"\xfd\x0c\x00\x00\x4a\x92\x1c\xcd\x6a\x10\x4f\x34\x58\x16\x18\x58"
"\x0b\x00\x00\x00\x77\x63\x68\x61\x72\x5f\x73\x69\x7a\x65\x50\x49"
"\x43\x20\x4c\x65\x76\x65\x6c\x50\x49\x45\x20\x4c\x65\x76\x65\x6c"
"\x75\x77\x74\x61\x62\x6c\x65\x66\x72\x61\x6d\x65\x2d\x70\x6f\x69"
"\x6e\x74\x65\x72\x63\x6c\x61\x6e\x67\x20\x76\x65\x72\x73\x69\x6f"
"\x6e\x20\x32\x31\x2e\x31\x2e\x38\x20\x28\x68\x74\x74\x70\x73\x3a"
"\x2f\x2f\x67\x69\x74\x68\x75\x62\x2e\x63\x6f\x6d\x2f\x61\x62\x63"
"\x64\x65\x66\x67\x6a\x68\x2d\x6c\x69\x2f\x41\x4c\x4c\x56\x4d\x2e"
"\x67\x69\x74\x20\x62\x63\x37\x35\x33\x36\x65\x35\x61\x38\x34\x61"
"\x65\x65\x35\x35\x65\x63\x66\x61\x32\x34\x39\x31\x35\x30\x34\x61"
"\x66\x36\x34\x63\x64\x62\x39\x30\x34\x64\x62\x38\x29\x0a\x41\x2d"
"\x70\x72\x6f\x74\x65\x63\x74\x0a\x42\x79\x20\x61\x62\x63\x64\x65"
"\x66\x67\x6a\x68\x2e\x0a\xe6\x97\xa5\xe5\x8d\x87\xe6\x9c\x88\xe8"
"\x90\xbd\xef\xbc\x8c\xe5\x85\x89\xe9\x98\xb4\xe6\xb5\x81\xe8\xbd"
"\xac\xe6\x97\xa0\xe5\xa3\xb0\xe3\x80\x82\xe5\x88\x9d\xe5\xbf\x83"
"\xe4\xb8\x8d\xe6\x94\xb9\xef\xbc\x8c\xe7\xa0\xa5\xe7\xa0\xba\xe5"
"\x89\x8d\xe8\xa1\x8c\xe6\x9c\x89\xe6\x81\x92\xe3\x80\x82\x0a\x6c"
"\x6f\x6e\x67\x6f\x6d\x6e\x69\x70\x6f\x74\x65\x6e\x74\x20\x63\x68"
"\x61\x72\x53\x69\x6d\x70\x6c\x65\x20\x43\x2f\x43\x2b\x2b\x20\x54"
"\x42\x41\x41\x69\x6e\x74\x6c\x6c\x76\x6d\x2e\x6c\x6f\x6f\x70\x2e"
"\x6d\x75\x73\x74\x70\x72\x6f\x67\x72\x65\x73\x73\x6c\x6c\x76\x6d"
"\x2e\x6c\x6f\x6f\x70\x2e\x69\x73\x76\x65\x63\x74\x6f\x72\x69\x7a"
"\x65\x64\x6c\x6c\x76\x6d\x2e\x6c\x6f\x6f\x70\x2e\x75\x6e\x72\x6f"
"\x6c\x6c\x2e\x72\x75\x6e\x74\x69\x6d\x65\x2e\x64\x69\x73\x61\x62"
"\x6c\x65\x6c\x6c\x76\x6d\x2e\x6c\x6f\x6f\x70\x2e\x70\x65\x65\x6c"
"\x65\x64\x2e\x63\x6f\x75\x6e\x74\x61\x6e\x79\x20\x70\x6f\x69\x6e"
"\x74\x65\x72\x00\x06\x49\x00\x00\x00\x00\x00\x00\x30\x82\x40\xf0"
"\xc1\x08\x02\xd1\x07\x23\x08\x84\x1f\x8c\x20\x10\x7f\x30\x82\x40"
"\x80\xc2\x08\xc2\x80\x07\x53\x08\x16\x1b\x4c\x21\x5c\x6c\x30\x85"
"\x80\xb1\xc1\x14\x42\xc6\x06\x53\x08\x1a\x1b\x4c\x21\x6c\x6c\x30"
"\x85\xc0\xb1\xc1\x14\x42\xc7\x06\x53\x08\x1e\x1b\xcc\x30\x40\x41"
"\x34\xc3\x20\x09\xd3\x0c\x03\x35\x4c\x33\x0c\x14\x31\xcd\x30\x50"
"\x05\x34\x43\x60\xcc\x10\x24\x33\x0c\x48\x19\x54\x33\x0c\x87\x19"
"\x54\x33\x0c\x67\x70\x06\xd5\x0c\x83\x62\x06\xd5\x0c\x43\x1a\xa4"
"\x41\x35\xc3\x60\x06\x66\x50\xcd\x10\x2c\x33\x08\x0c\x34\x43\xd0"
"\xcc\x20\x38\xd0\x0c\xc3\x63\x06\xd5\x0c\x03\x1c\xc0\x41\x75\x62"
"\x00\x88\x81\x18\x88\x81\x18\x88\x81\x18\x88\x81\x18\x88\x81\x18"
"\x88\x81\x18\x88\x81\x18\x88\x81\x18\x88\x81\x18\x88\x81\x18\x58"
"\x16\x1a\xa0\x81\x1b\xa0\x81\x1b\xb8\x81\xc5\x59\x1c\x1a\xc8\x48"
"\x60\x82\x32\x62\x63\xb3\x6b\x73\x69\x7b\x23\xab\x63\x2b\x73\x31"
"\x63\x0b\x3b\x9b\x1b\xa5\xf0\x3e\x30\x08\x03\x31\x48\x85\x8d\xcd"
"\xae\xcd\x25\x8d\xac\xcc\x8d\x6e\x94\x60\x0c\x00\xa9\x18\x00\x00"
"\x2d\x00\x00\x00\x0b\x0a\x72\x28\x87\x77\x80\x07\x7a\x58\x70\x98"
"\x43\x3d\xb8\xc3\x38\xb0\x43\x39\xd0\xc3\x82\xe6\x1c\xc6\xa1\x0d"
"\xe8\x41\x1e\xc2\xc1\x1d\xe6\x21\x1d\xe8\x21\x1d\xde\xc1\x1d\x16"
"\x34\xe3\x60\x0e\xe7\x50\x0f\xe1\x20\x0f\xe4\x40\x0f\xe1\x20\x0f"
"\xe7\x50\x0e\xf4\xb0\x80\x81\x07\x79\x28\x87\x70\x60\x07\x76\x78"
"\x87\x71\x08\x07\x7a\x28\x07\x72\x58\x70\x9c\xc3\x38\xb4\x01\x3b"
"\xa4\x83\x3d\x94\xc3\x02\x6b\x1c\xd8\x21\x1c\xdc\xe1\x1c\xdc\x20"
"\x1c\xe4\x61\x1c\xdc\x20\x1c\xe8\x81\x1e\xc2\x61\x1c\xd0\xa1\x1c"
"\xc8\x61\x1c\xc2\x81\x1d\xd8\x61\xc1\x01\x0f\xf4\x20\x0f\xe1\x50"
"\x0f\xf4\x80\x0e\x0b\x88\x75\x18\x07\x73\x48\x87\x05\xcf\x38\xbc"
"\x83\x3b\xd8\x43\x39\xc8\xc3\x39\x94\x83\x3b\x8c\x43\x39\x8c\x03"
"\x3d\xc8\x03\x3b\x00\x00\x00\x00\xd1\x10\x00\x00\x06\x00\x00\x00"
"\x07\xcc\x3c\xa4\x83\x3b\x9c\x03\x3b\x94\x03\x3d\xa0\x83\x3c\x94"
"\x43\x38\x90\xc3\x01\x00\x00\x00\x61\x28\x00\x00\x04\x00\x00\x00"
"\x23\x08\x82\x21\x06\x05\x14\x82\x60\x60\xcc\x41\xc0\x00\x00\x00"
"\x61\x28\x00\x00\x35\x00\x00\x00\x23\x08\x88\xb0\x40\x00\x00\x00"
"\x03\x00\x00\x00\x34\x94\x00\x11\xa5\x51\x22\xa5\x40\x43\x19\x00"
"\xd2\x60\xcc\x17\x08\x01\xe1\x03\x62\x10\x51\x20\x06\x39\x85\x81"
"\xa8\x00\x50\x35\x0c\xb2\x98\x21\x02\xdc\x30\xa0\x62\x60\x03\x20"
"\x0d\x86\x16\x0c\xa8\x18\x8c\x20\x19\x06\x54\x0c\x70\x10\x9c\xc1"
"\x30\xa0\x62\x90\x83\x60\x0c\x86\x01\x15\x04\x15\x54\x43\x22\x22"
"\x10\x58\x01\x01\x02\xc5\x15\x82\x11\x17\x08\x8a\x41\x82\x20\xa0"
"\x82\x3a\x14\x18\x8c\x82\x0a\x51\x20\x30\x0a\xac\x43\x81\xc0\x25"
"\x16\x82\xa1\x82\x00\x10\x12\xb0\x0a\x86\x48\x90\x76\x02\x48\x08"
"\x0e\x05\xd1\xa6\x29\x0c\x60\x40\x06\x17\xf8\x84\x21\x08\x10\x03"
"\x07\x00\x00\x00\x5b\x06\x22\x38\x83\x2d\x43\x14\xa4\xc1\x96\x61"
"\x0a\xd4\x60\xcb\xa0\x05\x69\xb0\x65\x18\x03\xa9\x02\x00\x00\x00"
"\x41\x62\x00\x00\x04\x00\x00\x00\x0b\x88\x40\x00\x78\x61\xc1\x10"
"\x00\xb0\x30\x61\x08\x80\x01\x00\x00\x00\x00\x00\x61\x28\x00\x00"
"\xa0\x00\x00\x00\x23\x08\x9a\xb0\x40\x00\x00\x00\x1c\x00\x00\x00"
"\x44\x14\x08\x0d\x05\xfe\xff\xff\xff\x40\xd7\x58\x10\x10\x08\x03"
"\x51\x18\x07\x92\x28\x0b\xd3\x38\xcf\x08\xc0\x58\xd0\x30\x0c\xc3"
"\x30\x0c\xc3\x30\x0c\xc3\x30\x0c\x03\x0d\x05\x42\xd7\x58\x10\x04"
"\x41\x10\x04\x41\x10\x04\x41\x10\x04\x41\x10\x0d\x85\x51\xf8\xff"
"\xff\xff\x0f\xa3\x01\x94\xcd\x41\xb0\x02\x1e\xe0\x01\x1e\x8c\x06"
"\x10\x38\x02\x40\xd9\x58\x04\x10\x08\xc3\x58\xc4\x30\x0c\x03\x0d"
"\x85\x40\xd9\x58\x04\x41\x10\x04\x0d\x25\x50\x06\x00\x00\x00\x00"
"\xe1\x61\x00\x00\x06\x00\x00\x00\x2b\x08\x39\x60\x83\x36\x70\x83"
"\x15\xc4\x1c\xb0\x41\x1b\xb8\xc1\x0a\x82\x0e\xd8\xc0\x0d\xda\x00"
"\x92\xda\xcc\x17\x2c\x01\xa9\x85\x81\xa8\x00\xd0\x75\x0d\x11\x20"
"\xb1\x8e\x7c\xc2\x10\x0c\xe8\x18\x4c\x21\x48\x8e\x39\x50\x06\x74"
"\x0c\xa8\x10\x8c\xc1\x71\x0b\xca\x80\x8e\x01\x0f\x82\x32\x38\xe2"
"\x40\x71\x8c\xe4\x36\xf2\x21\x44\x80\x8c\x4d\x23\x02\x01\xf9\x5c"
"\x31\xa0\x62\x90\x05\x62\x2a\x06\x54\x5c\x7a\x40\x4c\xc5\x80\x8a"
"\x4b\x0f\x88\xa6\x88\x08\x04\x62\x20\xc1\x17\x54\x70\x45\x2a\xc0"
"\xe0\x04\x90\x10\x1c\x0a\x8c\x4d\x89\x18\x40\x00\x4a\xc4\x00\xa4"
"\xd0\x80\xcf\x28\x82\x21\x06\x05\x10\x82\x60\x80\xe5\x01\x21\x9f"
"\x0a\x7c\xcb\x11\x20\x37\x80\x00\x5d\x66\xa0\x32\xc8\x03\xf0\x09"
"\x48\x30\xa0\x62\x30\x83\x83\x1e\x86\x01\x15\x03\x73\xd8\xc3\x80"
"\xb6\x34\x50\x44\x07\x01\x8c\x63\x48\x83\xc1\x0f\xc6\x31\xa4\x41"
"\xf1\x07\x03\x19\x02\x35\x48\x83\x14\xa4\xc1\x06\x44\x04\x82\x18"
"\xe4\x81\x4b\x06\x54\x0c\x12\x32\x25\x03\x2a\x32\x03\x99\x92\x01"
"\x15\x99\x83\x34\x49\x44\x20\x10\x03\x09\xc2\xa0\x82\x2c\x52\x01"
"\x07\x27\x80\x84\xe0\x50\x60\x6c\x4a\xe4\x00\x02\x50\x22\x07\x20"
"\x05\x09\x7c\x4a\x12\x0c\x31\x28\x80\x10\x04\x03\x4d\x16\x08\x49"
"\xbd\x01\xf8\x16\x21\x18\x50\x32\x88\x05\x80\x07\x06\xa1\x54\x4c"
"\x0b\x06\x54\x0c\x15\xe3\x0b\xc2\x80\x8a\x21\x62\x7c\x41\x18\x50"
"\x31\x0c\x8c\x2f\x08\x28\xc8\x03\x88\x0f\x04\x3b\x10\x48\x10\x04"
"\x15\x0c\x91\x0e\x3e\x38\x01\x24\x04\x87\x02\x64\x93\x02\x0a\x30"
"\x20\x03\x3e\x00\xdf\xc2\x04\x01\x62\x00\x00\x00\x0a\x00\x00\x00"
"\x5b\x06\x21\x38\x83\x2d\x03\x15\xa8\xc1\x96\x81\x93\xe2\x60\xcb"
"\x20\x07\x81\x1a\x6c\x19\xf4\x40\x92\x83\x2d\x43\x29\x04\x6a\xb0"
"\x65\x60\x05\x69\x0e\x00\x00\x00\x41\x62\x00\x00\x18\x00\x00\x00"
"\x0b\x86\x00\xa0\x89\x05\x43\x00\xb0\xc4\x82\x21\x00\x54\x62\xc1"
"\x10\x00\x27\xb1\x60\x08\x00\x92\x58\x30\x04\xc0\x3e\x2c\x28\x06"
"\x21\x00\xe8\x61\x01\x11\x08\x40\x3b\x2c\x18\x02\x40\x1d\x16\x0c"
"\x01\x10\x0e\x0b\x8c\x81\x10\x02\xe0\x17\x16\x1c\xc5\x00\x04\x84"
"\x90\x0b\x0b\x08\x01\x08\x70\x61\x81\x11\x10\x83\x00\x84\xc2\x84"
"\x21\x00\x98\x09\x05\x20\x04\xc3\x32\x81\x08\x00\x41\x00\x00\x00"
"\x00\x00\x00\x00\x61\x28\x00\x00\x97\x00\x00\x00\x23\x08\x9a\xb0"
"\x40\x00\x00\x00\x1c\x00\x00\x00\x44\x14\x08\x0d\x05\xfe\xff\xff"
"\xff\x40\xd7\x58\x10\x10\x08\x03\x51\x18\x07\x92\x28\x0b\xd3\x38"
"\xcf\x08\xc0\x58\xd0\x30\x0c\xc3\x30\x0c\xc3\x30\x0c\xc3\x30\x0c"
"\x03\x0d\x05\x42\xd7\x58\x10\x04\x41\x10\x04\x41\x10\x04\x41\x10"
"\x04\x41\x10\x0d\x85\x51\xf8\xff\xff\xff\x0f\xa3\x01\x94\xcd\x41"
"\xb0\x02\x1e\xe0\x01\x1e\x8c\x06\x10\x38\x02\x40\xd9\x58\x04\x10"
"\x08\xc3\x58\xc4\x30\x0c\x03\x0d\x85\x40\xd9\x58\x04\x41\x10\x04"
"\x0d\x65\x50\x02\x00\x00\x00\x00\xe1\x61\x00\x00\x06\x00\x00\x00"
"\x2b\x08\x39\x60\x83\x36\x70\x83\x15\xc4\x1c\xb0\x41\x1b\xb8\xc1"
"\x0a\x82\x0e\xd8\xc0\x0d\xda\x00\x92\xda\xcc\x17\x2c\x81\xb2\x00"
"\x5d\xd6\x10\x01\xf2\xe2\xc8\x27\x0c\xc1\x80\x8e\x81\x14\x82\xe4"
"\x88\x03\x65\x40\xc7\x60\x0a\x41\x18\x1c\xb3\xa0\x0c\xe8\x00\x94"
"\x60\x0c\x8e\x37\x50\x1c\x23\x37\x8d\x7c\x08\x11\x20\x43\x53\x57"
"\x0c\xa8\x18\x5c\x81\x98\x8a\x01\x15\x97\x1d\x10\x53\x31\xa0\xe2"
"\xb2\x03\xa2\x29\x22\x02\x61\x19\x48\xf0\x05\x15\x5c\x91\x0a\xef"
"\x04\x90\x10\x1c\x0a\x8c\x4d\x09\x18\x40\x00\x4a\xc0\x00\xa4\xc0"
"\x80\xcf\x28\x82\x21\x06\x05\x10\x82\x60\x80\xdd\x01\x21\x1d\x0a"
"\x7c\xcb\x11\x44\x04\x82\xf5\x20\x8b\x0c\x54\x06\x77\x00\x3e\x01"
"\x09\x06\x54\x0c\x64\x70\xc0\xc3\x30\xa0\x62\x60\x0e\x79\x18\x90"
"\x76\x06\x1a\x11\x08\x5c\x30\x8e\xe1\x0c\x06\x3e\x18\xc7\x70\x06"
"\x45\x1f\x0c\x64\x08\xd0\xe0\x0c\x52\x70\x06\x1b\xe0\x92\x01\x15"
"\x03\x84\x4c\xc9\x80\x8a\x8c\x40\xa6\x64\x40\x45\xc6\x20\x4d\x12"
"\x11\x08\x64\x30\x90\x20\x0c\x2a\xc8\x22\x15\x6d\x70\x02\x48\x08"
"\x0e\x05\xc6\xa6\xe4\x0d\x20\x00\x25\x6f\x00\x52\x88\xc0\xa7\x24"
"\xc1\x10\x83\x02\x08\x41\x30\xd0\x5e\x81\x90\x53\x1b\x80\x6f\x11"
"\x82\x01\x25\x03\x4f\x00\x76\x60\x10\x4a\xc4\xb4\x60\x40\xc5\x30"
"\x31\xba\x20\x0c\xa8\x18\x1a\x46\x17\x84\x01\x15\x40\xc3\xe8\x82"
"\x40\x82\x20\xa8\x60\x88\x54\xe0\xc1\x09\x20\x21\x38\x14\x18\x1b"
"\x1f\x08\x86\x1e\xa4\x64\x0f\x60\x40\x06\x79\x00\xbe\x85\x09\x02"
"\xc4\x00\x00\x00\x09\x00\x00\x00\x5b\x06\x29\x50\x83\x2d\x83\x26"
"\xc5\xc1\x96\xe1\x0d\x02\x35\xd8\x32\xdc\x81\x24\x07\x5b\x06\x50"
"\x08\xd4\x60\xcb\x80\x0a\xd2\x1c\x00\x00\x00\x00\x41\x62\x00\x00"
"\x14\x00\x00\x00\x0b\x86\x00\x80\x89\x05\x43\x00\xa4\xc4\x82\x21"
"\x00\x4e\x62\xc1\x10\x00\x24\xb1\x60\x08\x80\x90\x58\x50\x0c\x42"
"\x00\xc8\xc3\x02\x22\x10\x80\x75\x58\x30\x04\x00\x3a\x2c\x30\x06"
"\x42\x08\x00\x5f\x58\x70\x14\x03\x10\x10\x02\x2e\x2c\x30\x84\x21"
"\x20\x80\x5b\x98\x30\x04\x00\x33\xa1\x00\x84\x60\x58\x26\x10\x01"
"\x20\x08\x00\x00\x00\x00\x00\x00\x61\x28\x00\x00\x1c\x00\x00\x00"
"\x23\x08\x88\xb0\x40\x00\x00\x00\x02\x00\x00\x00\x34\x94\x40\x41"
"\x00\x00\x00\x00\x72\x58\xcc\x17\x08\x81\x32\x00\x75\x03\x1b\x50"
"\x41\x34\x83\x16\x0c\xa8\x00\x8e\x81\x08\x06\x54\x0c\xc7\x00\x05"
"\x2a\x08\xa0\x0c\x41\x88\x0f\x84\x01\x41\x03\x82\xc9\x90\x60\x40"
"\x06\x0c\xf8\x84\x21\x08\x10\x03\x03\x00\x00\x00\x5b\x86\x24\x50"
"\x83\x2d\x83\x23\x59\x00\x00\x00\x41\x62\x00\x00\x03\x00\x00\x00"
"\x0b\x86\x00\x48\x85\x09\x43\x00\x0c\x00\x00\x00\x00\x00\x00\x00"
"\x61\x28\x00\x00\x06\x01\x00\x00\x23\x08\xa8\xb0\x40\x00\x00\x00"
"\x1c\x00\x00\x00\x34\x94\x00\x11\xa5\x51\x22\xa5\x40\x43\x19\x50"
"\x50\x08\x05\x42\x43\x81\x0f\xd0\x36\x16\x02\x04\xc2\x40\x14\xc6"
"\x31\x02\x40\x43\x41\xd0\x36\x16\x32\x0c\xc3\x30\x0c\xc3\x30\x16"
"\x02\x0a\xa0\x00\x0a\xa0\x00\x0a\xa0\x00\x0a\xa0\x40\x43\x81\xd0"
"\x36\x16\x02\x41\x10\x04\x41\x10\x44\x43\x61\x14\xfe\xc0\x68\x00"
"\x65\x73\x10\xb4\x80\x07\x78\x80\x07\xa3\x01\x04\x8e\x00\x50\x36"
"\x16\x01\x04\xc2\x30\x16\x31\x0c\xc3\x40\x43\x21\x50\x36\x16\x41"
"\x10\x04\x01\x00\xe1\x61\x00\x00\x06\x00\x00\x00\x2b\x08\x39\x60"
"\x83\x36\x70\x83\x15\xc4\x1c\xb0\x41\x1b\xb8\xc1\x0a\x82\x0e\xd8"
"\xc0\x0d\xda\x00\x52\x1b\x03\xf0\x05\x50\x40\x72\x81\x18\x32\x18"
"\x03\xf3\x09\x44\x40\x66\x81\x18\x24\x17\x88\x41\x7c\x61\x20\x2a"
"\x00\x54\x0d\x83\xac\x63\x88\x00\x37\x0c\xa8\x18\x08\x21\x19\x06"
"\x54\x0c\xbc\x20\x9c\xc1\x30\xa0\x62\xf0\x05\x61\x0c\x86\x01\x15"
"\x84\x24\x54\x43\x22\xcc\x00\x04\x56\x40\x80\x40\x21\x87\x60\xc4"
"\x05\x42\x62\x90\x20\x08\xa8\x48\x83\x43\x81\xc1\x28\x50\x03\x44"
"\x81\xc0\x28\x58\x83\x43\x81\xc0\xe5\x1c\x82\xa1\x82\x00\x10\x12"
"\xb0\x0a\x86\x48\xd0\x1b\x9c\x00\x12\x82\x43\x41\xb4\x69\xb2\x03"
"\x18\x90\x81\x05\x3e\x62\x08\x06\x54\x0c\x26\x11\x18\x83\xdc\x83"
"\x51\x00\xdf\x54\x04\x64\x1f\x06\xa2\x02\x40\x95\x1f\x0c\x21\xff"
"\x00\x0f\xc8\xe7\x18\x81\x04\x05\x3c\x20\xdf\x72\x04\x68\xc0\x03"
"\x8d\x08\x84\x02\x71\xc8\x80\x8a\x01\x27\x8e\x31\x40\x06\x54\x6c"
"\xf4\x70\x8c\x01\x32\xa0\x62\xa3\x87\x63\x43\x06\x54\x6c\xf6\x70"
"\x6c\x48\x44\x20\x14\x44\x7c\x20\x04\x7c\x40\x04\x31\x10\x41\x0c"
"\x4a\xd8\x42\x09\x5b\xa4\x04\x14\x4e\x00\x29\xa1\x70\x28\x08\x05"
"\x40\xc5\x70\xa8\x10\x0e\x09\xcd\x22\xa1\xd9\x14\x95\x02\x04\xa0"
"\xa8\x14\x40\x0a\x15\xf8\x12\x24\x40\x44\xb1\x43\x0c\x0a\x20\x04"
"\xc1\x80\x1b\x87\x40\x62\x1b\xf8\x26\x25\x40\x60\x90\x01\xea\x54"
"\x41\x65\x50\x0e\xe0\x73\x96\x60\x40\xc5\x80\x07\x0a\x6b\x18\x03"
"\x2a\x06\x46\x71\x0d\x03\x85\x41\x2b\x28\x32\x83\x00\xc6\x31\xb4"
"\xc2\xa0\x0e\xe3\x18\x5a\xa1\x58\x87\x81\x0c\x81\x2b\xb4\x42\x0a"
"\x5a\x61\x03\x22\x02\x01\x0d\xd6\xc0\x31\x03\x2a\x06\x69\x99\x98"
"\x01\x15\x99\xb1\x4c\xcc\x80\x8a\xcc\x59\x1a\x26\x22\x10\x88\x81"
"\x04\x61\x50\x41\x16\xa9\xa0\x85\x13\x40\x42\x70\x28\x30\x36\x25"
"\xb6\x00\x01\x28\xb1\x05\x90\x82\x04\xbe\x86\x09\x86\x18\x14\x40"
"\x08\x82\x81\xe6\x0f\x84\xa4\xea\x00\x7c\x93\x13\x0c\xe8\x18\xf4"
"\xa3\x30\x07\x45\x0d\x9a\x01\x1d\x03\x7f\x14\x7a\xa0\x18\xcd\x80"
"\x8e\x01\x1f\x0a\x3c\x50\xd8\xa0\x71\xcf\x80\x8a\xa1\x7a\x0c\x67"
"\x40\xc5\x10\x3d\x86\x33\xa0\x62\x18\x1e\xc3\x41\x01\x3e\x40\x7c"
"\x20\xf8\x81\x40\x82\x20\xa8\x60\x88\x74\xe0\xc3\x09\x20\x21\x38"
"\x14\x20\x9b\x94\x7f\x80\x01\x19\x90\x02\xf8\xa6\x27\x90\x23\xb1"
"\x12\xe0\x9b\xa2\x80\xe4\x05\x31\xc8\x5f\x10\x83\x90\xc6\x40\x54"
"\x00\xa8\x1a\x06\x51\x29\x31\x84\x93\x06\x54\x0c\x44\x94\x48\x03"
"\x2a\x06\x34\x89\xce\x40\x1a\x50\x31\xa8\x49\x34\x06\xd2\x80\x0a"
"\x42\x8a\x2a\x29\x11\x2c\x01\x02\x2b\x20\x40\xa0\xa8\x46\x30\xe2"
"\x02\x21\x31\x48\x10\x04\x54\xbc\xc4\xa1\xc0\x60\x14\xc0\x04\xa2"
"\x40\x60\x14\xc4\xc4\xa1\x40\xe0\xd2\x1a\xc1\x50\x41\x00\x08\x09"
"\x58\x05\x43\x24\xa8\x26\x4e\x00\x09\xc1\xa1\x20\xda\x34\xf1\x04"
"\x0c\xc8\xc0\x02\xdf\x24\x05\x03\x6a\x06\x59\x21\x64\x05\x82\x89"
"\x84\x17\x1a\x50\x78\x0c\xa9\x05\x01\x62\x00\x00\x1a\x00\x00\x00"
"\x5b\x06\x21\x48\x83\x2d\xc3\x11\x9c\xc1\x96\x41\x0a\xd2\x60\xcb"
"\x40\x05\x6a\xb0\x65\xd8\x82\x34\xd8\x32\x90\x81\x54\x6d\x19\xd0"
"\x20\x38\x83\x2d\x03\x1e\x04\x6a\xb0\x65\xc8\x83\x40\x0d\xb6\x0c"
"\xa6\x20\xc5\xc1\x96\xa1\x17\x02\x35\xd8\x32\x94\x83\x24\x07\x5b"
"\x06\x79\x08\xd4\x60\xcb\x90\x0f\xd2\x1c\x6c\x19\xfc\x21\x38\x83"
"\x2d\x43\x4a\x04\x69\xb0\x65\x58\x89\x40\x0d\xb6\x0c\x32\x11\xa4"
"\xc1\x96\x61\x27\xa4\x0a\x00\x00\x41\x62\x00\x00\x23\x00\x00\x00"
"\x0b\x88\x40\x00\x70\x63\xc1\x10\x00\xac\xb1\x60\x08\x00\xd1\x58"
"\x30\x04\x80\x5e\x2c\x18\x02\x00\x2f\x16\x0c\x01\x30\x17\x0b\x86"
"\x00\x80\x8b\x05\x43\x00\x9c\xc5\x82\x02\x18\x84\x00\x2c\x16\x10"
"\x01\x20\xe4\xc4\x82\x21\x00\x6a\x62\x01\x11\x00\x42\x49\x2c\x18"
"\x02\x80\x24\x16\x18\xc0\x40\x08\x81\x48\x2c\x38\x8a\x01\x08\x08"
"\xe1\x1f\x16\x10\x02\x10\xf8\xc3\x02\x03\x08\x88\x41\xd8\x87\x05"
"\x44\x20\x00\xf2\xb0\x60\x08\x00\x73\x58\x70\x0c\x05\x10\x08\x44"
"\x28\x4c\x38\x00\x22\x18\x84\x62\x9a\x30\x04\x80\x34\x61\x08\x80"
"\x67\x02\x11\x00\x82\x33\x61\x08\x80\x01\x00\x00\x00\x00\x00\x00"
"\x61\x28\x00\x00\x1d\x01\x00\x00\x23\x08\xa8\xb0\x40\x00\x00\x00"
"\x1c\x00\x00\x00\x44\x94\x46\x89\x94\x02\x0d\x25\x50\x06\x14\x14"
"\x42\x81\xd0\x50\xe0\x03\x74\x8d\x05\x01\x81\x30\x10\x85\x71\x20"
"\x89\xb2\x30\x8d\xf3\x8c\x00\x8c\x05\x0d\xc3\x30\x0c\xc3\x30\x0c"
"\xc3\x30\x0c\xc3\x30\xd0\x50\x20\x74\x8d\x05\x41\x10\x04\x41\x10"
"\x04\x41\x10\x04\x41\x10\x04\xd1\x50\x18\x85\x3f\x30\x1a\x40\xd9"
"\x1c\x04\x2c\xe0\x01\x1e\xe0\xc1\x68\x00\x81\x23\x00\x94\x8d\x45"
"\x00\x81\x30\x8c\x45\x0c\xc3\x30\xd0\x50\x08\x94\x8d\x45\x10\x04"
"\x41\x00\x00\x00\xe1\x61\x00\x00\x06\x00\x00\x00\x2b\x08\x39\x60"
"\x83\x36\x70\x83\x15\xc4\x1c\xb0\x41\x1b\xb8\xc1\x0a\x82\x0e\xd8"
"\xc0\x0d\xda\x00\xa4\x16\x06\xa2\x02\x40\xc9\x2c\x10\x23\x05\x1f"
"\x08\x94\x5a\x08\x86\x12\x06\x89\x0b\x04\x22\x20\x41\x10\xc8\x2c"
"\x10\x03\x05\xdf\xa1\x40\x60\x14\x80\x01\xa2\x40\x60\x14\x84\xc1"
"\xa1\x40\xe0\xa2\x0b\xc1\x50\x41\x00\x28\x09\x38\x39\x69\x00\x02"
"\x45\x1c\x82\xa1\x9c\x41\xe2\x02\x21\x0a\x48\x10\x04\x74\xac\xc1"
"\xa1\x00\x61\x14\xb0\x01\xa2\x40\x60\x14\xb4\xc1\xa1\x40\xe0\x62"
"\x0e\xc1\x50\x41\x00\x12\x09\xc0\x17\x40\x01\x81\x07\x62\xc8\x40"
"\x0f\xcc\x27\x10\x81\x72\x06\x59\xc3\x10\x01\x6e\x18\x50\x31\x10"
"\x42\x32\x0c\xa8\x18\x44\x42\x38\x83\x61\x40\xc5\x40\x12\xc2\x18"
"\x0c\x03\x2a\x08\x4a\xa8\x86\x44\xe0\x01\x08\xac\x80\x00\x81\x72"
"\x0f\xc1\x88\x0b\x84\x32\x30\x48\x10\x04\x54\xfc\xc1\xa1\xc0\x60"
"\x14\x80\x02\xa2\x40\x60\x14\x84\xc2\xa1\x40\xe0\xa2\x0f\xc1\x50"
"\x41\x00\x08\x09\x58\x05\x43\x24\x88\x14\x4e\x00\x09\xc1\xa1\x20"
"\xda\x34\xa1\x02\x0c\xc8\xc0\x02\x1f\x31\x04\x03\x2a\x06\xb6\x08"
"\x8c\x41\xc6\x41\x1a\x80\x6f\x2a\x02\xe2\x12\x03\x51\x01\xa0\x6a"
"\x0d\x86\x90\x6c\xd0\x0a\xe4\x73\x8c\x40\xb6\x41\x2b\x90\x6f\x39"
"\x02\x34\xb4\x82\x46\x04\x42\x81\x38\x64\x40\xc5\xe0\x17\xc7\x84"
"\x0c\xa8\xb8\x7c\xe2\x98\x90\x01\x15\x97\x4f\x1c\x0d\x12\x11\x08"
"\xc4\x40\x82\x2f\xa8\xe0\x8a\x54\xc8\xc2\x09\x20\x21\x38\x14\x18"
"\x9b\x12\x5a\x80\x00\x94\xd0\x02\x48\xa1\x01\x5f\x82\x04\x43\x0c"
"\x0a\x20\x04\xc1\x00\x7b\x07\x42\x3e\x12\xf8\x26\x25\x40\x17\x04"
"\x88\xc2\x05\x95\xc1\x3b\x80\xcf\x59\x82\x01\x15\x83\x19\x28\xe0"
"\x61\x0c\xa8\x18\x18\x45\x3c\x0c\x84\xed\x82\xa2\x2e\x80\x71\x0c"
"\xbb\x30\xd0\xc3\x38\x86\x5d\x28\xea\x61\x20\x43\xc0\x0b\xbb\x90"
"\x82\x5d\xd8\x80\x88\x40\xf8\xc4\xc0\x31\x03\x2a\x06\x69\x99\x98"
"\x01\x15\x99\xb1\x4c\xcc\x80\x8a\xcc\x59\x1a\x26\x22\x10\x88\x81"
"\x04\x61\x50\x41\x16\xa9\x10\x87\x13\x40\x42\x70\x28\x30\x36\x25"
"\xe4\x00\x01\x28\x21\x07\x90\x82\x04\xbe\x86\x09\x86\x18\x14\x40"
"\x08\x82\x81\x86\x12\x84\xa4\xd8\x00\x7c\x93\x13\x0c\xe8\x18\x5c"
"\xa4\xa0\x05\x45\x0d\x9a\x01\x1d\x03\x8c\x14\x7a\xa0\x18\xcd\x80"
"\x8e\xc1\x1c\x0a\x3c\x50\xd8\xa0\x71\xcf\x80\x8a\xa1\x7a\x0c\x67"
"\x40\xc5\x10\x3d\x86\x33\xa0\x62\x18\x1e\xc3\x41\x41\x48\x40\x7c"
"\x20\xd4\x81\x40\x82\x20\xa8\x60\x88\x74\x90\xc4\x09\x20\x21\x38"
"\x14\x20\x9b\x14\x94\x80\x01\x19\xec\x01\xf8\xa6\x27\x90\xf0\x80"
"\x0e\xe0\x9b\xa2\x40\x9d\xc3\x20\x2a\x1d\x86\x70\xd2\x80\x8a\x81"
"\x88\x12\x69\x40\xc5\x40\x27\xd1\x19\x48\x03\x2a\x06\x3b\x89\xc6"
"\x40\x1a\x50\x41\x98\x46\x54\x49\x89\x88\x09\x10\x58\x01\x01\x02"
"\x05\x36\x82\x11\x17\x08\xfe\x60\x90\x20\x08\xa8\xc0\x89\x43\x81"
"\xc1\x28\xc8\x09\x44\x81\xc0\x28\xd0\x89\x43\x81\xc0\x65\x36\x82"
"\xa1\x82\x00\x10\x12\xb0\x0a\x86\x48\x50\x4f\x9c\x00\x12\x82\x43"
"\x41\xb4\x69\x0a\x0b\x18\x90\x81\x05\xbe\x49\x0a\x06\xd4\x0c\xbe"
"\x42\xf8\x0a\x84\x12\x09\x2d\x34\x78\xf0\x18\x52\x0b\x02\xc4\x00"
"\x22\x00\x00\x00\x5b\x06\x20\x38\x83\x2d\x83\x10\xa4\xc1\x96\x81"
"\x08\xd2\x60\xcb\x70\x04\x6a\xb0\x65\x40\x82\x34\xd8\x32\x3c\x41"
"\x1a\x6c\x19\xa6\x20\x0d\xb6\x0c\x56\xa0\x06\x5b\x86\x2e\x48\x83"
"\x2d\x43\x18\x04\x69\xb0\x65\x68\x83\x20\x0d\xb6\x0c\x6f\x10\xa8"
"\xc1\x96\xc1\x0e\x82\x34\xd8\x32\xfc\x81\x54\x6d\x19\x46\x21\x38"
"\x83\x2d\x43\x2c\x04\x6a\xb0\x65\xc8\x05\x29\x0e\xb6\x0c\xef\x10"
"\xa8\xc1\x96\xe1\x1e\x24\x39\xd8\x32\x90\x44\xa0\x06\x5b\x86\x95"
"\x90\xe6\x60\xcb\x70\x13\x41\x1a\x6c\x19\x72\x22\x50\x83\x2d\x03"
"\x58\x04\x69\xb0\x65\x48\x0b\xa9\x02\x00\x00\x00\x41\x62\x00\x00"
"\x29\x00\x00\x00\x0b\x88\x40\x00\x7c\x63\xc1\x10\x00\xb2\xb1\x60"
"\x08\x00\xd6\x58\x30\x04\x00\x69\x2c\x18\x02\x40\x34\x16\x0c\x01"
"\xd0\x17\x0b\x86\x00\xd0\x8b\x05\x43\x00\xc4\xc5\x82\x02\x18\x84"
"\x40\x2d\x16\x10\x01\x20\x8c\xc5\x82\x21\x00\xc0\x62\xc1\x10\x00"
"\x37\xb1\xc0\x00\x06\x42\x08\x6a\x62\xc1\x51\x0c\x40\x40\x08\x32"
"\xb1\x80\x10\x80\x20\x26\x16\x18\x40\x40\x0c\x82\x4b\x2c\x20\x02"
"\x01\x28\x89\x05\x43\x00\xe4\xc3\x82\x22\x00\x84\x21\x1e\x16\x10"
"\x01\x20\xa0\xc3\x82\x62\x00\x02\xe1\x1c\x16\x10\x01\x20\x98\xc3"
"\x82\x22\x00\x84\xa1\x1c\x16\x10\x01\x20\xf8\xc2\x84\x03\x20\x82"
"\x41\x28\xa6\x09\x43\x00\x48\x13\x86\x00\x78\x26\x10\x01\x20\x38"
"\x13\x86\x00\x18\x00\x00\x00\x00\x00\x00\x00\x00\x61\x28\x00\x00"
"\x93\x00\x00\x00\x23\x08\x92\xb0\x40\x00\x00\x00\x04\x00\x00\x00"
"\x44\x94\x46\x89\x94\x02\x0d\x05\x54\x02\x65\x50\x10\x00\x00\x00"
"\xa4\x14\x06\xa2\x02\x40\xc9\x28\x10\x23\x05\x0f\x08\x94\x52\x08"
"\x86\x12\x06\x89\x0b\x04\x22\x20\x41\x10\xc8\x28\x10\x03\x05\xcf"
"\xa1\x40\x60\x14\x40\x88\x02\x81\x51\x10\x1d\x0a\x04\x56\x41\x00"
"\x28\x09\x38\x39\x19\x08\x14\x59\x08\x06\x22\xb0\x43\x41\xc1\x28"
"\xc8\x10\x05\x02\xa3\x40\x3b\x14\x08\x5c\x66\x21\x18\x64\x17\x88"
"\x21\x83\x32\x30\x5f\x50\x04\x2a\x19\x64\x0d\x43\x04\xb8\x61\x08"
"\x44\xfe\xff\xff\xff\x0f\xc3\x77\xa4\x00\x0c\x32\x60\x19\x43\x04"
"\x38\x62\x40\xc5\xa0\x04\xc9\x30\xa0\x62\xf0\x85\xe0\x0c\x86\x01"
"\x15\x03\x38\x04\x63\x30\x0c\xa8\x20\xac\xa0\x1a\x12\x51\x06\x20"
"\xb0\x02\x02\x04\x4a\x39\x04\x23\x2e\x10\xc6\xc0\x20\x41\x10\x50"
"\xd1\x06\x87\x02\x83\x51\xe0\x06\x88\x02\x81\x51\xf0\x06\x87\x02"
"\x81\x0b\x3a\x04\x43\x05\x01\x20\x24\x60\x15\x0c\x91\xa0\x38\x38"
"\x01\x24\x04\x87\x82\x68\xd3\x54\x07\x30\x20\x83\x0c\x7c\xc2\x10"
"\x0c\xa8\x18\xe0\x40\x48\x88\x01\x15\x83\x4a\x08\x67\x40\x0c\xa8"
"\x18\x58\x42\x18\x03\x62\x40\x05\x81\x09\x15\x91\x88\x3d\x00\x81"
"\x15\x10\x20\x50\xf6\x21\x18\x71\x81\x90\x07\x06\x09\x82\x80\x8a"
"\x51\x38\x14\x18\x8c\x02\x52\x40\x14\x08\x8c\x82\x52\x38\x14\x08"
"\x5c\xfc\x21\x18\x2a\x08\x00\x21\x01\xab\x60\x88\x04\x9d\xc2\x09"
"\x20\x21\x38\x14\x44\x9b\xa6\x55\x80\x01\x19\xb0\x01\xf8\x0a\x22"
"\x18\x50\x31\xd0\x05\x20\x07\xc4\x80\x8a\xc1\x2e\x00\x84\x90\xa6"
"\xe0\x07\xe0\x43\x8c\x80\xcc\xc4\x40\x50\x40\x80\x0a\x00\x55\xa1"
"\x40\x04\x22\x0c\x70\xc7\x80\x0a\xa2\x39\xfc\xc2\x18\x50\x01\x1c"
"\x07\x62\x0c\xa8\x18\x8e\xc3\x30\x54\x10\x40\x19\x82\x10\x1f\x08"
"\x43\x2e\xa0\x01\x17\x30\x19\xe4\x00\x03\x32\x48\xc0\x87\x1c\x01"
"\x0b\x10\x03\x00\x19\x00\x00\x00\x5b\x06\x20\x38\x83\x2d\x83\x10"
"\xa4\xc1\x96\x81\x08\xd2\x60\xcb\x70\x04\x6a\xb0\x65\x40\x82\x34"
"\xd8\x32\x48\x41\x1a\x6c\x19\xb2\x20\x0d\xb6\x0c\x5a\x90\x06\x5b"
"\x06\x35\x08\xd2\x60\xcb\xc0\x06\x81\x1a\x6c\x19\xe6\x20\x48\x83"
"\x2d\x03\x1f\x48\xd5\x96\x61\x14\x82\x34\xd8\x32\x94\x42\xa0\x06"
"\x5b\x06\x56\x08\xd2\x60\xcb\x50\x0b\x52\xb5\x65\xd0\x85\xe0\x0c"
"\xb6\x0c\xe4\x10\xa8\xc1\x96\x21\x1d\x24\x0b\x00\x41\x62\x00\x00"
"\x0e\x00\x00\x00\x0b\x86\x00\xe0\x89\x05\x43\x00\xec\xc4\x02\x22"
"\x10\x80\x94\x58\x30\x04\x40\x3f\x2c\x28\x00\x61\x08\xe6\x61\x01"
"\x11\x00\x82\x3a\x2c\x18\x02\xe0\x1c\x16\x10\x01\x20\xd4\xc2\x84"
"\x21\x00\x8e\x09\x43\x00\x10\x13\x86\x00\x18\x00\x00\x00\x00\x00"
"\x61\x28\x00\x00\xae\x01\x00\x00\x23\x08\xc2\x20\x2c\x10\x00\x00"
"\x20\x00\x00\x00\x44\x94\x46\x89\x94\x02\x0d\x25\x50\x06\x44\x14"
"\x08\x0d\x05\xfe\xff\xff\xff\x40\xd7\x58\x10\x10\x08\x03\x51\x18"
"\x07\x92\x28\x0b\xd3\x38\xcf\x08\xc0\x58\xd0\x30\x0c\xc3\x30\x0c"
"\xc3\x30\x0c\xc3\x30\x0c\x03\x0d\x05\x42\xd7\x58\x10\x04\x41\x10"
"\x04\x41\x10\x04\x41\x10\x04\x41\x10\x0d\x85\x51\xf8\xff\xff\xff"
"\x0f\xa3\x01\x94\xcd\x41\xbc\x02\x1e\xe0\x01\x1e\x8c\x06\x10\x38"
"\x02\x40\xd9\x58\x04\x10\x08\xc3\x58\xc4\x30\x0c\x03\x0d\x85\x40"
"\xd9\x58\x04\x41\x10\x04\x05\x85\x50\x20\x34\x14\xf8\x40\xe1\x0f"
"\x14\x04\x00\x00\xe1\x61\x00\x00\x0c\x00\x00\x00\x2b\x08\x39\x60"
"\x83\x36\x70\x83\x15\xc4\x1c\xb0\x41\x1b\xb8\xc1\x0a\x82\x0e\xd8"
"\xc0\x0d\xda\x60\x05\x51\x07\x6c\xd0\x06\x6e\xb0\x82\xb0\x03\x36"
"\x68\x03\x37\x58\x41\xdc\x01\x1b\xb8\x41\x1b\x00\x24\x17\x06\xa2"
"\x02\x40\xc9\x2d\x10\x23\x05\x63\x00\x02\x25\x17\x82\xa1\x84\x41"
"\xe2\x02\x81\x08\x48\x10\x04\x72\x0b\xc4\x40\xc1\x18\x1c\x0a\x04"
"\x46\x01\x19\x20\x0a\x04\x46\x41\x19\x1c\x0a\x04\x56\x41\x00\x28"
"\x09\x38\x39\x6d\x00\x02\x88\x60\x83\x43\x41\xc1\x28\x68\x03\x44"
"\x81\xc0\x28\x70\x83\x43\x81\xc0\xe5\x1c\x82\x41\xde\x81\x18\x32"
"\xc8\x03\xf3\x05\x43\xa0\x92\x41\xd6\x30\x44\x80\x13\x06\x54\x0c"
"\x44\x90\x08\x03\x2a\x06\x90\x08\xce\x40\x18\x50\x31\x88\x44\x30"
"\x06\xc2\x80\x0a\x02\x0a\x2a\x21\x11\x77\x00\x02\x2b\x20\x40\xa0"
"\xd8\x43\x30\xe2\x02\x01\x0c\x0c\x12\x04\x01\x15\x7e\x70\x28\x30"
"\x18\x05\x7f\x80\x28\x10\x18\x05\xa0\x70\x28\x10\xb8\xe4\x43\x30"
"\x54\x10\x00\x42\x02\x56\xc1\x10\x09\x1a\x85\x13\x40\x42\x70\x28"
"\x88\x36\x4d\xa7\x00\x03\x32\xb0\xc0\x37\x08\xc1\x80\x0a\xc2\x0e"
"\x00\x49\x18\x50\x41\x90\x02\x40\x06\xc2\x80\x8a\xc1\x2d\x00\x45"
"\x40\xc3\x2b\x1c\x0a\x08\x46\x01\x2c\x20\x0a\x04\x46\x41\x2c\x1c"
"\x0a\x04\x4e\xc8\x2d\x80\x40\x81\x89\x60\x20\xc1\x16\x0e\x05\x03"
"\xa3\xe0\x16\x10\x05\x02\xa3\x00\x17\x0e\x05\x02\x97\x98\x08\xc6"
"\x23\xa4\x34\x50\xc7\x20\x6b\x0d\x86\x08\x70\x0f\xe9\x89\x81\xa8"
"\x00\xd0\xe5\x06\x43\x04\xc8\x37\x28\x07\xf2\x19\x47\x30\xa0\x63"
"\xb0\x8d\x22\x59\xe6\xc0\x19\xd0\x31\xe0\x46\x31\x06\xcb\x2d\x38"
"\x03\x3a\x86\x7f\x28\xca\x60\x89\x03\xc7\x41\x72\x0e\xc0\x81\x7c"
"\x0c\x12\xa0\x04\x1c\x34\x22\x18\x10\xd2\xff\xff\xff\x1f\x06\x97"
"\x0c\xa8\x18\xc4\x03\x99\x92\x01\x15\x17\x69\x20\x53\x32\xa0\xe2"
"\x22\x0d\xa4\x49\x22\x02\x81\x18\x48\xf0\x05\x15\x5c\x91\x8a\x72"
"\x38\x01\x24\x04\x87\x02\x63\x53\x72\x0e\x10\x80\x92\x73\x00\x29"
"\x34\xe0\x53\x92\x60\x88\x41\x01\x84\x20\x18\x60\x21\x41\xc8\x07"
"\x03\x5f\xb4\x04\x43\x20\x66\xff\xff\xff\x7f\x18\x20\x00\x69\xeb"
"\xa0\x32\x08\x09\xf0\x19\x4c\x30\xa0\x62\x30\x83\x85\x44\x8e\x01"
"\x15\x03\xb3\x98\xc8\x81\x3c\x77\xd0\x21\x10\xb9\xff\xff\xff\x3f"
"\x0c\x01\x30\x8e\xc1\x1d\x06\x93\x18\xc7\xe0\x0e\xc5\x49\x0c\x64"
"\x08\xde\xc1\x1d\x52\xe0\x0e\x1b\x10\x11\x0c\x62\xe0\xfb\xff\xff"
"\xff\xc3\xe0\x9a\x01\x15\x83\xc4\x4c\xcd\x80\x8a\xcc\x60\xa6\x66"
"\x40\x45\xe6\x30\x4d\x13\x11\x08\xc4\x40\x82\x30\xa8\x20\x8b\x54"
"\xd4\xc3\x09\x20\x21\x38\x14\x18\x9b\x92\x7b\x80\x00\x94\xdc\x03"
"\x48\x41\x02\x9f\xd3\x04\x43\x0c\x0a\x20\x04\xc1\x40\xd3\x09\x42"
"\x52\x72\x00\xbe\xc8\x08\x06\x54\x0c\xe8\x40\x24\xcf\x80\x8a\x81"
"\x4e\x88\x33\x78\x06\x54\x0c\x76\x42\x8c\xc1\x33\xa0\x82\x80\x07"
"\xa2\x7a\x12\x11\x13\x20\xb0\x02\x02\x04\x0a\x6c\x04\x23\x2e\x10"
"\xf4\xc1\x20\x41\x10\x50\x81\x13\x87\x02\x83\x51\x90\x13\x88\x02"
"\x81\x51\xa0\x13\x87\x02\x81\xcb\x6c\x04\x43\x05\x01\x20\x24\x60"
"\x15\x0c\x91\xa0\x9e\x38\x01\x24\x04\x87\x82\x68\xd3\x14\x16\x30"
"\x20\x03\x54\x00\x5f\xf1\x04\x03\x2a\x86\x0a\x42\x09\x63\x40\xc5"
"\x10\x41\x28\x61\x0c\xa8\x18\x06\x08\x25\x0c\x14\x98\x05\xc4\x07"
"\xc2\x2a\x08\x24\x08\x82\x0a\x86\x48\x47\x5a\x9c\x00\x12\x82\x43"
"\x01\xb2\x49\x69\x0b\x18\x90\x41\x2c\x80\x2f\x82\x82\x01\x1d\x03"
"\x3f\x28\xa8\xe0\x18\x90\x0a\x00\x75\xd2\x80\x0a\x40\x88\xec\x65"
"\x50\x2b\x41\x84\xac\x89\x96\x00\x1f\x18\x4c\x81\x6a\x89\x21\xa4"
"\x4b\x88\x05\xf9\x38\x2a\x90\x2f\x21\x16\xe4\xcb\xaa\x00\x0d\x62"
"\xa1\xce\x1a\x50\x31\xa0\x4c\x35\x59\x03\x2a\x2e\x75\xa9\x26\x6b"
"\x40\xc5\xa5\x2e\x55\x63\x45\x04\x82\x32\x90\xe0\x0b\x2a\xb8\x22"
"\x15\x78\x71\x02\x48\x08\x0e\x05\xc6\xa6\x44\x2f\x20\x00\x25\x7a"
"\x01\x52\x60\xc0\x77\x59\xc1\x10\x83\x02\x08\x41\x30\xc0\x68\x83"
"\x90\x4e\x04\x3e\x0f\x0b\x22\x02\xa1\x7a\xd0\xe4\x17\x2a\x03\xda"
"\x00\x1f\x97\x05\x03\x2a\x06\x32\xc0\xd4\x86\x1a\x50\x31\x30\x18"
"\xdb\x50\xe8\xaa\x0b\x8d\x08\x84\x2d\x18\xc7\x10\x1a\x43\x6e\x8c"
"\x63\x08\x8d\x42\x37\x06\x32\x04\xa2\x11\x1a\x29\x08\x8d\x0d\x70"
"\xda\x80\x8a\x01\xca\x26\x6d\x40\x45\x46\x64\x93\x36\xa0\x22\x63"
"\xb2\x46\x8b\x08\x84\x31\x18\x48\x10\x06\x15\x64\x91\x8a\xd3\x38"
"\x01\x24\x04\x87\x02\x63\x53\x92\x1a\x10\x80\x92\xd4\x00\x29\x44"
"\xe0\xdb\xb4\x60\x88\x41\x01\x84\x20\x18\x68\xec\x41\xc8\x49\x0d"
"\xc0\xe7\x71\xc1\x80\x8e\xc1\x76\x26\x58\xc0\xd0\x60\x1b\xd0\x31"
"\xe0\xce\x84\x07\x98\xb1\x0d\xe8\x00\xc0\x61\xb2\x03\x4c\x0d\x36"
"\xd7\x0d\xa8\x18\xa6\xce\xe0\x06\x54\x0c\x4d\x67\x70\x03\x2a\x80"
"\xa6\x33\x38\x12\x04\x41\x05\x43\xa4\xc2\x3c\x4e\x00\x09\xc1\xa1"
"\xc0\xd8\xf8\x40\x30\xd4\x23\x25\xeb\x01\x03\x32\xc0\x03\xf0\x79"
"\x5d\x30\xa0\x63\x90\x85\x0b\x0c\x36\xa4\x23\x70\x32\x10\x14\x90"
"\x05\xa8\x00\x50\xf7\x0d\xa8\x20\x9a\x8f\x7e\xbc\x01\x15\xc0\xf1"
"\x11\xde\x80\x8a\xe1\xf8\x18\x4f\x05\x01\x94\x21\x08\xf1\x81\x30"
"\xd4\x07\x1a\x7e\x03\x93\xf1\x1f\x30\x20\x03\x53\x00\x1f\x18\x7c"
"\x01\x0b\x10\x03\x2d\x00\x00\x00\x5b\x06\x20\x38\x83\x2d\x83\x10"
"\xa4\xc1\x96\x81\x08\xd2\x60\xcb\x70\x04\x6a\xb0\x65\x40\x82\x34"
"\xd8\x32\x60\x41\x1a\x6c\x19\xb2\x20\x0d\xb6\x0c\x65\x10\xa4\xc1"
"\x96\xe1\x0c\x02\x35\xd8\x32\xb8\x41\x90\x06\x5b\x86\x3b\x90\xaa"
"\x2d\x83\x28\x04\x69\xb0\x65\x48\x85\x20\x0d\xb6\x0c\xae\x10\x9c"
"\xc1\x96\x01\x1c\x02\x35\xd8\x32\xa0\x83\x14\x07\x5b\x06\x7f\x08"
"\xd4\x60\xcb\x60\x12\x92\x1c\x6c\x19\x60\x22\x48\x83\x2d\x83\x4c"
"\x04\x6a\xb0\x65\xc8\x89\x20\x0d\xb6\x0c\x62\x21\x55\x5b\x06\xb4"
"\x08\xd4\x60\xcb\xf0\x16\xd2\x1c\x6c\x19\x44\x23\x50\x83\x2d\x83"
"\x6a\x48\x74\xb0\x65\xf8\x8d\x40\x0d\xb6\x0c\xe7\x21\xd5\xc1\x96"
"\x41\x3e\x02\x35\xd8\x32\xe8\x87\x64\x07\x5b\x06\xfe\x08\xce\x60"
"\xcb\x40\x22\x81\x1a\x6c\x19\x52\x44\xb2\x00\x00\x41\x62\x00\x00"
"\x3a\x00\x00\x00\x0b\x86\x00\xb8\x93\x05\x43\x00\xd8\xc9\x82\x21"
"\x00\xde\x64\xc1\x10\x00\x68\xb2\x60\x08\x00\x33\x59\x30\x04\x40"
"\x98\x2c\x18\x02\xc0\x47\x16\x14\xc0\x20\x04\x2f\xb2\x80\x08\x00"
"\x01\x45\x16\x0c\x01\x50\x22\x0b\x0c\x60\x20\x84\x60\x3f\x16\x1c"
"\xc5\x00\x04\x84\x80\x1f\x0b\x0c\x40\x18\x02\xa2\x3e\x16\x0c\x01"
"\x10\x1f\x0b\x86\x00\x48\x8f\x05\x43\x00\x9c\xc7\x82\x03\x10\x88"
"\x21\x28\xc8\x63\x01\x11\x08\x80\x6f\x2c\x18\x02\x40\x36\x16\x0c"
"\x01\xf0\x1a\x0b\x86\x00\x60\x8d\x05\x43\x00\x8c\xc6\x82\x62\x10"
"\x02\x80\x2f\x16\x10\x81\x00\xd4\xc5\x82\x21\x00\xe4\x62\xc1\x10"
"\x00\x69\xb1\xc0\x18\x08\x21\x00\xce\x62\x01\x21\x00\x01\x58\x2c"
"\x38\x8a\x01\x08\x08\xc1\x27\x16\x0c\x01\x50\x13\x0b\x86\x00\x68"
"\x89\x05\x05\x20\x0c\x01\x49\x2c\x18\x02\x00\x1f\x16\x10\x01\x20"
"\xc8\xc3\x02\x22\x00\x84\x74\x98\x30\x04\xc0\x37\x61\x08\x80\x6e"
"\x02\x11\x00\x02\x37\x61\x08\x00\x69\xc2\x10\x00\xd0\x84\x21\x00"
"\x9e\x09\x44\x00\x08\xc6\x84\x21\x00\x04\x00\x00\x00\x00\x00\x00"
"\x61\x28\x00\x00\x0a\x03\x00\x00\x23\x08\xf4\x20\x2c\x10\x00\x00"
"\x22\x00\x00\x00\x44\x94\x46\x89\x94\x02\x05\x05\x41\xce\x08\x00"
"\x0d\x25\x50\x06\x44\x14\x08\x0d\x05\xfe\xff\xff\xff\x40\xd7\x58"
"\x10\x10\x08\x03\x51\x18\x07\x92\x28\x0b\xd3\x38\xcf\x08\xc0\x58"
"\xd0\x30\x0c\xc3\x30\x0c\xc3\x30\x0c\xc3\x30\x0c\x03\x0d\x05\x42"
"\xd7\x58\x10\x04\x41\x10\x04\x41\x10\x04\x41\x10\x04\x41\x10\x0d"
"\x85\x51\xf8\xff\xff\xff\x0f\xa3\x01\x94\xcd\x41\xc4\x02\x1e\xe0"
"\x01\x1e\x8c\x06\x10\x38\x02\x40\xd9\x58\x04\x10\x08\xc3\x58\xc4"
"\x30\x0c\x03\x0d\x85\x40\xd9\x58\x04\x41\x10\x04\x05\x85\x50\x20"
"\x34\x14\xf8\x40\xe1\x0f\x14\x04\x00\x00\x00\x00\xe1\x61\x00\x00"
"\x12\x00\x00\x00\x2b\x08\x39\x60\x83\x36\x70\x83\x15\xc4\x1c\xb0"
"\x41\x1b\xb8\xc1\x0a\x82\x0e\xd8\xc0\x0d\xda\x60\x05\x51\x07\x6c"
"\xd0\x06\x6e\xb0\x82\xb0\x03\x36\x68\x03\x37\x58\x41\xdc\x01\x1b"
"\xb8\x41\x1b\xac\x20\xf0\x80\x0d\xda\xc0\x0d\x56\x10\x79\xc0\x06"
"\x6d\xe0\x06\x2b\x08\x3d\x60\x03\x37\x68\x03\x00\x64\x17\x06\xa2"
"\x02\x40\x49\x2e\x10\x23\x05\x65\x00\x02\x65\x17\x82\xa1\x84\x41"
"\xe2\x02\x81\x08\x48\x10\x04\x92\x0b\xc4\x40\x41\x19\x1c\x0a\x04"
"\x46\x81\x19\x20\x0a\x04\x46\xc1\x19\x1c\x0a\x04\x2e\xe0\x10\x0c"
"\x15\x04\x80\x92\x80\x93\xf3\x06\x20\x50\xd0\x21\x18\xca\x19\x24"
"\x2e\x10\xa2\x80\x04\x41\x40\x47\x1c\x1c\x0a\x10\x46\x81\x1c\x20"
"\x0a\x04\x46\xc1\x1c\x1c\x0a\x04\x2e\xec\x10\x0c\x15\x04\x20\x99"
"\x3a\x10\x65\x22\x80\xa3\x1b\x02\x3b\x10\x5e\x50\x05\x04\x1f\x88"
"\x21\x03\x51\x30\x9f\x40\x04\x0a\x1a\x64\x0d\x43\x04\xb8\x61\x40"
"\xc5\x40\x08\xc9\x30\xa0\x62\x90\x09\xe1\x0c\x86\x01\x15\x03\x4d"
"\x08\x63\x30\x0c\xa8\x20\x30\xa1\x1a\x12\xe1\x07\x20\xb0\x02\x02"
"\x04\xca\x3f\x04\x23\x2e\x10\xce\xc0\x20\x41\x10\x50\x71\x0a\x87"
"\x02\x83\x51\x80\x0a\x88\x02\x81\x51\x90\x0a\x87\x02\x81\x8b\x48"
"\x04\x43\x05\x01\x20\x24\x60\x15\x0c\x91\x20\x55\x38\x01\x24\x04"
"\x87\x82\x68\xd3\xe4\x0a\x30\x20\x03\x0b\x7c\xc4\x10\x0c\xa8\x20"
"\xfc\x20\x90\x86\x01\x15\x84\x2c\x04\x64\x30\x0c\xa8\x18\x40\x23"
"\x50\x06\x34\xe0\xc2\xa1\x80\x60\x14\xe4\x02\xa2\x40\x60\x14\xe8"
"\xc2\xa1\x40\xe0\x84\x80\x03\x08\x94\x9c\x08\x06\x12\x7e\xe1\x50"
"\x30\x30\x0a\xc0\x01\x51\x20\x30\x0a\xc2\xe1\x50\x20\x70\xd1\x89"
"\x60\xbc\xc2\x48\x03\x75\x0c\xb2\xd6\x60\x88\x00\x17\x11\xb3\x18"
"\x88\xa3\xc8\x59\x0c\x44\x05\x80\xae\x37\x18\x22\x40\xc2\xc1\x3b"
"\x90\x0f\x49\x82\x01\x1d\x83\x7a\x1c\x49\x33\x07\xd0\x80\x8e\x81"
"\x3d\x8e\x31\x68\x6e\x01\x1a\xd0\x31\xfc\xc3\x51\x06\x4d\x1c\x40"
"\x4e\x92\x74\x80\x0e\xe4\x73\x94\x00\x29\xe8\xa0\x11\xc1\x80\x90"
"\xfe\xff\xff\xff\x30\xb8\x65\x40\xc5\x60\x1f\xca\xb4\x0c\xa8\xb8"
"\x68\x43\x99\x96\x01\x15\x17\x6d\x28\xcd\x12\x11\x08\xc4\x40\x82"
"\x2f\xa8\xe0\x8a\x54\xb4\xc3\x09\x20\x21\x38\x14\x18\x9b\x92\x77"
"\x80\x00\x94\xbc\x03\x48\xa1\x01\x1f\xb3\x04\x43\x0c\x0a\x20\x04"
"\xc1\x00\x5b\x09\x42\x3e\x19\xf8\xa6\x26\x18\x02\x31\xfb\xff\xff"
"\xff\xc3\x00\x01\x68\x9b\x07\x95\xc1\x4a\x80\x0f\x71\x82\x01\x15"
"\x83\x19\x34\x38\x92\x0c\xa8\x18\x98\x46\x47\x12\xf4\xd9\x83\x0e"
"\x81\xc8\xfd\xff\xff\xff\x61\x08\x80\x71\x0c\xf6\x30\xc0\xc4\x38"
"\x06\x7b\x28\x62\x62\x20\x43\x70\x0f\xf6\x90\x02\x7b\xd8\x80\x88"
"\x60\x10\x03\xdf\xff\xff\xff\x1f\x06\xf7\x0c\xa8\x18\x24\x67\x7a"
"\x06\x54\x64\x86\x33\x3d\x03\x2a\x32\xc7\x69\x9e\x88\x40\x20\x06"
"\x12\x84\x41\x05\x59\xa4\xa2\x1f\x4e\x00\x09\xc1\xa1\xc0\xd8\x94"
"\xfc\x03\x04\xa0\xe4\x1f\x40\x0a\x12\xf8\xa0\x27\x18\x62\x50\x00"
"\x21\x08\x06\x1a\x59\x10\x92\x9a\x03\xf0\x4d\x48\x30\xa0\x62\x50"
"\x87\x22\x89\x06\x54\x0c\xa8\x52\x9c\x41\x34\xa0\x62\x50\x95\x62"
"\x0c\xa2\x01\x15\x84\x3c\x14\x55\x94\x88\x9c\x00\x81\x15\x10\x20"
"\x50\x74\x23\x18\x71\x81\x20\x12\x06\x09\x82\x80\x0a\xb1\x38\x14"
"\x18\x8c\x82\xb1\x40\x14\x08\x8c\x02\xb2\x38\x14\x08\x5c\x7a\x23"
"\x18\x2a\x08\x00\x21\x01\xab\x60\x88\x04\x95\xc5\x09\x20\x21\x38"
"\x14\x44\x9b\xa6\xb4\x80\x01\x19\xa4\x02\xf8\x8e\x28\x18\x50\x31"
"\x54\x12\x4a\x20\x03\x2a\x86\x48\x42\x09\x64\x40\xc5\x30\x48\x28"
"\x81\xa0\xc0\x2d\x20\x3e\x10\x56\x41\x20\x41\x10\x54\x30\x44\x3a"
"\xe2\xe2\x04\x90\x10\x1c\x0a\x90\x4d\x4a\x5d\xc0\x80\x0c\x62\x01"
"\x7c\x93\x14\x0c\xe8\x18\xf8\x81\x41\x05\xc8\x90\x54\x00\xa8\xa3"
"\x06\x54\x0c\x6e\x61\xb0\xc5\x34\xa0\x02\x60\x19\x83\x98\x90\x90"
"\x0e\xa0\x02\x40\x95\x4d\x0c\x31\xc4\x00\x89\x42\x10\x0c\x9e\xf4"
"\x20\x84\xe0\x2f\x5c\x1e\xa8\x9b\x20\xe2\x61\xd6\x4a\xc8\xb0\xc8"
"\x09\xf0\xa1\xc1\x15\x28\x9c\x18\x44\xe9\xc4\x10\xee\x0c\x08\x89"
"\x10\x43\x06\xae\x61\xbe\x4c\x0b\x14\x4f\x0c\xb2\x86\x21\x02\x5c"
"\x19\x0c\xa8\x20\xd4\x04\x3b\x89\x32\x18\x50\x41\xf8\x09\x56\x0f"
"\x65\x30\xa0\x62\x60\x1b\xec\x25\xca\x40\xae\xc5\x58\x80\x0f\x0d"
"\xb6\x80\xb8\xc8\x40\x54\x00\xa8\x2a\x8b\x21\xa4\x59\xe8\x05\xf9"
"\xb8\x2e\x18\xd0\x31\xe0\xcd\x96\x84\xc1\x1c\x90\xc1\x80\x8e\x41"
"\x6f\xb6\x31\x08\x83\x5b\x20\x83\x01\x1d\x03\xb4\x95\x41\x18\xc4"
"\x01\x19\x38\x33\x90\x6a\xd1\x17\xe4\x13\x03\x2f\x40\x46\x5f\x68"
"\x44\x20\x20\x8b\xfb\x06\x54\x0c\xa4\xe3\x4d\xdf\x80\x8a\x4b\x6c"
"\xbc\xe9\x1b\x50\x71\x89\x8d\xd7\x7c\x11\x81\x40\x0c\x24\xf8\x82"
"\x0a\xae\x48\x05\x6d\x9c\x00\x12\x82\x43\x81\xb1\x29\xb1\x0d\x08"
"\x40\x89\x6d\x80\x14\x1a\xf0\x81\xc1\x17\x0c\x31\x28\x80\x10\x04"
"\x03\x4c\x3e\x08\xf9\x54\xe0\x43\x83\x30\x08\x90\x06\x01\xba\x74"
"\x43\x65\x20\x1f\xe0\xe3\xc4\x20\x18\x50\x31\x98\x41\x18\x98\x4f"
"\x37\xa0\x62\x60\xc2\x00\x7d\x3a\xb4\xc5\x86\x22\x30\x08\x60\x1c"
"\x43\x6f\x0c\xf7\x31\x8e\xa1\x37\x0a\xfc\x18\xc8\x10\xf8\x46\x6f"
"\xa4\xa0\x37\x36\x20\x22\x10\xc4\xa0\x0c\xdc\x18\x0c\xa8\x18\x24"
"\x31\x98\xc6\x60\x40\x45\x66\x88\xc1\x34\x06\x03\x2a\x32\x47\x0c"
"\x9a\x31\x88\x08\x04\x62\x20\x41\x18\x54\x90\x45\x2a\xc8\xe3\x04"
"\x90\x10\x1c\x0a\x8c\x4d\x89\x79\x40\x00\x4a\xcc\x03\xa4\x20\x81"
"\x8f\x0c\xc6\x20\x18\x62\x50\x00\x21\x08\x06\xda\x8a\x10\x92\x7a"
"\x03\xf0\xa1\x01\x17\x0c\xa8\x18\xe0\x21\x4b\xca\x60\x40\xc5\x60"
"\x43\xd9\x19\x94\xc1\x80\x8a\x01\x87\xb2\x31\x28\x83\x01\x15\x04"
"\xcf\x64\x55\x19\x24\x02\x44\x40\x60\x05\x04\x08\x94\x50\x09\x46"
"\x5c\x20\xa4\x87\x41\x82\x20\xa0\x22\x45\x0e\x05\x06\xa3\x40\x45"
"\x10\x05\x02\xa3\x60\x45\x0e\x05\x02\x17\x52\x09\x86\x0a\x02\x40"
"\x48\xc0\x2a\x18\x22\x41\x2c\x72\x02\x48\x08\x0e\x05\xd1\xa6\x09"
"\x46\x60\x40\x06\xac\x00\x3e\xad\x0c\x82\x01\x15\x43\x65\x06\x28"
"\xc1\x0d\xa8\x18\x22\x33\x40\x09\x6e\x40\xc5\x30\x98\x01\x4a\x70"
"\x28\xa8\x11\x88\x0f\x84\x55\x10\x48\x10\x04\x15\x0c\x91\x0e\x1c"
"\x39\x01\x24\x04\x87\x02\x64\x93\xc2\x23\x30\x20\x83\x58\x00\x1f"
"\x1a\x98\x41\x30\xa0\x62\xe0\x8b\x2b\x39\x83\x01\x15\x83\x2e\x5d"
"\x67\x70\x06\x03\x2a\x06\x5e\xba\xc6\xe0\x0c\x06\x54\x10\xe0\x73"
"\x55\x67\x90\x08\x31\x01\x81\x15\x10\x20\x50\xc6\x25\x18\x71\x81"
"\xb0\x22\x06\x09\x82\x80\x8a\x35\x39\x14\x18\x8c\x02\x36\x41\x14"
"\x08\x8c\x82\x36\x39\x14\x08\x5c\xcc\x25\x18\x2a\x08\x00\x21\x01"
"\xab\x60\x88\x04\xb9\xc9\x09\x20\x21\x38\x14\x44\x9b\x26\x39\x81"
"\x01\x19\xc8\x03\xf8\xd0\xe0\x0c\x82\x01\x35\x04\x6f\x68\x26\x64"
"\xf1\x06\x19\xf0\x06\x18\xf0\x86\x19\x48\x67\x30\xa0\x86\xe0\x0d"
"\x4d\x87\x2c\xde\x20\x03\xde\x00\x03\xde\x30\x03\x32\x38\x83\x01"
"\x35\x03\x4a\x69\x28\x65\xe1\x03\x19\xb0\x05\x18\xd8\x81\x19\x28"
"\x67\x80\x06\x3e\x39\x14\x10\x8c\x82\x3e\x41\x14\x08\x8c\x02\x3f"
"\x39\x14\x08\x9c\x10\x52\x01\x81\xd2\x2f\xc1\x40\xc2\xa8\x1c\x0a"
"\x06\x46\x01\xa9\x20\x0a\x04\x46\x41\xa9\x1c\x0a\x04\x2e\xfe\x12"
"\x0c\x62\x32\xc4\x90\x01\xac\x98\x2f\x0d\xee\x20\x50\xc9\x20\x6b"
"\x18\x22\xc0\xd1\x01\x61\x99\x81\xa8\x00\xd0\x65\x0c\x11\x20\x0f"
"\x5a\x21\xdf\x1a\xb0\x41\x30\xa0\x63\xa0\x2b\x35\x48\xe0\x60\x0e"
"\xe6\x60\x40\xc7\x60\x57\x6a\x30\x06\x70\x70\x0b\x73\x30\xa0\x63"
"\xf8\x07\x35\x28\x03\x38\x88\x83\x39\x70\x75\x20\x97\x56\x21\x5f"
"\x1c\xb4\x41\x80\x92\x56\xd1\x88\x60\x40\x48\xff\xff\xff\x7f\x18"
"\x9c\x1b\x0c\xa8\x18\x40\xab\x0d\x26\x37\x18\x50\x71\xf9\x54\x1b"
"\x4c\x6e\x30\xa0\xe2\xf2\xa9\x36\x68\xdc\x20\x22\x10\x88\x81\x04"
"\x5f\x50\xc1\x15\xa9\x90\x95\x13\x40\x42\x70\x28\x30\x36\x25\xb4"
"\x02\x01\x28\xa1\x15\x90\x42\x03\xbe\x37\x70\x83\x60\x88\x41\x01"
"\x84\x20\x18\x60\xf0\x42\xc8\x07\x03\x9f\x1d\xc0\x41\x30\x04\x62"
"\xf6\xff\xff\xff\x87\x01\x02\x90\x86\x2b\x2a\x03\x78\x01\xdf\x1a"
"\xc4\x41\x30\xa0\x62\x30\x03\x38\x10\x2f\x36\x18\x50\x31\x30\x70"
"\x40\x5e\x6c\x80\xbc\x5d\xd1\x21\x10\xb9\xff\xff\xff\x3f\x0c\x01"
"\x30\x8e\x61\x57\x86\x7a\x19\xc7\xb0\x2b\x85\xbd\x0c\x64\x08\x78"
"\x65\x57\x52\xb0\x2b\x1b\x10\x11\x0c\x62\xe0\xfb\xff\xff\xff\xc3"
"\xe0\xe4\x60\x40\xc5\x20\xc5\xc1\x24\x07\x03\x2a\x32\x23\x0e\x26"
"\x39\x18\x50\x91\x39\x71\xd0\xc8\x41\x44\x20\x10\x03\x09\xc2\xa0"
"\x82\x2c\x52\x21\x2e\x27\x80\x84\xe0\x50\x60\x6c\x4a\xc8\x05\x02"
"\x50\x42\x2e\x20\x05\x09\x7c\x73\x20\x07\xc1\x10\x83\x02\x08\x41"
"\x30\xd0\x52\x86\x90\x94\x1c\x80\xcf\x0e\xd6\x20\x18\x50\x31\xa0"
"\x43\x1a\x24\x74\x30\xa0\x62\x90\xb1\x34\x38\x03\x3a\x18\x50\x31"
"\xd0\x58\x1a\x8c\x01\x1d\x0c\xa8\x20\xe8\x21\x0d\x2a\x3a\x48\x84"
"\xbf\x80\xc0\x0a\x08\x10\x28\x7f\x13\x8c\xb8\x40\x38\x17\x83\x04"
"\x41\x40\xc5\xc9\x1c\x0a\x0c\x46\x01\xca\x20\x0a\x04\x46\x41\xca"
"\x1c\x0a\x04\x2e\xa2\x13\x0c\x15\x04\x80\x90\x80\x55\x30\x44\x82"
"\x54\xe6\x04\x90\x10\x1c\x0a\xa2\x4d\x93\xcb\xc0\x80\x0c\x50\x01"
"\x7c\x6a\x40\x07\xc1\x80\x8a\xa1\xaa\x03\x94\x58\x83\x01\x15\x43"
"\x54\x07\x28\xb1\x06\x03\x2a\x86\xa1\x0e\x50\x62\x0d\x50\x30\x33"
"\x10\x1f\x08\xab\x20\x90\x20\x08\x2a\x18\x22\x1d\x36\x73\x02\x48"
"\x08\x0e\x05\xc8\x26\x45\x67\x60\x40\x06\xb1\x00\x3e\x3b\xa8\x83"
"\x60\x40\xc7\xc0\x0f\x6f\x80\x0a\x73\x60\xd4\x81\x0a\x00\x75\x77"
"\x30\xa0\x02\x10\xec\x80\xd6\xd0\x40\x86\x4c\xbe\x80\x2f\x0f\xf0"
"\x20\x18\x50\x41\x34\x78\x60\x6b\x77\x30\xa0\x02\x38\xf0\xc0\xb8"
"\x83\x01\x15\xc3\x81\x07\xb8\x71\x07\x2a\x08\xa0\x0c\x41\x88\x0f"
"\x84\x81\x6c\xd0\xe0\x32\x98\x0c\xb8\x81\x01\x19\xa4\x07\xf8\xf2"
"\x00\x0f\x02\x16\x20\x06\x00\x00\x52\x00\x00\x00\x5b\x06\x20\x38"
"\x83\x2d\x83\x10\xa4\xc1\x96\x81\x08\xd2\x60\xcb\x70\x04\x6a\xb0"
"\x65\x40\x82\x34\xd8\x32\x3c\x41\x1a\x6c\x19\xa6\x20\x0d\xb6\x0c"
"\x56\xa0\x06\x5b\x86\x2e\x48\x83\x2d\xc3\x18\x04\x69\xb0\x65\x78"
"\x83\x20\x0d\xb6\x0c\x71\x10\xa8\xc1\x96\x01\x0f\x82\x34\xd8\x32"
"\x84\x82\x54\x6d\x19\x58\x21\x48\x83\x2d\xc3\x2c\x04\x69\xb0\x65"
"\xc0\x85\xe0\x0c\xb6\x0c\xba\x10\x9c\xc1\x96\x81\x1d\x02\x35\xd8"
"\x32\xd0\x83\x14\x07\x5b\x06\x95\x08\xd4\x60\xcb\x20\x13\x92\x1c"
"\x6c\x19\x78\x22\x48\x83\x2d\x83\x4f\x04\x6a\xb0\x65\x28\x8b\x20"
"\x0d\xb6\x0c\x6e\x21\x55\x5b\x06\xba\x08\xd4\x60\xcb\xb0\x17\xd2"
"\x1c\x6c\x19\x5a\x23\x48\x83\x2d\x03\x6e\x04\x67\xb0\x65\x50\x8f"
"\x40\x0d\xb6\x0c\xf2\x21\xd1\xc1\x96\x01\x45\x02\x35\xd8\x32\xc0"
"\x88\x54\x07\x5b\x06\x1d\x09\xd2\x60\xcb\xc0\x23\x81\x1a\x6c\x19"
"\xc6\x24\x48\x83\x2d\x03\x9b\x48\xd5\x96\x41\x4e\x02\x35\xd8\x32"
"\xe4\x89\x64\x07\x5b\x06\x50\x09\xd2\x60\xcb\x20\x2a\x81\x1a\x6c"
"\x19\x52\x25\x48\x83\x2d\x83\xac\x48\xd5\x96\xa1\x57\x82\x34\xd8"
"\x32\x90\x4b\x90\x06\x5b\x86\x72\x09\xd2\x60\xcb\xb0\x2e\xc1\x19"
"\x6c\x19\xfa\x25\x50\x83\x2d\x43\xc9\x48\x77\xb0\x65\xd8\x99\x40"
"\x0d\xb6\x0c\x63\x23\xe1\xc1\x96\xa1\x6d\x82\x34\xd8\x32\xbc\x4d"
"\xa0\x06\x5b\x06\xbb\x09\xd2\x60\xcb\xf0\x37\x52\xb5\x65\x28\x9d"
"\x40\x0d\xb6\x0c\xac\x23\xe5\xc1\x96\xe1\x76\x02\x35\xd8\x32\xf0"
"\x8e\x64\x01\x00\x41\x62\x00\x00\x70\x00\x00\x00\x0b\x86\x00\x40"
"\x9f\x05\x43\x00\x9c\xcf\x82\x21\x00\xc0\x67\xc1\x10\x00\xb8\xb3"
"\x60\x08\x00\xdb\x59\x70\x00\x02\x31\x04\xc5\xec\x2c\x20\x02\x01"
"\x68\x9d\x05\x43\x00\x84\xce\x82\x21\x00\xfc\x66\xc1\x10\x00\x7b"
"\xb3\x60\x08\x00\xb9\x59\x50\x0c\x42\x00\xac\xcd\x02\x22\x10\x00"
"\xb2\x59\x30\x04\x40\xd8\x2c\x18\x02\x00\x67\x16\x18\x03\x21\x04"
"\x80\xcd\x2c\x20\x04\x20\x78\x99\x05\x47\x31\x00\x01\x21\xb4\xcc"
"\x82\x21\x00\x44\x66\xc1\x10\x00\xfa\xb2\xa0\x00\x84\x21\x88\x97"
"\x05\x43\x00\x94\xcb\x82\x21\x00\xc4\x65\xc1\x10\x00\xba\xb2\x60"
"\x08\x00\x5c\x59\x50\x08\x03\x10\xbc\xca\x82\x21\x00\x4e\x65\xc1"
"\x10\x00\xa3\xb2\x60\x08\x80\x3e\x59\x30\x04\x00\x9d\x2c\x28\x06"
"\x21\x00\xda\x64\x01\x01\x08\x81\x99\x2c\x18\x02\x60\x4c\x16\x0c"
"\x01\xa0\x23\x0b\x8c\x81\x10\x02\x00\x47\x16\x1c\xc5\x00\x04\x84"
"\x20\x23\x0b\x08\x01\x08\x62\x64\x81\x11\x10\x83\x00\xb8\xc8\x82"
"\x21\x00\xf6\x63\xc1\x10\x00\xf3\xb1\x60\x08\x80\xf8\x58\x70\x00"
"\x02\x31\x04\x85\x7b\x2c\x20\x02\x01\x40\x8f\x05\x43\x00\xf0\xc6"
"\x82\x21\x00\x72\x63\xc1\x10\x00\xb6\xb1\x60\x08\x80\xd6\x58\x50"
"\x0c\x42\x00\x98\xc6\x02\x22\x10\x80\xbf\x58\x30\x04\x00\x5f\x2c"
"\x18\x02\x60\x2e\x16\x18\x03\x21\x04\x40\x5c\x2c\x20\x04\x20\x50"
"\x8b\x05\x43\x00\xa4\xc5\x82\xa3\x18\x80\x80\x10\xce\x62\xc1\x10"
"\x00\x3e\xb1\x60\x08\x00\x9b\x58\x50\x00\xc2\x10\xb4\xc4\x82\x21"
"\x00\x42\x62\xc1\x10\x00\xfa\xb0\x20\x01\x06\xa1\x20\x02\xe3\xb8"
"\x87\x05\x08\x30\x10\x45\x20\x18\xee\xb0\x00\x01\x02\x61\x28\x08"
"\xa3\x1d\x16\x14\x01\x20\x0c\xeb\xb0\x00\x09\x00\x61\x20\x0a\xe3"
"\x17\x26\x0c\x01\x80\x07\x13\x86\x00\xb8\x83\x09\x43\x00\xd4\xc1"
"\x84\x21\x00\xe8\x60\x02\x11\x00\xc2\x1a\x4c\x38\x80\x60\x10\x0a"
"\x02\x0d\x26\x0c\x01\x70\x06\x13\x86\x00\x30\x83\x09\x43\x00\x94"
"\xc1\x04\x22\x00\x04\x6e\xc2\x10\x00\xd4\x84\x21\x00\xa4\x09\x43"
"\x00\x44\x13\x88\x00\x10\x90\x09\x43\x00\x0c\x00\x00\x00\x00\x00"
"\x61\x28\x00\x00\x28\x04\x00\x00\x23\x08\xce\x21\x2c\x10\x00\x00"
"\x24\x00\x00\x00\x44\x94\x46\x89\x94\x42\x19\xd0\x50\x02\x65\x40"
"\x41\xf9\x14\x42\x81\xd0\x50\xe0\x03\x74\x8d\x05\x01\x81\x30\x10"
"\x85\x71\x20\x89\xb2\x30\x8d\xf3\x8c\x00\x8c\x05\x0d\xc3\x30\x0c"
"\xc3\x30\x0c\xc3\x30\x0c\xc3\x30\xd0\x50\x20\x74\x8d\x05\x41\x10"
"\x04\x41\x10\x04\x41\x10\x04\x41\x10\x04\xd1\x50\x18\x85\x3f\x30"
"\x1a\x40\xd9\x1c\x84\x2c\xe0\x01\x1e\xe0\xc1\x68\x00\x81\x23\x00"
"\x94\x8d\x45\x00\x81\x30\x8c\x45\x0c\xc3\x30\xd0\x50\x08\x94\x8d"
"\x45\x10\x04\x41\x50\x50\x0a\xa5\x51\x1c\xe5\x51\x22\x45\x52\x26"
"\x85\x52\x2a\xc5\x52\x2e\x05\x53\x32\x45\x53\x36\x85\x53\x3a\xc5"
"\x43\x43\x41\x00\xe1\x61\x00\x00\x12\x00\x00\x00\x2b\x08\x39\x60"
"\x83\x36\x70\x83\x15\xc4\x1c\xb0\x41\x1b\xb8\xc1\x0a\x82\x0e\xd8"
"\xc0\x0d\xda\x60\x05\x51\x07\x6c\xd0\x06\x6e\xb0\x82\xb0\x03\x36"
"\x68\x03\x37\x58\x41\xdc\x01\x1b\xb8\x41\x1b\xac\x20\xf0\x80\x0d"
"\xda\xc0\x0d\x56\x10\x79\xc0\x06\x6d\xe0\x06\x2b\x08\x3d\x60\x03"
"\x37\x68\x03\x00\x44\x1d\x06\xa2\x02\x40\x09\x3a\x10\x23\x05\x74"
"\x00\x02\x45\x1d\x82\xa1\x84\x41\xe2\x02\x81\x08\x48\x10\x04\x82"
"\x0e\xc4\x40\x01\x1d\x1c\x0a\x04\x46\x41\x1d\x20\x0a\x04\x46\x81"
"\x1d\x1c\x0a\x04\x2e\xef\x10\x0c\x15\x04\x80\x92\x80\x93\xe3\x07"
"\x20\x50\xee\x21\x18\xca\x19\x24\x2e\x10\xa2\x80\x04\x41\x40\x07"
"\x28\x1c\x0a\x10\x46\x41\x28\x20\x0a\x04\x46\x81\x28\x1c\x0a\x04"
"\x56\x41\x00\x08\x09\x38\x69\xa5\x00\x02\x65\x24\x82\x81\x88\x54"
"\x38\x14\x14\x8c\x02\x55\x40\x14\x08\x8c\x82\x55\x38\x14\x08\x5c"
"\x48\x22\x18\x84\x25\x88\x21\x03\x5b\x30\x5f\x30\x04\x2a\x19\x64"
"\x0d\x43\x04\x38\x61\x40\xc5\x40\x04\x89\x30\xa0\x62\xd0\x8b\xe0"
"\x0c\x84\x01\x15\x03\x5f\x04\x63\x20\x0c\xa8\x20\xa0\xa0\x12\x12"
"\x31\x0b\x20\xb0\x02\x02\x04\xca\x4c\x04\x23\x2e\x10\xd8\xc0\x20"
"\x41\x10\x50\xb1\x0b\x87\x02\x83\x51\xc0\x0b\x88\x02\x81\x51\xd0"
"\x0b\x87\x02\x81\x8b\x4d\x04\x43\x05\x01\x20\x24\x60\x15\x0c\x91"
"\xa0\x5f\x38\x01\x24\x04\x87\x82\x68\xd3\x34\x0e\x30\x20\x03\x0b"
"\x7c\x83\x10\x0c\xa8\x20\xec\x00\x90\x84\x01\x15\x04\x29\x00\x64"
"\x20\x0c\xa8\x18\xd0\x03\x50\x04\x19\x07\xe6\x00\xa6\x41\x1e\x40"
"\xa0\xa0\x45\x30\x14\x31\x48\x5c\x20\x88\x42\x40\x82\x20\x20\x24"
"\x1e\x0e\x05\x09\xa3\x40\x1e\x10\x05\x02\xa3\x60\x1e\x0e\x05\x02"
"\x17\xb6\x08\x86\x0a\x02\x40\x48\xc0\xe9\xd9\x07\x10\x28\x74\x11"
"\x0c\xd5\x0c\x12\x17\x08\xae\x10\x90\x20\x08\xe8\xe8\x87\x43\x01"
"\xc2\x28\xf0\x07\x44\x81\xc0\x28\xf8\x87\x43\x81\xc0\x05\x2f\x82"
"\xa1\x82\x00\x24\x12\x80\x8f\xd0\xb2\x57\x50\xc1\x33\x90\x3a\x50"
"\xcc\x20\xeb\x0e\x86\x08\x70\xc7\x80\x8a\x81\x30\x92\x63\x40\xc5"
"\x20\x26\xc6\x19\x1c\x03\x2a\x06\x32\x31\xc6\xe0\x18\x50\x41\x40"
"\x46\x75\x24\xe2\x24\x40\x60\x05\x04\x08\x94\xd3\x08\x46\x5c\x20"
"\x80\x83\x41\x82\x20\xa0\xe2\x25\x0e\x05\x06\xa3\x00\x26\x10\x05"
"\x02\xa3\x20\x26\x0e\x05\x02\x17\xd5\x08\x86\x0a\x02\x40\x48\xc0"
"\x2a\x18\x22\x41\x33\x71\x02\x48\x08\x0e\x05\xd1\xa6\xe9\x26\x60"
"\x40\x06\x16\xf8\x90\x23\x18\x50\x31\xb0\x4a\x61\x1c\xd2\x0d\xce"
"\x00\x7c\x57\x12\x10\xdf\x18\x88\x0a\x00\x55\x69\x30\x84\x54\x83"
"\x9d\x20\x9f\xa4\x04\x72\x0d\x76\x82\x7c\xcf\x12\xa0\x61\x27\x34"
"\x22\x10\x0a\xc4\x31\x03\x2a\x06\x5f\x59\x26\x66\x40\xc5\xa5\x27"
"\xcb\xc4\x0c\xa8\xb8\xf4\x64\x69\x98\x88\x40\x20\x06\x12\x7c\x41"
"\x05\x57\xa4\x02\x2c\x4e\x00\x09\xc1\xa1\xc0\xd8\x94\x88\x05\x04"
"\xa0\x44\x2c\x40\x0a\x0d\xf8\x1a\x26\x18\x62\x50\x00\x21\x08\x06"
"\xd8\x5f\x10\xf2\x91\xc0\x77\x39\x01\xba\x20\x40\x94\x59\xa8\x0c"
"\xfe\x02\x7c\xd2\x13\x0c\xa8\x18\xcc\xc0\x01\x19\x65\x40\xc5\xc0"
"\x38\x22\xa3\x20\x2c\x2d\x14\x75\x01\x8c\x63\x48\x8b\x81\x34\xc6"
"\x31\xa4\x45\x51\x1a\x03\x19\x02\xb5\x48\x8b\x14\xa4\xc5\x06\x44"
"\x04\xc2\x27\x06\x0e\x1a\x50\x31\x48\xcf\x04\x0d\xa8\xc8\x8c\x67"
"\x82\x06\x54\x64\xce\xd3\x40\x11\x81\x40\x0c\x24\x08\x83\x0a\xb2"
"\x48\x05\x5c\x9c\x00\x12\x82\x43\x81\xb1\x29\x91\x0b\x08\x40\x89"
"\x5c\x80\x14\x24\xf0\x45\x50\x30\xc4\xa0\x00\x42\x10\x0c\x34\xdc"
"\x20\x24\xc5\x06\xe0\xbb\xa4\x60\x40\xc7\xe0\x36\x09\x2d\x38\x6a"
"\x10\x0d\xe8\x18\xe0\x26\xd1\x03\xc7\x88\x06\x74\x0c\xe6\x90\xe0"
"\x81\xc3\x06\x91\x9b\x06\x54\x0c\xd5\x64\x48\x03\x2a\x86\x68\x32"
"\xa4\x01\x15\xc3\x30\x19\x12\x0a\x60\x03\xe2\x03\xa1\x0e\x04\x12"
"\x04\x41\x05\x43\xa4\x63\x36\x4e\x00\x09\xc1\xa1\x00\xd9\xa4\xdc"
"\x06\x0c\xc8\x60\x0f\xc0\x77\x4d\x81\x6c\x07\x73\x00\xdf\x55\x05"
"\xaa\x1c\x06\x51\xe7\x30\x84\xb3\x06\x54\x0c\x44\x95\x58\x03\x2a"
"\x06\xda\xa9\xce\xc0\x1a\x50\x31\xd8\x4e\x35\x06\xd6\x80\x0a\x42"
"\x34\xaa\xca\x4a\x04\x78\x80\xc0\x0a\x08\x10\x28\x60\x12\x8c\xb8"
"\x40\xc8\x0b\x83\x04\x41\x40\x05\x7a\x1c\x0a\x0c\x46\x41\x7a\x20"
"\x0a\x04\x46\x81\x7a\x1c\x0a\x04\x2e\x63\x12\x0c\x15\x04\x80\x90"
"\x80\x55\x30\x44\x82\xd8\xe3\x04\x90\x10\x1c\x0a\xa2\x4d\x13\x7c"
"\xc0\x80\x0c\x2c\xf0\x5d\x56\x30\xa0\x66\xf0\x1f\xc4\x7f\x28\x94"
"\x68\x68\x21\xc2\x83\xc9\xb0\xe4\x3f\xf8\x06\xf9\xb0\x2c\x50\x02"
"\x01\x2a\x80\xd6\x04\xa0\x02\x62\x55\x30\x84\x1b\x07\x75\x48\x6b"
"\x02\x50\xc1\xb0\x6e\x1c\xde\xa6\x06\xfc\xf0\x38\x0f\x2e\xd4\x49"
"\x0c\xb2\xe4\x62\x88\x00\xd7\x0d\xa8\x18\x08\x2e\xe9\x06\x54\x0c"
"\x38\xc4\x9d\x41\x37\xa0\x62\xd0\x21\x6e\x0c\xba\x01\x15\x84\x89"
"\x70\x55\x97\x08\x11\x01\x81\x15\x10\x20\x50\x44\x25\x18\x71\x81"
"\xb0\x1b\x06\x09\x82\x80\x0a\x15\x39\x14\x18\x8c\x82\x15\x41\x14"
"\x08\x8c\x02\x16\x39\x14\x08\x5c\x4a\x25\x18\x2a\x08\x00\x21\x01"
"\xab\x60\x88\x04\xb9\xc8\x09\x20\x21\x38\x14\x44\x9b\x26\x19\x81"
"\x01\x19\x58\xe0\xf3\xba\x60\x40\x05\xc1\x26\x9b\xd4\x0d\xa8\x20"
"\x40\x65\x23\x83\x6e\x40\xc5\x60\x4a\x9b\xd2\xc9\xb5\x20\x0b\xf0"
"\xb5\xc1\x17\x90\x5d\x19\x88\x0a\x00\x55\x66\x31\x84\x3c\x0b\x1c"
"\x21\x1f\x1a\x80\x41\x20\xd1\x02\x47\xc8\x57\x06\x61\x10\xa0\x01"
"\x47\x34\x22\x10\x0a\xc4\x89\xc1\x80\x8a\x01\x97\xc2\x60\x12\x83"
"\x01\x15\x17\x1d\x85\xc1\x24\x06\x03\x2a\x2e\x3a\x0a\x83\x46\x0c"
"\x22\x02\x81\x18\x48\xf0\x05\x15\x5c\x91\x8a\x1e\x39\x01\x24\x04"
"\x87\x02\x63\x53\xf2\x23\x10\x80\x92\x1f\x01\x29\x34\xe0\x1b\x03"
"\x31\x08\x86\x18\x14\x40\x08\x82\x01\xc6\x27\x84\x7c\x24\xf0\xb5"
"\x01\x19\x04\xe8\x82\x00\x51\x63\xa2\x32\xe0\x13\xf0\xa1\x41\x19"
"\x04\x03\x2a\x06\x33\x20\x03\x7d\x02\x83\x01\x15\x03\x43\x06\xfc"
"\x04\x06\x08\x33\x13\x45\x5d\x00\xe3\x18\xcc\x64\x08\x95\x71\x0c"
"\x66\x52\x88\xca\x40\x86\xe0\x4c\xcc\x24\x05\x66\xb2\x01\x11\x81"
"\xf0\x89\x81\x33\x83\x01\x15\x83\x54\x06\x93\x19\x0c\xa8\xc8\x8c"
"\x32\x98\xcc\x60\x40\x45\xe6\x94\x41\x63\x06\x11\x81\x40\x0c\x24"
"\x08\x83\x0a\xb2\x48\x45\x9b\x9c\x00\x12\x82\x43\x81\xb1\x29\x79"
"\x13\x08\x40\xc9\x9b\x80\x14\x24\xf0\x9d\x81\x19\x04\x43\x0c\x0a"
"\x20\x04\xc1\x40\xab\x15\x42\x52\x6c\x00\xbe\x36\x40\x83\x60\x40"
"\xc7\x80\x56\x1f\x2d\x90\x81\x1a\x9c\xc1\x80\x8e\x41\xad\x3e\x3d"
"\x20\x03\xe3\x0c\x06\x74\x0c\xe6\xf0\xe1\x01\x19\xb0\xc1\x19\xb8"
"\x34\x18\x50\x31\x54\x69\x60\xa0\xc1\x80\x8a\x21\x4a\x03\x03\x0d"
"\x06\x54\x0c\x43\x1a\x18\x68\x80\x82\x56\x81\xf8\x40\xa8\x03\x81"
"\x04\x41\x50\xc1\x10\xe9\x80\x95\x13\x40\x42\x70\x28\x40\x36\x29"
"\xb4\x02\x03\x32\xd8\x03\xf0\xb5\x41\x1a\x04\x52\x3d\xc6\x03\x7c"
"\x6d\xb0\x06\x81\x12\x8f\x41\x14\x79\x0c\xe1\xd8\x60\x40\xc5\x40"
"\xac\x41\xc2\x06\x03\x2a\x06\xd7\x5a\x83\x33\x60\x83\x01\x15\x03"
"\x6c\xad\xc1\x18\xb0\xc1\x80\x0a\x82\x6f\xd6\xa0\x62\x83\x44\xf4"
"\x0a\x08\xac\x80\x00\x81\xd2\x33\xc1\x88\x0b\x04\x3b\x31\x48\x10"
"\x04\x54\x94\xcb\xa1\xc0\x60\x14\x98\x0b\xa2\x40\x60\x14\x9c\xcb"
"\xa1\x40\xe0\x02\x36\xc1\x50\x41\x00\x08\x09\x58\x05\x43\x24\x28"
"\x5d\x4e\x00\x09\xc1\xa1\x20\xda\x34\xb5\x0b\x0c\xc8\xc0\x02\x5f"
"\x1b\xb0\x41\x30\xa0\x86\xb0\x0b\x4f\x7c\xd4\xc0\x2e\xce\xc0\x2e"
"\xc6\xc0\x2e\xd2\x40\x62\x83\x01\x35\x84\x5d\x78\xf6\xa3\x06\x76"
"\x71\x06\x76\x31\x06\x76\x91\x06\x64\xc0\x06\x03\x6a\x06\xfe\xf2"
"\xf8\x4b\x0d\x70\xe1\x0c\x58\x62\x0c\xf8\x20\x0d\x14\x36\x48\xc2"
"\xbe\x80\x40\x89\x9b\x60\xa8\x61\x90\xb8\x40\x58\x95\x80\x04\x41"
"\x40\x87\xbe\x1c\x0a\x10\x46\xc1\xbe\x20\x0a\x04\x46\x01\xbf\x1c"
"\x0a\x04\x2e\x75\x13\x0c\x15\x04\x80\x90\x80\x93\x43\x32\x20\x50"
"\xfa\x26\x18\xaa\x19\x24\x2e\x10\x6e\x25\x20\x41\x10\xd0\x61\x32"
"\x87\x02\x84\x51\x70\x32\x88\x02\x81\x51\x80\x32\x87\x02\x81\x4b"
"\xe8\x04\x43\x05\x01\x48\x24\x00\x9f\x1b\xf4\x41\xf0\xde\x20\x0e"
"\xfc\x44\x31\x83\x2c\x50\x19\x22\xc0\xc1\xc1\x80\x8a\x81\x78\x83"
"\x04\x0e\x06\x54\x0c\x74\xf6\x06\x67\x00\x07\x03\x2a\x06\x3b\x7b"
"\x83\x31\x80\x83\x01\x15\x04\xf4\x06\x15\x1c\x24\x02\x66\x40\x60"
"\x05\x04\x08\x14\xd8\x09\x46\x5c\x20\xa4\x8b\x41\x82\x20\xa0\x02"
"\x67\x0e\x05\x06\xa3\x20\x67\x10\x05\x02\xa3\x40\x67\x0e\x05\x02"
"\x97\xd9\x09\x86\x0a\x02\x40\x48\xc0\x2a\x18\x22\x41\x3c\x73\x02"
"\x48\x08\x0e\x05\xd1\xa6\x09\x6c\x60\x40\x06\x16\xf8\xe2\x00\x0e"
"\x82\x01\x15\x83\xaf\xb9\x81\x01\x07\xd2\x0d\xce\x00\x7c\xa0\x20"
"\x07\x01\x39\x9f\x81\xa8\x00\x50\x95\x06\x43\x48\x35\x20\x1b\xf2"
"\xed\xc1\x1c\x04\x72\x0d\xc8\x86\x7c\x78\x40\x07\x01\x1a\xc8\x46"
"\x23\x02\xa1\x40\x5c\x1d\x0c\xa8\x18\xe0\x8d\x0e\xa6\x3a\x18\x50"
"\x71\xb1\x1a\x1d\x4c\x75\x30\xa0\xe2\x62\x35\x3a\x68\xea\x20\x22"
"\x10\x88\x81\x04\x5f\x50\xc1\x15\xa9\x48\x9b\x13\x40\x42\x70\x28"
"\x30\x36\x25\x6b\x03\x01\x28\x59\x1b\x90\x42\x03\x3e\x3b\xa8\x83"
"\x60\x88\x41\x01\x84\x20\x18\x60\xa8\x43\xc8\x47\x02\x1f\x28\xdc"
"\x41\x80\x2e\x08\x10\xf5\x36\x2a\x03\xd4\x01\xdf\x1e\xe0\x41\x30"
"\xa0\x62\x30\x83\x3b\x90\xb9\x39\x18\x50\x31\x30\x77\x40\x73\x73"
"\x80\x30\xb9\x51\xd4\x05\x30\x8e\x41\x6e\x86\xd6\x19\xc7\x20\x37"
"\x85\xeb\x0c\x64\x08\xe6\x46\x6e\x52\x20\x37\x1b\x10\x11\x08\x9f"
"\x18\xb8\x3c\x18\x50\x31\x48\x78\x30\xe5\xc1\x80\x8a\xcc\xc0\x83"
"\x29\x0f\x06\x54\x64\x0e\x1e\x34\x79\x10\x11\x08\xc4\x40\x82\x30"
"\xa8\x20\x8b\x54\xe4\xcd\x09\x20\x21\x38\x14\x18\x9b\x92\xbd\x81"
"\x00\x94\xec\x0d\x48\x41\x02\x9f\x1e\xe4\x41\x30\xc4\xa0\x00\x42"
"\x10\x0c\xb4\xf0\x21\x24\xc5\x06\xe0\x03\x85\x3d\x08\x06\x74\x0c"
"\xa0\x27\x07\xb4\x70\x07\x6a\xa0\x07\x03\x3a\x06\xd1\x93\x03\x3d"
"\xb8\x03\x43\x0f\x06\x74\x0c\xe6\x20\x07\x78\x70\x07\x6c\xa0\x07"
"\x8e\x0f\x06\x54\x0c\x15\x1f\x18\x7b\x30\xa0\x62\x88\xf8\xc0\xd8"
"\x83\x01\x15\xc3\xc0\x07\xc6\x1e\xa0\x20\x77\x20\x3e\x10\xea\x40"
"\x20\x41\x10\x54\x30\x44\x3a\x78\xe7\x04\x90\x10\x1c\x0a\x90\x4d"
"\x0a\xf8\xc0\x80\x0c\xf6\x00\x7c\xa0\xc0\x07\x81\x6c\x07\x73\x00"
"\x1f\x28\xf8\x41\xa0\xca\x61\x10\x75\x0e\x43\xb8\x3f\x18\x50\x31"
"\x10\x7e\x90\xfc\xc1\x80\x8a\xc1\xfc\xfc\xe0\x0c\xfe\x60\x40\xc5"
"\x80\x7e\x7e\x30\x06\x7f\x30\xa0\x82\x10\x0d\x3f\xa8\xfe\x20\x11"
"\xe9\x03\x02\x2b\x20\x40\xa0\xa4\x51\x30\xe2\x02\x41\x74\x0c\x12"
"\x04\x01\x15\xf1\x73\x28\x30\x18\x05\xf2\x83\x28\x10\x18\x05\xf3"
"\x73\x28\x10\xb8\xb0\x51\x30\x54\x10\x00\x42\x02\x56\xc1\x10\x09"
"\xaa\x9f\x13\x40\x42\x70\x28\x88\x36\x4d\xf9\x03\x03\x32\xb0\xc0"
"\x07\x0a\x7f\x10\x0c\xa8\x19\x60\x30\x88\x03\x18\x0c\xfa\x00\x25"
"\xec\x80\x16\xf4\x00\x0f\xf8\xc0\xf8\x83\xc1\x9c\x41\x50\x3a\xe3"
"\xb0\x0b\xa1\xc0\x0b\xa2\xd0\x0b\xa5\x90\x0a\xa6\xe0\x0b\xa9\xf0"
"\x0b\xaa\x00\x0e\xad\x10\x0e\xae\x20\x0e\xb1\x30\x0e\xb4\x40\x0e"
"\xb5\x50\x0e\xb8\x60\x0e\xbb\x70\x0e\xbc\x80\x0e\xbd\x90\x0e\xe0"
"\xa0\x0e\xe1\xb0\x0e\xe2\x80\x82\x95\x00\x37\x0e\x32\x65\xd0\x87"
"\x7c\xa3\x40\x0a\x81\x6a\x09\x02\x14\x41\x80\x12\xa0\x55\x02\xb4"
"\x48\x08\x40\x05\xc4\xaa\x60\x08\x37\x0e\x8a\x26\xa4\x55\x8b\xb4"
"\x48\x08\x40\x05\xc3\xba\x71\x40\x38\xe1\x84\x1b\x07\x69\x33\xf5"
"\x43\xbe\x53\x40\x85\x40\xe9\x04\x01\x2a\x22\x40\x09\xd0\x2a\x01"
"\x5a\x24\x04\xa1\x02\x62\x55\x30\x84\x1b\x07\x15\x16\xd2\x2a\x4c"
"\x5a\x24\x04\xa1\x82\x61\xdd\x38\xa0\xad\x2c\xc4\x8d\x83\x1c\x1b"
"\x11\x22\xdf\x2a\xb0\x42\xa0\xce\x82\x00\xe5\x11\xa0\x04\x68\x95"
"\x00\x2d\x12\x02\x51\x01\xb1\x2a\x18\xc2\x8d\x83\x72\x0b\x69\x55"
"\x19\x48\x8b\x84\x40\x54\x30\xac\x1b\x07\x24\x17\x68\x30\x6e\x1c"
"\x24\xdc\xbc\x10\xf9\x5e\x01\x16\x02\x45\x17\x04\xa8\x35\x20\x00"
"\x09\x01\xa9\x60\x10\x37\x0e\x08\x2f\xdc\x80\xdc\x38\x48\xbb\xa9"
"\x21\xf2\xc9\xc2\x2c\x04\x4a\x2f\x08\x50\x71\x40\x80\x12\xa0\x55"
"\x02\xb4\x48\x08\x48\x05\xc4\xaa\x60\x08\x37\x0e\x2a\x34\xa4\x55"
"\x78\x20\x2d\x12\x02\x52\xc1\xb0\x6e\x1c\x50\x69\xec\x41\xb9\x71"
"\x90\xa3\x23\x46\xe4\xb3\x85\x5b\x08\xd4\x69\x10\xa0\xfc\x80\x00"
"\x24\x04\xa6\x82\x41\xdc\x38\xa0\xd5\x08\x05\x73\xe3\x20\x53\x07"
"\x8d\xc8\x97\x0b\xba\x10\xa8\xd6\x20\x40\x91\x02\x01\x4a\x80\x56"
"\x09\xd0\x22\x21\x20\x15\x0c\xa4\x02\xc8\x0c\x01\x43\x0c\x0e\x20"
"\x04\xc1\x20\x72\xa7\x40\x30\x54\x40\xac\x0a\x86\x70\xe3\xa0\x70"
"\x43\x5a\xf5\x0a\xd2\x22\x21\x20\x15\x0c\xa4\x02\xc9\x0c\x01\x43"
"\x0c\x0e\x20\x04\xc1\x60\xb2\xa7\x40\x30\x54\x30\xac\x1b\x07\x04"
"\x1e\xb6\x70\x6e\x1c\x50\x78\xdc\x02\xba\x71\x90\xbf\xe3\x47\xe4"
"\xf3\x85\x5f\x08\xd4\x78\x10\xa0\x74\x81\x00\x24\x04\xa9\x82\x41"
"\xdc\x38\xa0\xf3\xe8\x85\x74\xe3\x80\x7c\x01\x3d\xd4\x8d\x03\xfa"
"\x85\xf4\x58\x37\x0e\x08\x1c\xd4\x83\xdd\x38\x0c\x68\x0f\x06\xd4"
"\xc2\x44\x2b\x93\xcd\x00\x14\x40\x23\x14\xe0\x62\x14\xd0\x82\x14"
"\xcc\xa2\x14\x6c\xe2\x14\x5c\x02\x15\x58\x22\x15\xf8\x61\x15\xe8"
"\x81\x15\xe4\xa1\x15\xd0\xe1\x15\xcc\x01\x16\x6c\x41\x16\x5c\x61"
"\x16\x58\x81\x16\x44\xc1\x16\x40\xe1\x16\xd0\x20\x17\x30\x5d\xb0"
"\x76\x81\xe2\x05\xc5\x17\x90\x5f\x30\xc0\x81\x08\x07\x41\x1c\xa4"
"\x18\xed\x10\xf8\xcc\x81\x1c\x02\x12\x56\x03\x41\x01\xfe\x80\x0a"
"\x00\x55\x3e\x44\x84\x2b\x87\x01\x15\x44\x53\x0e\xb8\x19\x90\xc3"
"\x80\x0a\xe0\x28\x07\x83\x1c\x06\x54\x0c\x47\x39\x40\xe4\xa0\x82"
"\x00\xca\x10\x84\xf8\x40\x18\xcc\x09\x0d\xa0\x84\xc9\x88\x27\x18"
"\x90\x01\x02\x3e\x73\x28\x87\x80\x05\x88\x01\x00\x67\x00\x00\x00"
"\x5b\x06\x20\x38\x83\x2d\x83\x10\xa4\xc1\x96\x81\x08\xd2\x60\xcb"
"\x70\x04\x6a\xb0\x65\x40\x82\x34\xd8\x32\x3c\x41\x1a\x6c\x19\xa6"
"\x20\x0d\xb6\x0c\x56\xa0\x06\x5b\x06\x30\x08\xd2\x60\xcb\x70\x06"
"\x41\x1a\x6c\x19\xd0\x20\x48\x83\x2d\x03\x1d\x04\x69\xb0\x65\xb0"
"\x83\x40\x0d\xb6\x0c\x7d\x10\xa4\xc1\x96\xc1\x14\xa4\x6a\xcb\xc0"
"\x0a\x41\x1a\x6c\x19\x5e\x21\x50\x83\x2d\x83\x2d\x04\x69\xb0\x65"
"\xd0\x85\x20\x0d\xb6\x0c\xbd\x10\xa8\xc1\x96\x81\x1c\x82\x34\xd8"
"\x32\xcc\x43\x90\x06\x5b\x86\x7a\x08\xd4\x60\xcb\xc0\x0f\x41\x1a"
"\x6c\x19\x4a\x42\xaa\xb6\x0c\x29\x11\x9c\xc1\x96\xe1\x26\x02\x35"
"\xd8\x32\xfc\x84\x14\x07\x5b\x86\xba\x08\xd4\x60\xcb\xd0\x17\x92"
"\x1c\x6c\x19\x54\x23\x50\x83\x2d\x43\x6c\x48\x73\xb0\x65\xe8\x8d"
"\x20\x0d\xb6\x0c\xbf\x11\xa8\xc1\x96\xc1\x3c\x82\x34\xd8\x32\xbc"
"\x87\x54\x6d\x19\x50\x24\x48\x83\x2d\x83\x8a\x04\x6a\xb0\x65\x88"
"\x91\x20\x0d\xb6\x0c\x3a\x22\x55\x5b\x06\x30\x09\xce\x60\xcb\xe0"
"\x26\x81\x1a\x6c\x19\xec\x44\xa2\x83\x2d\x03\xab\x04\x6a\xb0\x65"
"\xa0\x15\xa9\x0e\xb6\x0c\xe1\x12\xa8\xc1\x96\x01\x5d\x24\x3b\xd8"
"\x32\xd0\x4b\x90\x06\x5b\x06\x7b\x09\xd4\x60\xcb\xd0\x2f\x41\x1a"
"\x6c\x19\x4c\x46\xaa\xb6\x0c\x2b\x13\xa4\xc1\x96\xc1\x65\x02\x35"
"\xd8\x32\xd4\x4c\x90\x06\x5b\x86\x9c\x09\xd2\x60\xcb\xc0\x33\x81"
"\x1a\x6c\x19\xc6\x26\x48\x83\x2d\x43\xdc\x04\x69\xb0\x65\x98\x9b"
"\x40\x0d\xb6\x0c\x7a\x13\xa4\xc1\x96\x61\x74\xa4\x6a\xcb\x70\x3a"
"\xc1\x19\x6c\x19\x6a\x27\x50\x83\x2d\x43\xef\x48\x77\xb0\x65\x98"
"\x9f\x40\x0d\xb6\x0c\xfb\x23\xe1\xc1\x96\x01\x85\x02\x35\xd8\x32"
"\xbc\x90\x94\x07\x5b\x86\x1d\x0a\xd2\x60\xcb\xd0\x43\x81\x1a\x6c"
"\x19\xc8\x28\x48\x83\x2d\x43\x1b\x49\xd5\x96\xa1\xae\x82\x33\xd8"
"\x32\xf8\x55\xa0\x06\x5b\x86\xd1\x92\x2c\x00\x00\x41\x62\x00\x00"
"\xa0\x00\x00\x00\x0b\x86\x00\x48\xab\x05\x43\x00\xa0\xd5\x82\x0d"
"\x08\x84\x81\x28\x8c\xe9\xc8\x90\x84\x52\xb0\x85\xa9\x1a\xc7\x7a"
"\xa0\x2b\x92\x40\x69\x01\x11\x08\xc0\x1d\x2d\x18\x02\x60\x8d\x16"
"\x0c\x01\x50\x46\x0b\x86\x00\xe8\xa1\x05\x43\x00\xec\xd0\x82\x21"
"\x00\x6c\x68\xc1\x10\x00\x33\xb4\x60\x08\x00\x15\x5a\x50\x00\x83"
"\x10\x8c\xd0\x02\x22\x00\x04\xfe\x59\x30\x04\x40\xfe\x2c\x18\x02"
"\x00\x7e\x16\x18\xc0\x40\x08\x81\xfb\x2c\x38\x8a\x01\x08\x08\x61"
"\x7d\x16\x10\x02\x10\xa8\xcf\x02\x03\x08\x88\x41\x38\x9f\x05\x44"
"\x20\x00\xbe\xb3\x60\x08\x00\xd9\x59\x50\x04\x80\x30\xb0\xce\x02"
"\x22\x00\x84\xd1\x59\x50\x0c\x40\x20\x88\xce\x02\x22\x00\x84\xd0"
"\x59\x50\x04\x80\x30\x80\xce\x02\x22\x00\x04\xbd\x59\xb0\x01\x81"
"\x30\x10\x85\x31\x1d\x19\x92\x50\x0a\xb6\x30\x55\xe3\x58\x0f\x74"
"\x45\x92\xdd\x2c\x20\x84\x00\xa8\x9b\x05\x43\x00\xd0\xcd\x82\x02"
"\x10\x86\x60\x6d\x16\x0c\x01\xf0\x33\x0b\x86\x00\xc8\x99\x05\x43"
"\x00\xc4\xcc\x82\x21\x00\x5e\x66\xc1\x10\x00\x27\xb3\x60\x08\x00"
"\x7f\x59\x50\x00\x83\x10\xdc\xcb\x82\x21\x00\xda\x65\xc1\x10\x00"
"\xe4\xb2\xc0\x00\x06\x42\x08\xc4\x65\xc1\x51\x0c\x40\x40\x08\xbf"
"\xb2\x80\x10\x80\xc0\x57\x16\x18\x40\x40\x0c\xc2\xae\x2c\x28\x00"
"\x61\x08\x60\x65\xc1\x10\x00\xa4\xb2\x60\x08\x80\x3b\x59\x40\x04"
"\x02\xe0\x26\x0b\x86\x00\x10\x93\x05\x43\x00\xf0\xc8\x82\x21\x00"
"\x68\x64\xc1\x10\x00\x32\xb2\x60\x08\x80\x16\x59\x30\x04\x80\x8a"
"\x2c\x18\x02\x20\x44\x16\x14\xc0\x20\x04\xfa\xb1\x80\x08\x00\x61"
"\x3e\x16\x0c\x01\x00\x1f\x0b\x86\x00\x38\x8f\x05\x06\x30\x10\x42"
"\x50\x1e\x0b\x8e\x62\x00\x02\x42\x10\x8f\x05\x84\x00\x04\xe1\xb1"
"\xc0\x00\x02\x62\x10\x7c\x63\x01\x11\x08\x40\x6d\x2c\x18\x02\x20"
"\x35\x16\x24\x80\x10\x0c\x05\x61\x1c\xa3\xb1\x00\x01\x82\x41\x28"
"\x08\x43\x2f\x16\x48\x44\x61\x1c\x48\xa2\x2c\x8c\x30\x34\xd0\x03"
"\x04\x4e\x5e\x2c\x30\x80\x60\x10\x08\xbc\x58\x50\x04\x80\x30\xdc"
"\xc5\x02\x03\x08\x06\x81\x88\x8b\x05\x84\x10\x00\x6b\xb1\x60\x08"
"\x00\xb5\x58\x50\x00\xc2\x10\x84\xc5\x82\x21\x00\x6a\x62\x41\x11"
"\x08\xc0\x10\x13\x0b\x8c\x40\x00\x06\x02\x26\x16\x10\x01\x20\xbc"
"\xc4\x02\x22\x00\x04\x93\x58\x30\x04\x00\x3f\x2c\x28\x02\x40\x18"
"\xf4\x61\x81\x13\x08\x03\x01\x14\xc6\x81\x24\xca\xc2\xb8\xc3\x84"
"\x21\x00\xca\x61\x82\x97\x20\x07\x96\x19\x85\x75\x51\x15\x21\x4d"
"\x50\x34\x38\x8f\xc0\x34\x81\xb2\x00\x1a\xb7\x8d\xc3\x84\x03\x20"
"\x82\x41\x28\x40\x61\xc2\x10\x00\x7f\x30\x61\x08\x00\x3e\x98\x40"
"\x04\x80\xb0\x07\x13\x86\x00\x80\x83\x09\x07\x40\x04\x83\x50\xb4"
"\xc1\x84\x21\x00\xd8\x60\xc2\x10\x00\x69\x30\x81\x08\x00\x01\x0d"
"\x26\x0c\x01\xd0\x4d\x38\x00\x22\x18\x84\xe2\x9a\x30\x04\x80\x35"
"\x61\x08\x80\x69\x02\x11\x00\x82\x34\x61\x08\x80\x63\xc2\x10\x00"
"\x02\x00\x00\x00\x00\x00\x00\x00\x61\x28\x00\x00\xac\x02\x00\x00"
"\x23\x08\xda\x20\x2c\x10\x00\x00\x1e\x00\x00\x00\x44\x94\x46\x89"
"\x94\x42\x19\xd0\x50\x02\x65\x40\x41\x21\x14\x08\x0d\x05\x3e\x40"
"\xd7\x58\x10\x10\x08\x03\x51\x18\x07\x92\x28\x0b\xd3\x38\xcf\x08"
"\xc0\x58\xd0\x30\x0c\xc3\x30\x0c\xc3\x30\x0c\xc3\x30\x0c\x03\x0d"
"\x05\x42\xd7\x58\x10\x04\x41\x10\x04\x41\x10\x04\x41\x10\x04\x41"
"\x10\x0d\x85\x51\xf8\x03\xa3\x01\x94\xcd\x41\xc4\x02\x1e\xe0\x01"
"\x1e\x8c\x06\x10\x38\x02\x40\xd9\x58\x04\x10\x08\xc3\x58\xc4\x30"
"\x0c\x03\x0d\x85\x40\xd9\x58\x04\x41\x10\x04\x39\x23\x00\x34\x14"
"\x04\x00\x00\x00\xe1\x61\x00\x00\x0c\x00\x00\x00\x2b\x08\x39\x60"
"\x83\x36\x70\x83\x15\xc4\x1c\xb0\x41\x1b\xb8\xc1\x0a\x82\x0e\xd8"
"\xc0\x0d\xda\x60\x05\x51\x07\x6c\xd0\x06\x6e\xb0\x82\xb0\x03\x36"
"\x68\x03\x37\x58\x41\xdc\x01\x1b\xb8\x41\x1b\x00\x04\x17\x06\xa2"
"\x02\x40\x89\x2d\x10\x23\x05\x62\x00\x02\x05\x17\x82\xa1\x84\x41"
"\xe2\x02\x81\x08\x48\x10\x04\x62\x0b\xc4\x40\x81\x18\x1c\x0a\x04"
"\x46\xc1\x18\x20\x0a\x04\x46\x01\x19\x1c\x0a\x04\x2e\xbd\x10\x0c"
"\x15\x04\x80\x92\x80\x93\xc3\x06\x20\x50\xca\x21\x18\xca\x19\x24"
"\x2e\x10\xa2\x80\x04\x41\x40\x87\x1b\x1c\x0a\x10\x46\xc1\x1b\x20"
"\x0a\x04\x46\x01\x1c\x1c\x0a\x04\x2e\xe9\x10\x0c\x15\x04\x90\x32"
"\x39\x00\x81\x02\x0f\xc1\x50\xcc\x20\x71\x81\xc0\x05\x24\x08\x02"
"\x32\xf2\xe0\x50\x70\x30\x0a\xf4\x00\x51\x20\x30\x0a\xf6\xe0\x50"
"\x20\xb0\x0a\x02\x40\x48\xc0\xa9\x0c\x4a\x01\x04\x10\x21\x0a\x87"
"\x82\x82\x51\x30\x0a\x88\x02\x81\x51\x40\x0a\x87\x02\x81\x4b\x3f"
"\x04\x83\x94\x04\x31\x64\xf0\x0a\xe6\x0b\x86\x40\x25\x83\xac\x61"
"\x88\x00\x27\x0c\xa8\x18\x88\x20\x11\x06\x54\x0c\x6c\x11\x9c\x81"
"\x30\xa0\x62\x70\x8b\x60\x0c\x84\x01\x15\x04\x14\x54\x42\x22\x58"
"\x01\x04\x56\x40\x80\x40\x61\x89\x60\xc4\x05\xc2\x1d\x18\x24\x08"
"\x02\x2a\x68\xe1\x50\x60\x30\x0a\x6a\x01\x51\x20\x30\x0a\x6c\xe1"
"\x50\x20\x70\x79\x89\x60\xa8\x20\x00\x84\x04\xac\x82\x21\x12\x84"
"\x0b\x27\x80\x84\xe0\x50\x10\x6d\x9a\x78\x01\x06\x64\x60\x81\x6f"
"\x10\x82\x01\x15\x84\x1d\x00\x92\x30\xa0\x82\x20\x05\x80\x0c\x84"
"\x01\x15\x83\x6e\x00\x8a\x90\x04\x75\x00\x81\x02\x16\xc1\x50\xc3"
"\x20\x71\x81\xc0\x0a\x01\x09\x82\x80\x8e\x74\x38\x14\x20\x8c\x02"
"\x75\x40\x14\x08\x8c\x82\x75\x38\x14\x08\x5c\xc8\x22\x18\x2a\x08"
"\x00\x21\x01\x27\x67\x1e\x40\xa0\xb0\x45\x30\x54\x33\x48\x5c\x20"
"\xe0\x42\x40\x82\x20\xa0\xa3\x1e\x0e\x05\x08\xa3\xc0\x1e\x10\x05"
"\x02\xa3\xe0\x1e\x0e\x05\x02\x17\xb8\x08\x86\x0a\x02\x90\x48\x00"
"\x3e\x62\x0a\x5e\x71\xd0\x81\x62\x06\x59\x76\x30\x44\x80\x33\x06"
"\x54\x0c\x44\x91\x18\x03\x2a\x06\x19\x29\xce\xc0\x18\x50\x31\xd0"
"\x48\x31\x06\xc6\x80\x0a\x02\x2a\x2a\x23\x11\xff\x00\x02\x2b\x20"
"\x40\xa0\xfc\x45\x30\xe2\x02\x41\x1d\x0c\x12\x04\x01\x15\x27\x71"
"\x28\x30\x18\x05\x28\x81\x28\x10\x18\x05\x29\x71\x28\x10\xb8\x88"
"\x46\x30\x54\x10\x00\x42\x02\x56\xc1\x10\x09\x5a\x89\x13\x40\x42"
"\x70\x28\x88\x36\x4d\x2f\x01\x03\x32\xb0\xc0\x77\x18\xc1\x80\x0a"
"\xc2\x0e\x08\xc9\x18\x50\x41\xa8\x02\x41\x06\xc6\x80\x8a\x01\x54"
"\x08\xc5\x90\x70\x90\x06\xe0\xb3\x90\x80\xe0\xc6\x40\x54\x00\xa8"
"\x5a\x83\x21\x24\x1b\xd8\x04\xf9\xa2\x24\x90\x6d\x60\x13\xe4\x73"
"\x94\x00\x0d\x36\xa1\x11\x81\x50\x20\x6e\x19\x50\x31\xc8\x8a\x32"
"\x2d\x03\x2a\x2e\x38\x51\xa6\x65\x40\xc5\x05\x27\x4a\xb3\x44\x04"
"\x02\x31\x90\xe0\x0b\x2a\xb8\x22\x15\x3b\x71\x02\x48\x08\x0e\x05"
"\xc6\xa6\xa4\x27\x20\x00\x25\x3d\x01\x52\x68\xc0\xc7\x2c\xc1\x10"
"\x83\x02\x08\x41\x30\xc0\xf2\x82\x90\x8f\x04\x3e\xab\x09\xd0\x05"
"\x01\xa2\xc2\x42\x65\x90\x17\xe0\x8b\x9c\x60\x40\xc5\x60\x06\x0d"
"\xbd\x24\x03\x2a\x06\xa6\xb1\x97\x04\x61\x64\xa1\xa8\x0b\x60\x1c"
"\x03\x59\x0c\x7e\x31\x8e\x81\x2c\x8a\xbf\x18\xc8\x10\x94\x05\x59"
"\xa4\x80\x2c\x36\x20\x22\x10\x3e\x31\x70\xcf\x80\x8a\x41\x72\xa6"
"\x67\x40\x45\x66\x38\xd3\x33\xa0\x22\x73\x9c\xe6\x89\x08\x04\x62"
"\x20\x41\x18\x54\x90\x45\x2a\xd6\xe2\x04\x90\x10\x1c\x0a\x8c\x4d"
"\x49\x5b\x40\x00\x4a\xda\x02\xa4\x20\x81\x0f\x7a\x82\x21\x06\x05"
"\x10\x82\x60\xa0\xc9\x06\x21\x29\x36\x00\x9f\x15\x05\x03\x3a\x06"
"\xb1\x41\x68\xa1\x51\x03\x68\x40\xc7\x40\x36\x88\x1e\x34\x06\x34"
"\xa0\x63\x30\x07\x04\x0f\x1a\x36\x80\x9c\x34\xa0\x62\xa8\x24\x23"
"\x1a\x50\x31\x44\x92\x11\x0d\xa8\x18\x06\xc9\x88\x50\xa0\x1a\x10"
"\x1f\x08\x75\x20\x90\x20\x08\x2a\x18\x22\x1d\xad\x71\x02\x48\x08"
"\x0e\x05\xc8\x26\x25\x36\x60\x40\x06\x7b\x00\x3e\x4b\x0a\xe4\x3b"
"\xa0\x03\xf8\x2c\x2a\x50\xe7\x30\x88\x4a\x87\x21\x5c\x35\xa0\x62"
"\x20\xa8\xa4\x1a\x50\x31\xa0\x0e\x75\x06\xd5\x80\x8a\x41\x75\xa8"
"\x31\xa8\x06\x54\x10\xa6\x41\x55\x55\x22\x74\x03\x04\x56\x40\x80"
"\x40\xd1\x91\x60\xc4\x05\x42\x69\x18\x24\x08\x02\x2a\xc4\xe3\x50"
"\x60\x30\x0a\xc6\x03\x51\x20\x30\x0a\xc8\xe3\x50\x20\x70\xe9\x91"
"\x60\xa8\x20\x00\x84\x04\xac\x82\x21\x12\x64\x1e\x27\x80\x84\xe0"
"\x50\x10\x6d\x9a\xd4\x03\x06\x64\x60\x81\xcf\xaa\x82\x01\x35\x84"
"\x5d\x1c\xec\x31\xd9\x05\x64\x17\x8c\x5d\x48\x52\x35\xa0\x86\xb0"
"\x8b\x03\x44\x26\xbb\x80\xec\x82\xb1\x0b\x89\x0c\xaa\x01\x35\x83"
"\xfd\x1c\xf6\x33\xe1\x02\xc4\x12\x0c\x1f\x48\x4a\x95\x04\xfc\x00"
"\x81\xe2\x26\xc1\x50\xc3\x20\x71\x81\xa0\x1b\x01\x09\x82\x80\x8e"
"\xfb\x38\x14\x20\x8c\x02\xfc\x40\x14\x08\x8c\x82\xfc\x38\x14\x08"
"\x5c\xe4\x24\x18\x2a\x08\x00\x21\x01\x27\x27\x44\x40\xa0\xe8\x49"
"\x30\x54\x33\x48\x5c\x20\x98\x47\x40\x82\x20\xa0\x63\x44\x0e\x05"
"\x08\xa3\x80\x44\x10\x05\x02\xa3\xa0\x44\x0e\x05\x02\x17\x3f\x09"
"\x86\x0a\x02\x90\x48\x00\xbe\xcb\x0c\x82\x87\x69\xa2\xa1\x98\x41"
"\x16\x69\x0c\x11\xe0\xb2\x01\x15\x03\x81\x25\xd9\x80\x8a\xc1\x8d"
"\xb0\x33\xc8\x06\x54\x0c\x70\x84\x8d\x41\x36\xa0\x82\x80\xb0\x2a"
"\x4b\x44\x8b\x80\xc0\x0a\x08\x10\x28\xad\x12\x8c\xb8\x40\xc0\x0f"
"\x83\x04\x41\x40\x45\x8d\x1c\x0a\x0c\x46\x81\x8d\x20\x0a\x04\x46"
"\xc1\x8d\x1c\x0a\x04\x2e\xb0\x12\x0c\x15\x04\x80\x90\x80\x55\x30"
"\x44\x82\x72\xe4\x04\x90\x10\x1c\x0a\xa2\x4d\x53\x8f\xc0\x80\x0c"
"\x2c\xf0\x69\x59\x30\xa0\x62\xc0\xa5\xcb\xc8\xa4\x1b\x9c\x01\xf8"
"\xd2\x60\x0b\x08\xb9\x0c\x44\x05\x80\xaa\x34\x18\x42\xaa\x81\x98"
"\x90\x8f\x0c\xb8\x40\xae\x81\x98\x90\x2f\x0c\xba\x00\x0d\x62\xa2"
"\x11\x81\x50\x20\xce\x1b\x50\x31\xa8\x53\x37\x79\x03\x2a\x2e\x54"
"\xea\x26\x6f\x40\xc5\x85\x4a\x5d\xe3\x45\x04\x02\x31\x90\xe0\x0b"
"\x2a\xb8\x22\x15\x67\x72\x02\x48\x08\x0e\x05\xc6\xa6\x24\x4d\x20"
"\x00\x25\x69\x02\x52\x68\xc0\xf7\x79\xc1\x10\x83\x02\x08\x41\x30"
"\xc0\x4a\x85\x90\x8f\x04\xbe\x34\x00\x83\x00\x5d\x10\x20\xaa\x4d"
"\x54\x06\xa5\x02\x3e\x32\x08\x83\x60\x40\xc5\x60\x06\x60\xc0\x52"
"\xdc\x80\x8a\x81\x01\x03\x97\xe2\x10\x06\x27\x8a\xba\x00\xc6\x31"
"\xc0\xc9\xa0\x2a\xe3\x18\xe0\xa4\x58\x95\x81\x0c\x41\x9c\xc0\x49"
"\x0a\xe0\x64\x03\x22\x02\xe1\x13\x03\x27\x06\x03\x2a\x06\x29\x0c"
"\x26\x31\x18\x50\x91\x19\x61\x30\x89\xc1\x80\x8a\xcc\x09\x83\x46"
"\x0c\x22\x02\x81\x18\x48\x10\x06\x15\x64\x91\x8a\x3b\x39\x01\x24"
"\x04\x87\x02\x63\x53\x92\x27\x10\x80\x92\x3c\x01\x29\x48\xe0\x1b"
"\x03\x31\x08\x86\x18\x14\x40\x08\x82\x81\xe6\x2b\x84\xa4\xd8\x00"
"\x7c\x69\x40\x06\xc1\x80\x8e\x41\xaf\x36\x5a\x00\x03\x35\x18\x83"
"\x01\x1d\x03\x5f\x6d\x7a\x00\x06\xc6\x18\x0c\xe8\x18\xcc\x61\xc3"
"\x03\x30\x60\x83\x31\x70\x65\x30\xa0\x62\xa8\xca\xc0\x20\x83\x01"
"\x15\x43\x54\x06\x06\x19\x0c\xa8\x18\x86\x32\x30\xc8\x00\x05\xb6"
"\x02\xf1\x81\x50\x07\x02\x09\x82\xa0\x82\x21\xd2\x91\x2b\x27\x80"
"\x84\xe0\x50\x80\x6c\x52\x7a\x05\x06\x64\xb0\x07\xe0\x4b\x83\x32"
"\x08\x64\x3b\x98\x03\xf8\xd2\xe0\x0c\x02\x55\x0e\x83\xa8\x73\x18"
"\xc2\xa1\xc1\x80\x8a\x81\x38\x83\x04\x0d\x06\x54\x0c\xe0\x75\x06"
"\x67\x80\x06\x03\x2a\x06\xf1\x3a\x83\x31\x40\x83\x01\x15\x84\x68"
"\x9c\x41\x85\x06\x89\x30\x17\x10\x58\x01\x01\x02\xc5\x6c\x82\x11"
"\x17\x08\xb1\x62\x90\x20\x08\xa8\x70\x97\x43\x81\xc1\x28\x78\x17"
"\x44\x81\xc0\x28\x80\x97\x43\x81\xc0\x25\x6d\x82\xa1\x82\x00\x10"
"\x12\xb0\x0a\x86\x48\x90\xbc\x9c\x00\x12\x82\x43\x41\xb4\x69\xb2"
"\x17\x18\x90\x81\x05\xbe\x34\x40\x83\x60\x40\xcd\xa0\x62\x9a\x8a"
"\x99\x01\x4a\x7c\xb4\x30\x06\x78\x50\x06\x06\x1a\xc8\x52\xf1\x13"
"\xf0\xb1\x81\x1a\x04\xa4\x6f\x06\x82\x82\x1d\x01\x15\x00\xaa\x42"
"\x85\x08\x29\x2e\xba\x12\x4a\x5b\x79\x95\x70\x74\x43\xc0\x2e\x82"
"\xe2\x95\x21\x46\x37\x04\x22\x23\xa0\x25\x10\x14\xd8\x04\xb8\x35"
"\x18\x50\x41\x34\x6b\xe0\x63\x6a\x30\xa0\x02\x38\xd6\x80\x52\x83"
"\x01\x15\xc3\xb1\x06\x86\x1a\xa8\x20\x80\x32\x04\x21\x3e\x10\x86"
"\x94\x41\x43\xbd\x60\x32\x68\x06\x06\x64\xf0\x80\x8f\x0d\xd6\x20"
"\x60\x01\x62\x00\x55\x00\x00\x00\x5b\x06\x20\x38\x83\x2d\x83\x10"
"\xa4\xc1\x96\x81\x08\xd2\x60\xcb\x70\x04\x6a\xb0\x65\x40\x82\x34"
"\xd8\x32\x3c\x41\x1a\x6c\x19\xa6\x20\x0d\xb6\x0c\x56\xa0\x06\x5b"
"\x86\x2e\x48\x83\x2d\x03\x18\x04\x69\xb0\x65\x18\x83\x40\x0d\xb6"
"\x0c\x73\x10\xa4\xc1\x96\x81\x0e\x82\x34\xd8\x32\x80\x42\x90\x06"
"\x5b\x06\x51\x08\xd4\x60\xcb\x90\x0a\x41\x1a\x6c\x19\x64\x41\xaa"
"\xb6\x0c\xb7\x10\xa4\xc1\x96\x41\x17\x02\x35\xd8\x32\x84\x43\x90"
"\x06\x5b\x86\x72\x08\xd2\x60\xcb\x80\x0e\x81\x1a\x6c\x19\xde\x21"
"\x48\x83\x2d\x43\x3f\x04\x69\xb0\x65\xf8\x87\x40\x0d\xb6\x0c\x26"
"\x11\xa4\xc1\x96\xe1\x25\xa4\x6a\xcb\x50\x13\xc1\x19\x6c\x19\xc6"
"\x22\x50\x83\x2d\xc3\x5a\x48\x71\xb0\x65\x08\x8d\x40\x0d\xb6\x0c"
"\xa9\x21\xc9\xc1\x96\xc1\x36\x02\x35\xd8\x32\xf4\x86\x34\x07\x5b"
"\x86\xf4\x08\xd2\x60\xcb\xb0\x1e\x81\x1a\x6c\x19\xe4\x23\x48\x83"
"\x2d\xc3\x7e\x48\xd5\x96\x01\x44\x82\x34\xd8\x32\x8c\x48\xa0\x06"
"\x5b\x06\x15\x09\xd2\x60\xcb\xe0\x22\x41\x1a\x6c\x19\x62\x24\x50"
"\x83\x2d\x03\x8e\x04\x69\xb0\x65\x30\x93\x20\x0d\xb6\x0c\x68\x12"
"\xa8\xc1\x96\xe1\x4d\x82\x34\xd8\x32\xe0\x89\x54\x6d\x19\xf8\x24"
"\x38\x83\x2d\x83\xaa\x04\x6a\xb0\x65\x90\x15\x89\x0e\xb6\x0c\xe8"
"\x12\xa8\xc1\x96\x01\x5e\xa4\x3a\xd8\x32\xf4\x4b\xa0\x06\x5b\x06"
"\x92\x91\xec\x60\xcb\x00\x33\x41\x1a\x6c\x19\x64\x26\x50\x83\x2d"
"\x43\xce\x04\x69\xb0\x65\x10\x1b\xa9\xda\x32\x98\x4d\x70\x06\x5b"
"\x06\xbb\x09\xd4\x60\xcb\xb0\x37\x92\x05\x00\x00\x41\x62\x00\x00"
"\x66\x00\x00\x00\x0b\x86\x00\x60\x9d\x05\x43\x00\xac\xce\x02\x22"
"\x10\x00\xba\x59\x30\x04\x00\xda\x2c\x18\x02\x40\x6c\x16\x0c\x01"
"\xa0\x33\x0b\x86\x00\xc0\x99\x05\x43\x00\xcc\xcc\x82\x21\x00\x60"
"\x66\xc1\x10\x00\x27\xb3\xa0\x00\x06\x21\x00\x99\x05\x44\x00\x08"
"\xf9\xb2\x60\x08\x00\x7b\x59\x30\x04\x40\xbb\x2c\x30\x80\x81\x10"
"\x82\x75\x59\x70\x14\x03\x10\x10\x02\xba\x2c\x20\x04\x20\x38\x97"
"\x05\x06\x10\x10\x83\x40\x2e\x0b\x88\x40\x00\x76\x65\xc1\x10\x00"
"\xaf\xb2\xa0\x08\x00\x61\x48\x95\x05\x44\x00\x08\xa0\xb2\xa0\x18"
"\x80\x40\xf8\x93\x05\x44\x00\x08\x7e\xb2\xa0\x08\x00\x61\xe8\x93"
"\x05\x44\x00\x08\x77\xb2\x80\x10\x02\x40\x4e\x16\x0c\x01\x10\x27"
"\x0b\x0a\x40\x18\x02\x34\x59\x30\x04\x00\x8f\x2c\x18\x02\xc0\x46"
"\x16\x0c\x01\xe0\x22\x0b\x86\x00\x60\x91\x05\x43\x00\x90\xc8\x82"
"\x21\x00\xf6\x63\x41\x01\x0c\x42\x40\x1f\x0b\x86\x00\x50\x8f\x05"
"\x43\x00\x84\xc7\x02\x03\x18\x08\x21\xf8\x8d\x05\x47\x31\x00\x01"
"\x21\xf0\xc6\x02\x42\x00\x82\xdd\x58\x60\x00\x01\x31\x08\xb8\xb1"
"\xa0\x00\x84\x21\x68\x8d\x05\x43\x00\x84\xc6\x82\x03\x10\x86\x80"
"\x28\xf6\x62\x81\x01\x0c\x81\x40\xc8\xc5\x82\x62\x00\x02\x21\x2e"
"\x16\x10\x01\x20\xc0\xc5\x82\x22\x00\x84\xe1\x2d\x16\x10\x01\x20"
"\xa4\xc5\x02\x42\x08\x00\xb2\x58\x30\x04\xc0\x58\x2c\x28\x00\x61"
"\x08\x74\x62\xc1\x10\x00\x2e\xb1\x80\x08\x00\x01\x25\x16\x10\x01"
"\x20\xfc\xc3\x82\x22\x00\x84\x81\x1e\x16\x14\x01\x20\x0c\xe8\xb0"
"\xa0\x09\x84\x81\x00\x0a\xe3\x40\x12\x65\xe1\x85\x09\x43\x00\xac"
"\xc1\x84\x03\x20\x82\x41\x28\xd2\x60\xc2\x10\x00\x68\x30\x61\x08"
"\x80\x32\x98\x40\x04\x80\x40\x06\x13\x86\x00\xc8\x26\x1c\x00\x11"
"\x0c\x42\x61\x4d\x18\x02\xa0\x9a\x30\x04\x80\x34\x81\x08\x00\x21"
"\x9a\x30\x04\x80\x31\x61\x08\x00\x01\x00\x00\x00\x00\x00\x00\x00"
"\x61\x28\x00\x00\xf9\x03\x00\x00\x23\x08\xd8\x21\x2c\x10\x00\x00"
"\x3d\x00\x00\x00\x44\x94\x46\x89\x94\x42\x19\xd0\x50\x02\x65\x40"
"\x41\x21\x14\x08\x0d\x05\x3e\x40\xd7\x58\x10\x10\x08\x03\x51\x18"
"\x07\x92\x28\x0b\xd3\x38\xcf\x08\xc0\x58\xd0\x30\x0c\xc3\x30\x0c"
"\xc3\x30\x0c\xc3\x30\x0c\x03\x0d\x05\x42\xd7\x58\x10\x04\x41\x10"
"\x04\x41\x10\x04\x41\x10\x04\x41\x10\x0d\x85\x51\xf8\x03\xa3\x01"
"\x94\xcd\x41\xc4\x02\x1e\xe0\x01\x1e\x8c\x06\x10\x38\x02\x40\xd9"
"\x58\x04\x10\x08\xc3\x58\xc4\x30\x0c\x03\x0d\x85\x40\xd9\x58\x04"
"\x41\x10\x04\x05\x55\x55\x0a\x45\x55\x56\x85\x55\x5a\xc5\x55\x5e"
"\x05\x56\x62\x45\x56\x66\x85\x56\x6a\xc5\x56\x6e\x05\x57\x72\x04"
"\x8d\x00\x90\x33\x02\x50\x03\x24\x8d\x00\xd0\x50\x40\x14\x14\x50"
"\x09\x15\x51\x19\x15\x52\x29\x15\x53\x39\x15\x54\x49\x95\x00\x11"
"\x35\x40\x41\x49\xd0\x50\xc0\xff\xff\xff\x1f\x25\x42\xdf\x08\x00"
"\x0d\x25\x54\x62\x05\x18\x50\x82\x01\x25\x1a\x50\xc0\x01\x25\x1c"
"\x50\xe2\x01\x05\x28\x50\x82\x02\x25\x2a\x50\xc0\x02\x25\x2c\x50"
"\xe2\x02\x05\x38\x50\x82\x03\x25\x3a\x50\x30\x05\xff\xff\xff\xff"
"\x41\xe2\x08\x00\x0d\x05\x01\x00\xe1\x61\x00\x00\x13\x00\x00\x00"
"\x2b\x08\x39\x60\x83\x36\x70\x83\x15\xc4\x1c\xb0\x41\x1b\xb8\xc1"
"\x0a\x82\x0e\xd8\xc0\x0d\xda\x60\x05\x51\x07\x6c\xd0\x06\x6e\xb0"
"\x82\xb0\x03\x36\x68\x03\x37\x58\x41\xdc\x01\x1b\xb8\x41\x1b\xac"
"\x28\xf0\x80\x0d\xde\xa0\x0d\xdc\x60\x45\x91\x07\x6c\xf0\x06\x6d"
"\xe0\x06\x2b\x0a\x3d\x60\x83\x37\x70\x83\x36\x00\x44\x26\x06\xa2"
"\x02\x40\x09\x4c\x10\x23\x05\xbc\x00\x02\x45\x26\x82\xa1\x84\x41"
"\xe2\x02\x81\x08\x48\x10\x04\x02\x13\xc4\x40\x01\x2f\x1c\x0a\x04"
"\x46\x41\x2f\x20\x0a\x04\x46\x81\x2f\x1c\x0a\x04\x2e\x37\x11\x0c"
"\x15\x04\x80\x92\x80\x93\x63\x0e\x20\x50\x7e\x22\x18\xca\x19\x24"
"\x2e\x10\xa2\x80\x04\x41\x40\x07\x3a\x1c\x0a\x10\x46\x41\x3a\x20"
"\x0a\x04\x46\x81\x3a\x1c\x0a\x04\x56\x41\x00\x08\x09\x38\x69\xed"
"\x00\x02\x88\x88\x87\x43\x41\xc1\x28\x90\x07\x44\x81\xc0\x28\x98"
"\x87\x43\x81\xc0\x85\x2d\x82\x41\xe8\x82\x18\x32\xf0\x07\xf3\x05"
"\x43\xa0\x92\x41\xd6\x30\x44\x80\x13\x06\x54\x0c\x44\x90\x08\x03"
"\x2a\x06\x15\x09\xce\x40\x18\x50\x31\xb0\x48\x30\x06\xc2\x80\x0a"
"\x02\x0a\x2a\x21\x11\xfb\x00\x02\x2b\x20\x40\xa0\xec\x45\x30\xe2"
"\x02\x81\x0d\x0c\x12\x04\x01\x15\x23\x71\x28\x30\x18\x05\x24\x81"
"\x28\x10\x18\x05\x25\x71\x28\x10\xb8\xf8\x45\x30\x54\x10\x00\x42"
"\x02\x56\xc1\x10\x09\x3a\x89\x13\x40\x42\x70\x28\x88\x36\x4d\x2b"
"\x01\x03\x32\xb0\xc0\x37\x08\xc1\x80\x0a\xc2\x0e\x00\x49\x18\x50"
"\x41\x90\x02\x40\x06\xc2\x80\x8a\x01\x4f\x00\x45\x48\x42\x4e\x80"
"\x40\x79\x8d\x60\xa8\x61\x90\xb8\x40\x08\x85\x80\x04\x41\x40\x07"
"\x4e\x1c\x0a\x10\x46\x41\x4e\x20\x0a\x04\x46\x81\x4e\x1c\x0a\x04"
"\x2e\xb3\x11\x0c\x15\x04\x80\x90\x80\x93\x23\x16\x20\x50\x76\x23"
"\x18\xaa\x19\x24\x2e\x10\x5a\x21\x20\x41\x10\xd0\x41\x16\x87\x02"
"\x84\x51\x50\x16\x88\x02\x81\x51\x60\x16\x87\x02\x81\xcb\x6f\x04"
"\x43\x05\x01\x48\x24\x00\x1f\x31\x05\xaf\x38\xe8\x40\x31\x83\x2c"
"\x3b\x18\x22\xc0\x19\x03\x2a\x06\xa2\x48\x8c\x01\x15\x03\xbc\x14"
"\x67\x60\x0c\xa8\x18\xe4\xa5\x18\x03\x63\x40\x05\x01\x15\x95\x91"
"\x08\xb7\x00\x81\x15\x10\x20\x50\xdc\x23\x18\x71\x81\xf0\x0b\x06"
"\x09\x82\x80\x0a\xbb\x38\x14\x18\x8c\x82\xbb\x40\x14\x08\x8c\x02"
"\xbc\x38\x14\x08\x5c\xe2\x23\x18\x2a\x08\x00\x21\x01\xab\x60\x88"
"\x04\xe9\xc5\x09\x20\x21\x38\x14\x44\x9b\x26\xbf\x80\x01\x19\x58"
"\xe0\x3b\x8c\x60\x40\x05\x61\x07\x84\x64\x0c\xa8\x20\x54\x81\x20"
"\x03\x63\x40\xc5\xe0\x33\x84\x62\x48\x38\x48\x03\xf0\x59\x48\x40"
"\x4e\x64\x20\x2a\x00\x54\xad\xc1\x10\x92\x0d\x4a\x83\x7c\x51\x12"
"\xc8\x36\x28\x0d\xf2\x39\x4a\x80\x86\xd2\xd0\x88\x40\x28\x10\xb7"
"\x0c\xa8\x18\xe0\x46\x99\x96\x01\x15\x97\xcb\x28\xd3\x32\xa0\xe2"
"\x72\x19\xa5\x59\x22\x02\x81\x18\x48\xf0\x05\x15\x5c\x91\x0a\xd5"
"\x38\x01\x24\x04\x87\x02\x63\x53\xc2\x1a\x10\x80\x12\xd6\x00\x29"
"\x34\xe0\x63\x96\x60\x88\x41\x01\x84\x20\x18\x60\xe8\x41\xc8\x47"
"\x02\x9f\xd5\x04\xe8\x82\x00\x51\xb0\xa1\x32\x40\x0f\xf0\x45\x4e"
"\x30\xa0\x62\x30\x83\x46\x76\x92\x01\x15\x03\xd3\xd0\x4e\x82\xb0"
"\xd9\x50\xd4\x05\x30\x8e\x61\x36\x86\xf6\x18\xc7\x30\x1b\x85\x7b"
"\x0c\x64\x08\x68\x63\x36\x52\x30\x1b\x1b\x10\x11\x08\x9f\x18\xb8"
"\x67\x40\xc5\x20\x39\xd3\x33\xa0\x22\x33\x9c\xe9\x19\x50\x91\x39"
"\x4e\xf3\x44\x04\x02\x31\x90\x20\x0c\x2a\xc8\x22\x15\xba\x71\x02"
"\x48\x08\x0e\x05\xc6\xa6\x84\x37\x20\x00\x25\xbc\x01\x52\x90\xc0"
"\x07\x3d\xc1\x10\x83\x02\x08\x41\x30\xd0\x42\x84\x90\x14\x1b\x80"
"\xcf\x8a\x82\x01\x1d\x03\x08\x21\xb4\xd0\xa8\x01\x34\xa0\x63\x10"
"\x21\x44\x0f\x1a\x03\x1a\xd0\x31\x98\x03\x82\x07\x0d\x1b\x40\x4e"
"\x1a\x50\x31\x54\x92\x11\x0d\xa8\x18\x22\xc9\x88\x06\x54\x0c\x83"
"\x64\x44\x28\xc8\x0f\x88\x0f\x84\x3a\x10\x48\x10\x04\x15\x0c\x91"
"\x0e\xfe\x38\x01\x24\x04\x87\x02\x64\x93\x02\x22\x30\x20\x83\x3d"
"\x00\x9f\x25\x05\xf2\x1d\xd0\x01\x7c\x16\x15\xa8\x73\x18\x44\xa5"
"\xc3\x10\xae\x1a\x50\x31\x10\x54\x52\x0d\xa8\x18\xcc\x88\x3a\x83"
"\x6a\x40\xc5\x80\x46\xd4\x18\x54\x03\x2a\x08\xd3\xa0\xaa\x2a\x11"
"\x29\x02\x02\x2b\x20\x40\xa0\xa4\x4a\x30\xe2\x02\x41\x2f\x0c\x12"
"\x04\x01\x15\x31\x72\x28\x30\x18\x05\x32\x82\x28\x10\x18\x05\x33"
"\x72\x28\x10\xb8\xb0\x4a\x30\x54\x10\x00\x42\x02\x56\xc1\x10\x09"
"\xaa\x91\x13\x40\x42\x70\x28\x88\x36\x4d\x39\x02\x03\x32\xb0\xc0"
"\x67\x55\xc1\x80\x1a\xc2\x2e\x0e\xf6\x98\xec\x02\xb2\x0b\xc6\x2e"
"\x24\xa9\x1a\x50\x43\xd8\xc5\x01\x22\x93\x5d\x40\x76\xc1\xd8\x85"
"\x44\x06\xd5\x80\x9a\x81\x96\x0e\x5a\x9a\x70\x01\x62\x09\x86\x0f"
"\x24\xa5\x4a\xc2\x99\x80\x40\xe9\x95\x60\xa8\x61\x90\xb8\x40\x78"
"\x8d\x80\x04\x41\x40\x87\x99\x1c\x0a\x10\x46\xc1\x99\x20\x0a\x04"
"\x46\x01\x9a\x1c\x0a\x04\x2e\xe1\x12\x0c\x15\x04\x80\x90\x80\x93"
"\x03\x27\x20\x50\xd2\x25\x18\xaa\x19\x24\x2e\x10\x76\x23\x20\x41"
"\x10\xd0\x21\x27\x87\x02\x84\x51\x30\x27\x88\x02\x81\x51\x40\x27"
"\x87\x02\x81\x4b\xbb\x04\x43\x05\x01\x48\x24\x00\xdf\x65\x06\xc1"
"\xc3\x34\xd1\x50\xcc\x20\x8b\x34\x86\x08\x70\xd9\x80\x8a\x81\xc0"
"\x92\x6c\x40\xc5\xc0\x52\xd8\x19\x64\x03\x2a\x06\x97\xc2\xc6\x20"
"\x1b\x50\x41\x40\x58\x95\x25\x82\x4f\x40\x60\x05\x04\x08\x14\x7e"
"\x09\x46\x5c\x20\xb4\x87\x41\x82\x20\xa0\x82\x54\x0e\x05\x06\xa3"
"\xa0\x54\x10\x05\x02\xa3\xc0\x54\x0e\x05\x02\x97\x7f\x09\x86\x0a"
"\x02\x40\x48\xc0\x2a\x18\x22\x41\xa8\x72\x02\x48\x08\x0e\x05\xd1"
"\xa6\x89\x55\x60\x40\x06\x16\xf8\xb4\x2c\x18\x50\x31\xd8\xd5\x65"
"\x64\xd2\x0d\xce\x00\x7c\x69\xb0\x05\x64\x66\x06\xa2\x02\x40\x55"
"\x1a\x0c\x21\xd5\x20\x56\xc8\x47\x06\x5c\x20\xd7\x20\x56\xc8\x17"
"\x06\x5d\x80\x86\x58\xd1\x88\x40\x28\x10\xe7\x0d\xa8\x18\x50\xab"
"\x9b\xbc\x01\x15\x97\x59\x75\x93\x37\xa0\xe2\x32\xab\xae\xf1\x22"
"\x02\x81\x18\x48\xf0\x05\x15\x5c\x91\x0a\x5b\x39\x01\x24\x04\x87"
"\x02\x63\x53\x82\x2b\x10\x80\x12\x5c\x01\x29\x34\xe0\xfb\xbc\x60"
"\x88\x41\x01\x84\x20\x18\x60\xf4\x42\xc8\x47\x02\x5f\x1a\x80\x41"
"\x80\x2e\x08\x10\xc5\x2b\x2a\x03\x7a\x01\x1f\x19\x84\x41\x30\xa0"
"\x62\x30\x03\x30\x50\x2f\x6e\x40\xc5\xc0\x80\x01\x7b\x71\x08\xfb"
"\x15\x45\x5d\x00\xe3\x18\x7e\x65\xc8\x97\x71\x0c\xbf\x52\xe8\xcb"
"\x40\x86\x00\x5c\x7e\x25\x05\xbf\xb2\x01\x11\x81\xf0\x89\x81\x13"
"\x83\x01\x15\x83\x14\x06\x93\x18\x0c\xa8\xc8\x8c\x30\x98\xc4\x60"
"\x40\x45\xe6\x84\x41\x23\x06\x11\x81\x40\x0c\x24\x08\x83\x0a\xb2"
"\x48\x85\xb9\x9c\x00\x12\x82\x43\x81\xb1\x29\x41\x17\x08\x40\x09"
"\xba\x80\x14\x24\xf0\x8d\x81\x18\x04\x43\x0c\x0a\x20\x04\xc1\x40"
"\x6b\x19\x42\x52\x6c\x00\xbe\x34\x20\x83\x60\x40\xc7\x80\x63\x1b"
"\x2d\x80\x81\x1a\x8c\xc1\x80\x8e\x41\xc7\x36\x3d\x00\x03\x63\x0c"
"\x06\x74\x0c\xe6\xb0\xe1\x01\x18\xb0\xc1\x18\xb8\x32\x18\x50\x31"
"\x54\x65\x60\x90\xc1\x80\x8a\x21\x2a\x03\x83\x0c\x06\x54\x0c\x43"
"\x19\x18\x64\x80\x82\x92\x81\xf8\x40\xa8\x03\x81\x04\x41\x50\xc1"
"\x10\xe9\x40\x99\x13\x40\x42\x70\x28\x40\x36\x29\x2c\x03\x03\x32"
"\xd8\x03\xf0\xa5\x41\x19\x04\xb2\x1d\xcc\x01\x7c\x69\x70\x06\x81"
"\x2a\x87\x41\xd4\x39\x0c\xe1\xd0\x60\x40\xc5\x40\x9c\x41\x82\x06"
"\x03\x2a\x06\x3f\x3b\x83\x33\x40\x83\x01\x15\x03\xa8\x9d\xc1\x18"
"\xa0\xc1\x80\x0a\x42\x34\xce\xa0\x42\x83\x44\xd4\x0c\x08\xac\x80"
"\x00\x81\x52\x3b\xc1\x88\x0b\x04\x53\x31\x48\x10\x04\x54\xf4\xcc"
"\xa1\xc0\x60\x14\xf8\x0c\xa2\x40\x60\x14\xfc\xcc\xa1\x40\xe0\x82"
"\x3b\xc1\x50\x41\x00\x08\x09\x58\x05\x43\x24\x28\x6c\x4e\x00\x09"
"\xc1\xa1\x20\xda\x34\x95\x0d\x0c\xc8\xc0\x02\x5f\x1a\xa0\x41\x30"
"\xa0\x66\x40\x37\x0d\xdd\xcc\x00\x25\x3e\x5a\x18\x03\x3c\x28\x03"
"\x03\x0d\x08\xfa\x04\x41\x06\x75\x03\xbe\x35\x50\x83\x40\xad\xca"
"\x10\x43\x0c\x0c\x29\x04\xc1\x80\x7a\x1d\xb6\x09\xdc\x1a\x20\x56"
"\xb9\x19\x90\x41\xda\x90\x52\x46\x70\x86\x7c\x6c\xe0\x0a\xc2\x6b"
"\x03\x3f\x08\x54\x4c\x10\xa0\x10\x02\x94\x00\xad\x12\xa0\x1d\xcc"
"\x18\x04\xb3\xd2\x07\xbb\x90\x0b\xbc\xe0\x06\xbd\xf0\x06\xbe\x00"
"\x07\xbf\x10\x07\xe0\x20\x07\xe1\x30\x07\xe2\x40\x07\xe3\x50\x07"
"\xe4\x60\x07\xe5\x70\x07\xe6\x80\x07\xe7\x90\x07\xe8\xa0\x07\xe9"
"\xb0\x07\xea\xc0\x07\x52\x08\x02\x97\x0b\x72\x10\x04\x97\x0b\x92"
"\x18\x06\x97\x0b\xb2\x20\x08\x97\x0b\xd2\x28\x0a\x97\x0b\xf2\x30"
"\x1c\x97\x0b\x12\x91\x99\x43\x22\x33\x73\x8c\x6e\x08\x66\x46\x70"
"\xb9\x20\x97\x9a\x41\xe4\x62\x33\xc8\xe8\x86\x9a\x09\x04\x97\x0b"
"\xd2\x69\x12\x97\x0b\xf2\x71\x14\x97\x0b\x12\x7a\x16\x97\x0b\x32"
"\x82\x18\x97\x0b\x52\x8a\x1a\x97\x0b\x72\x92\x1c\x97\x0b\x2e\x17"
"\xa0\x3a\x0b\x69\x95\x27\xed\x60\xc6\x20\x38\x97\x3e\xd8\x85\x5c"
"\xe0\x85\x3f\xe8\x05\x50\xf0\x85\x50\xf8\x05\x51\x00\x87\x51\x08"
"\x07\x52\x10\x87\x52\x18\x07\x53\x20\x87\x53\x28\x07\x54\x30\x87"
"\x54\x38\x07\x55\x40\x87\x55\x48\x07\x56\x50\x87\x56\x90\x42\x10"
"\xb8\x5c\x90\x83\x20\xb8\x5c\x90\xc4\x30\xb8\x5c\x90\x05\x41\xb8"
"\x5c\x90\x46\x51\xb8\x5c\x90\x87\xe1\xb8\x5c\x90\xc8\xd8\x1c\x12"
"\x21\x9b\x63\x74\x43\x70\x36\x82\xcb\x05\xb9\x98\x0d\x22\x97\xb3"
"\x41\x46\x37\xa4\x4d\x20\xb8\x5c\x90\x4e\x93\xb8\x5c\x90\x8f\xa3"
"\xb8\x5c\x90\xd0\xb3\xb8\x5c\x90\x11\xc4\xb8\x5c\x90\x52\xd4\xb8"
"\x5c\x90\x93\xe4\xb8\x5c\x70\xb9\x80\xf6\xc2\x6d\x2e\x05\x6f\x93"
"\x01\x68\x0e\xe0\xe6\x52\x10\x37\x19\x30\xba\x61\xf8\x8b\x37\x18"
"\xdd\x20\xd8\x01\x1c\x0c\xe6\x0a\xfe\x25\x17\xe0\xe1\x15\xe2\x01"
"\x16\xe4\x21\x16\xe6\x41\x16\xe8\x61\x16\xea\x81\x16\xec\xa1\x16"
"\xee\xc1\x16\xf0\xe1\x16\xf2\x01\x17\x64\x68\xdc\x01\xe8\x72\x41"
"\x8a\x06\x1e\x84\x2e\x17\xe4\x68\xe4\x81\xe8\x72\x41\x92\x86\x1e"
"\x8c\x2e\x17\x64\x69\xec\x01\xe9\x72\x41\x9a\x06\x1f\x94\x2e\x17"
"\x24\x72\x98\x2e\x17\x64\x82\x9c\x2e\x17\xa4\x92\xa0\x2e\x17\xe4"
"\xa2\xa4\x2e\x17\x06\x74\x0b\x0e\x3b\xb8\x81\x3a\xbc\x01\x3a\xc0"
"\x81\x39\xc4\x01\x39\xc8\x81\x38\xcc\x01\x2f\xd0\x81\x2d\xd4\x01"
"\x2d\xd8\x81\x2c\xdc\x01\x2c\xe0\x81\x2b\xe4\x01\x2b\xe8\x81\x2a"
"\xec\x01\xc8\xf1\x81\xc8\xb5\x01\x29\xfc\x81\x28\x80\x02\x28\x84"
"\x82\x1f\x88\x02\x1f\x8c\x82\x1e\x90\x02\x1d\x94\x82\x1b\x98\x02"
"\x1b\x9c\x82\x1a\xa0\x02\x1a\xa4\x82\x19\xa8\x02\x19\xac\x82\x18"
"\xb0\x02\xc8\xb5\x82\xc8\xf9\x81\xc8\xb9\x02\xf5\x0a\x12\x2c\x40"
"\xb1\xe0\xc8\x02\x33\x0b\x0a\x2d\x20\xb5\x60\xd8\x02\x71\x0b\x02"
"\x2e\x48\x93\xf9\x17\xf0\xad\x83\x2e\x04\x4a\x08\x82\xb8\xd1\x40"
"\x50\xd0\x2b\xa0\x02\x40\xd5\xc8\x10\x51\x84\x22\x48\x92\xd1\x1b"
"\xf0\xad\xc3\x2e\x04\x49\xd0\x1b\x10\x50\xc1\x10\xf2\x64\xf6\x86"
"\x7c\xe9\xc0\x0b\x81\x44\x99\xd3\x21\x9f\x39\xf4\x42\x80\x06\xbe"
"\xd1\xf8\x40\x40\xea\x27\x3e\x10\x92\xbe\x29\x42\xdf\x84\x12\xf4"
"\x4d\x90\x43\xeb\x80\x8f\x1c\x7c\x21\x88\x08\x84\xa5\x6f\x22\x02"
"\x81\xe9\x9b\x22\x80\x4e\x28\x01\xe8\x04\x69\xf4\x0d\xf8\xc8\xe1"
"\x17\x82\x88\x40\x70\xfa\x26\x22\x10\x9e\xbe\x29\xc2\xe8\x84\x12"
"\x8c\x4e\x90\x49\xdf\x80\x8f\x1c\xc0\x21\x88\x08\x84\xa8\x6f\x22"
"\x02\x41\xea\x9b\x22\x98\x4e\x28\x81\xe9\x04\xc9\xf4\x0d\xf8\xc8"
"\x21\x1c\x82\x88\x40\xa0\xfa\x26\x22\x10\xaa\xbe\x29\x42\xea\x84"
"\x12\xa4\x4e\x90\x4f\xdf\x80\x8f\x1c\xc4\x21\x88\x08\x84\xab\x6f"
"\x22\x02\x01\xeb\x9b\x22\xb0\x4e\x28\x01\xeb\x04\x29\xf5\x0d\xf8"
"\xc8\x61\x1c\x82\x88\x40\xd0\xfa\x26\x22\x10\xb6\xbe\x29\xc2\xeb"
"\x84\x12\xbc\x4e\x70\xe4\x20\x2b\x0c\x7c\xeb\x50\x0e\xc1\xb2\x08"
"\x08\x48\x01\x0d\x6d\x40\x44\x20\x7c\x18\xe2\x42\x47\x65\xb0\x43"
"\xe0\x4b\x07\x73\x08\x06\x54\x0c\x76\x50\x0e\x78\x18\xf0\x02\xfa"
"\x46\x47\x57\x40\x40\x40\x0a\x76\x68\x03\x22\x02\xc1\x0c\x86\x88"
"\x40\x38\x03\x1a\x72\xe7\x30\xa0\x62\x60\xcc\xa1\x38\x87\x88\x40"
"\x10\x82\x12\xa4\x4e\x48\x02\xea\x40\x80\x0c\x10\xf0\xa1\xc3\x39"
"\x04\x32\x41\x03\xf0\xad\x43\x3a\x04\x03\x3a\x08\x53\x0c\x76\xc1"
"\x2b\x07\x08\x1d\x06\x74\x00\xbc\xb0\x0b\x5e\x39\x40\xe8\xe0\xd4"
"\x61\x40\x05\x71\xa8\x03\x91\x0e\x03\x2a\x80\x41\x1d\x88\x74\x88"
"\x0f\x84\xc0\x87\x4a\xb0\x46\x21\x0d\x68\x04\x03\x32\x90\x03\xf0"
"\xad\x83\x3a\x04\x2c\x40\x0c\x00\x73\x00\x00\x00\x5b\x06\x20\x38"
"\x83\x2d\x83\x10\xa4\xc1\x96\x81\x08\xd2\x60\xcb\x70\x04\x6a\xb0"
"\x65\x40\x82\x34\xd8\x32\x3c\x41\x1a\x6c\x19\xa6\x20\x0d\xb6\x0c"
"\x56\xa0\x06\x5b\x06\x33\x08\xd2\x60\xcb\x70\x06\x41\x1a\x6c\x19"
"\xe6\x20\x48\x83\x2d\x43\x1d\x04\x6a\xb0\x65\xe0\x83\x20\x0d\xb6"
"\x0c\xa5\x20\x55\x5b\x06\x55\x08\xd2\x60\xcb\xd0\x0a\x81\x1a\x6c"
"\x19\x68\x21\x48\x83\x2d\x03\x2e\x04\x69\xb0\x65\xd8\x85\x40\x0d"
"\xb6\x0c\xe2\x10\xa4\xc1\x96\x01\x1e\x82\x34\xd8\x32\xc8\x43\xa0"
"\x06\x5b\x86\x7c\x08\xd2\x60\xcb\x20\x12\x52\xb5\x65\x40\x89\xe0"
"\x0c\xb6\x0c\x36\x11\xa8\xc1\x96\xc1\x27\xa4\x38\xd8\x32\xd0\x45"
"\xa0\x06\x5b\x06\xbe\x90\xe4\x60\xcb\x90\x1a\x81\x1a\x6c\x19\x60"
"\x43\x9a\x83\x2d\x03\x6f\x04\x69\xb0\x65\xf0\x8d\x40\x0d\xb6\x0c"
"\xe5\x11\xa4\xc1\x96\xc1\x3d\xa4\x6a\xcb\x30\x1f\x41\x1a\x6c\x19"
"\xec\x23\x50\x83\x2d\x43\x7f\x04\x69\xb0\x65\x08\x91\x20\x0d\xb6"
"\x0c\x24\x12\xa8\xc1\x96\x61\x45\x82\x34\xd8\x32\xe4\x48\x90\x06"
"\x5b\x86\x1d\x09\xd4\x60\xcb\x20\x26\x41\x1a\x6c\x19\xd6\x44\xaa"
"\xb6\x0c\x6f\x12\x9c\xc1\x96\xa1\x4f\x02\x35\xd8\x32\x94\x8a\x44"
"\x07\x5b\x86\x5d\x09\xd4\x60\xcb\x30\x2e\x52\x1d\x6c\x19\xe0\x25"
"\x50\x83\x2d\xc3\xbd\x48\x76\xb0\x65\x18\x99\x20\x0d\xb6\x0c\x25"
"\x13\xa8\xc1\x96\x81\x65\x82\x34\xd8\x32\xd4\x8c\x54\x6d\x19\x6e"
"\x26\x50\x83\x2d\x03\x0b\x05\x67\xb0\x65\x80\xa1\x40\x0d\xb6\x0c"
"\x3c\x14\xa8\xc1\x96\xa1\x87\x02\x35\xd8\x32\xfc\x90\x74\x07\x5b"
"\x06\x31\x0a\xd4\x60\xcb\x30\x46\x81\x1a\x6c\x19\xca\x48\xba\x83"
"\x2d\x03\x1a\x05\x6a\xb0\x65\x48\xa3\x40\x0d\xb6\x0c\x6b\x24\xdd"
"\xc1\x96\xc1\x8d\x02\x35\xd8\x32\xbc\x51\xa0\x06\x5b\x86\x38\x92"
"\xee\x60\xcb\x40\x47\x81\x1a\x6c\x19\xea\x28\x50\x83\x2d\xc3\x1d"
"\x49\x77\xb0\x65\xd0\xa3\x40\x0d\xb6\x0c\x7b\x14\xa8\xc1\x96\xa1"
"\x8f\xa4\x3b\xd8\x32\x80\x52\xa0\x06\x5b\x86\x50\x0a\xd4\x60\xcb"
"\x40\x4b\x81\x1a\x6c\x19\x6e\x49\xc2\x83\x2d\x03\x38\x05\x6a\xb0"
"\x65\x18\x27\x29\x0f\x00\x00\x00\x41\x62\x00\x00\x9a\x00\x00\x00"
"\x0b\x86\x00\x20\xa7\x05\x43\x00\x8c\xd3\x82\x21\x00\x78\x69\xc1"
"\x10\x00\xba\xb4\xa0\x18\x84\x00\xa8\xa5\x05\xcb\x91\x20\x06\x10"
"\x08\x03\x51\xe4\xd1\x02\x63\x00\x02\x42\xb0\xa3\x05\x43\x00\xcc"
"\xd1\x02\xea\x01\x22\x28\x10\x06\xa2\x30\x0e\x24\x51\x16\xc6\x69"
"\x24\x39\x5a\x50\x0c\x42\x00\x88\xd1\x82\x62\x10\x02\x20\x8c\x16"
"\x3c\x0d\x31\x08\x01\xc0\x2c\x4a\x82\x1c\x46\xa1\x42\x0b\x9e\x86"
"\x18\x84\x00\x60\x16\x25\x41\x0e\xa3\x48\xa1\x05\x4f\x43\x0c\x42"
"\x00\x30\x8b\x92\x20\x87\x51\xd8\xcf\x82\xa7\x21\x06\x21\x00\x98"
"\x45\x49\x90\xc3\x28\xea\x67\x01\x11\x00\x82\xfc\x2c\x58\x80\x40"
"\x18\x88\x22\x41\x0e\x83\x7d\x16\x10\x81\x00\x8c\xcf\x82\x21\x00"
"\x6e\x67\xc1\x10\x00\xb1\xb3\x60\x08\x80\xd4\x59\x30\x04\xc0\xe9"
"\x2c\x18\x02\x40\x74\x16\x0c\x01\xf0\x37\x0b\x86\x00\xb0\x9b\x05"
"\x05\x30\x08\xc1\xdb\x2c\x20\x02\x40\x40\x9b\x05\x43\x00\x94\xcd"
"\x82\x21\x00\x78\x66\x81\x01\x0c\x84\x10\xe8\xcc\x82\xa3\x18\x80"
"\x80\x10\x6e\x66\x01\x21\x00\x81\xcd\x2c\x30\x80\x80\x18\x84\x99"
"\x59\x40\x04\x02\xa0\x32\x0b\x86\x00\xf0\x97\x05\x45\x00\x08\x03"
"\xbe\x2c\x20\x02\x40\x78\x97\x05\xc5\x00\x04\x82\xbb\x2c\x20\x02"
"\x40\x68\x97\x05\x45\x00\x08\x03\xbb\x2c\x20\x02\x40\x30\x97\x05"
"\x0b\x10\x08\x03\x51\x24\xc8\x61\x88\xcb\x02\x42\x08\x80\x70\x59"
"\x30\x04\x00\xb8\x2c\x28\x00\x61\x08\x6e\x65\xc1\x10\x00\xab\xb2"
"\x60\x08\x80\x52\x59\x30\x04\x40\x9f\x2c\x18\x02\x60\x4f\x16\x0c"
"\x01\x30\x27\x0b\x86\x00\x50\x93\x05\x05\x30\x08\xc1\x98\x2c\x18"
"\x02\x20\x47\x16\x0c\x01\x00\x23\x0b\x0c\x60\x20\x84\xc0\x45\x16"
"\x1c\xc5\x00\x04\x84\xb0\x22\x0b\x08\x01\x08\x54\x64\x81\x01\x04"
"\xc4\x20\x9c\xc8\x82\x02\x10\x86\x80\x3f\x16\x0c\x01\x00\x1f\x0b"
"\x0e\x40\x18\x02\xa2\x50\x8f\x05\x06\x30\x04\x02\x11\x1e\x0b\x0c"
"\x62\x00\x02\x01\x3c\x16\x10\x01\x20\xfc\xc6\x82\x22\x00\x84\xc1"
"\x37\x16\x10\x01\x20\xe0\xc6\x02\x42\x08\x80\xd9\x58\x30\x04\x80"
"\x6c\x2c\x28\x00\x61\x08\x52\x63\xc1\x10\x00\x7d\xb1\x80\x08\x00"
"\xe1\x2e\x16\x10\x01\x20\xb8\xc5\x02\x43\x18\x88\x00\x20\x8b\x05"
"\x45\x00\x08\x83\x58\x2c\x60\x02\x61\x20\x80\xc2\x38\x90\x44\xb1"
"\x89\x09\x06\x20\x04\x03\xb1\x0e\x13\x86\x00\x50\x87\x09\x44\x00"
"\x08\xe9\x30\x81\x0d\x12\xe4\x30\x0a\x62\x10\x02\x40\xc9\xb0\xcb"
"\xaa\xa8\x49\x8a\xa0\xc7\x69\x98\x45\x4b\x03\x34\x38\x03\x33\x28"
"\x03\x32\x18\x03\x31\x08\x03\x30\xf8\xbc\x8e\xdb\xd4\x20\x17\x26"
"\x1c\x00\x11\x0c\x42\x91\x06\x13\x86\x00\x40\x83\x09\x43\x00\x94"
"\xc1\x04\x22\x00\x04\x32\x98\x30\x04\x40\x36\xe1\x00\x88\x60\x10"
"\x0a\x6b\xc2\x10\x00\xd5\x84\x21\x00\xa4\x09\x44\x00\x08\xd1\x84"
"\x21\x00\x8c\x09\x43\x00\x08\x00\x00\x00\x00\x00\x61\x28\x00\x00"
"\xf0\x01\x00\x00\x23\x08\xd8\x20\x2c\x10\x00\x00\x22\x00\x00\x00"
"\x44\x94\x46\x89\x94\x42\x19\xd0\x50\x02\x65\x40\x41\x21\x14\x08"
"\x0d\x05\x3e\x40\xd7\x58\x10\x10\x08\x03\x51\x18\x07\x92\x28\x0b"
"\xd3\x38\xcf\x08\xc0\x58\xd0\x30\x0c\xc3\x30\x0c\xc3\x30\x0c\xc3"
"\x30\x0c\x03\x0d\x05\x42\xd7\x58\x10\x04\x41\x10\x04\x41\x10\x04"
"\x41\x10\x04\x41\x10\x0d\x85\x51\xf8\x03\xa3\x01\x94\xcd\x41\xc4"
"\x02\x1e\xe0\x01\x1e\x8c\x06\x10\x38\x02\x40\xd9\x58\x04\x10\x08"
"\xc3\x58\xc4\x30\x0c\x03\x0d\x85\x40\xd9\x58\x04\x41\x10\x04\x05"
"\x05\x51\x04\x65\x50\x0a\xc5\x50\x0e\x34\xd4\x00\x05\x25\x40\x43"
"\xc1\x15\x58\x01\x15\x04\x00\x00\xe1\x61\x00\x00\x06\x00\x00\x00"
"\x2b\x08\x39\x60\x83\x36\x70\x83\x15\xc4\x1c\xb0\x41\x1b\xb8\xc1"
"\x0a\x82\x0e\xd8\xc0\x0d\xda\x00\x44\x1c\x06\xa2\x02\x40\x09\x38"
"\x10\x23\x05\x6c\x00\x02\x45\x1c\x82\xa1\x84\x41\xe2\x02\x81\x08"
"\x48\x10\x04\x02\x0e\xc4\x40\x01\x1b\x1c\x0a\x04\x46\x41\x1b\x20"
"\x0a\x04\x46\x81\x1b\x1c\x0a\x04\x2e\xe7\x10\x0c\x15\x04\x80\x92"
"\x80\x93\x63\x07\x20\x50\xde\x21\x18\xca\x19\x24\x2e\x10\xa2\x80"
"\x04\x41\x40\x07\x1e\x1c\x0a\x10\x46\x41\x1e\x20\x0a\x04\x46\x81"
"\x1e\x1c\x0a\x04\x2e\xf3\x10\x0c\x15\x04\x80\x90\x80\x93\xd6\x07"
"\x20\x50\xf6\x21\x18\xaa\x19\x24\x2e\x10\xba\x80\x04\x41\x40\x07"
"\x29\x1c\x0a\x10\x46\x41\x29\x20\x0a\x04\x46\x81\x29\x1c\x0a\x04"
"\x56\x41\x00\x08\x09\x38\x99\x01\x2c\x80\x00\x22\x5a\xe1\x50\x50"
"\x30\x0a\x5c\x01\x51\x20\x30\x0a\x5e\xe1\x50\x20\x70\x41\x89\x60"
"\x10\x98\x20\x86\x0c\x74\xc1\x7c\xc1\x10\xa8\x64\x90\x35\x0c\x11"
"\xe0\x84\x01\x15\x03\x11\x24\xc2\x80\x8a\x41\x34\x82\x33\x10\x06"
"\x54\x0c\xa4\x11\x8c\x81\x30\xa0\x82\x80\x82\x4a\x48\xc4\x2d\x80"
"\xc0\x0a\x08\x10\x28\x37\x11\x8c\xb8\x40\xc0\x03\x83\x04\x41\x40"
"\xc5\x2f\x1c\x0a\x0c\x46\x01\x38\x20\x0a\x04\x46\x41\x38\x1c\x0a"
"\x04\x2e\x3a\x11\x0c\x15\x04\x80\x90\x80\x55\x30\x44\x82\xc6\xe1"
"\x04\x90\x10\x1c\x0a\xa2\x4d\xd3\x39\xc0\x80\x0c\x2c\xf0\x0d\x42"
"\x30\xa0\x82\xb0\x03\x40\x12\x06\x54\x10\xa4\x00\x90\x81\x30\xa0"
"\x62\x80\x0f\x40\x11\x92\x50\x0f\x20\x50\xd6\x22\x18\x6a\x18\x24"
"\x2e\x10\x5a\x21\x20\x41\x10\xd0\x41\x0f\x87\x02\x84\x51\x50\x0f"
"\x88\x02\x81\x51\x60\x0f\x87\x02\x81\xcb\x5b\x04\x43\x05\x01\x20"
"\x24\xe0\xe4\xf8\x03\x08\x94\xbb\x08\x86\x6a\x06\x89\x0b\x84\x5c"
"\x08\x48\x10\x04\x74\x80\xc4\xa1\x00\x61\x14\x84\x04\xa2\x40\x60"
"\x14\x88\xc4\xa1\x40\xe0\xb2\x17\xc1\x50\x41\x00\x12\x09\xc0\x47"
"\x4c\xc1\x2b\x0e\x3a\x50\xcc\x20\xcb\x0e\x86\x08\x70\xc6\x80\x8a"
"\x81\x28\x12\x63\x40\xc5\x80\x26\xc5\x19\x18\x03\x2a\x06\x35\x29"
"\xc6\xc0\x18\x50\x41\x40\x45\x65\x24\x42\x25\x40\x60\x05\x04\x08"
"\x14\xd5\x08\x46\x5c\x20\xac\x83\x41\x82\x20\xa0\x42\x26\x0e\x05"
"\x06\xa3\x60\x26\x10\x05\x02\xa3\x80\x26\x0e\x05\x02\x97\xd6\x08"
"\x86\x0a\x02\x40\x48\xc0\x2a\x18\x22\x41\x36\x71\x02\x48\x08\x0e"
"\x05\xd1\xa6\x49\x27\x60\x40\x06\x16\xf8\x0e\x23\x18\x50\x31\xc8"
"\x0a\x61\x18\xd2\x0d\xce\x00\x7c\x16\x12\x90\xf0\x18\x88\x0a\x00"
"\x55\x69\x30\x84\x54\x83\x9f\x20\x5f\x94\x04\x72\x0d\x7e\x82\x7c"
"\x8e\x12\xa0\xe1\x27\x34\x22\x10\x0a\xc4\x2d\x03\x2a\x06\x72\x51"
"\xa6\x65\x40\xc5\x25\x2a\xca\xb4\x0c\xa8\xb8\x44\x45\x69\x96\x88"
"\x40\x20\x06\x12\x7c\x41\x05\x57\xa4\x82\x2c\x4e\x00\x09\xc1\xa1"
"\xc0\xd8\x94\x98\x05\x04\xa0\xc4\x2c\x40\x0a\x0d\xf8\x98\x25\x18"
"\x62\x50\x00\x21\x08\x06\x98\x68\x10\xf2\x91\xc0\x67\x35\x01\xba"
"\x20\x40\x94\x5a\xa8\x0c\x44\x03\x7c\x91\x13\x0c\xa8\x18\xcc\xa0"
"\x31\x99\x64\x40\xc5\xc0\x34\x28\x93\x20\xac\x2d\x14\x75\x01\x8c"
"\x63\x68\x8b\xe1\x34\xc6\x31\xb4\x45\x81\x1a\x03\x19\x02\xb7\x68"
"\x8b\x14\xb4\xc5\x06\x44\x04\xc2\x27\x06\xee\x19\x50\x31\x48\xce"
"\xf4\x0c\xa8\xc8\x0c\x67\x7a\x06\x54\x64\x8e\xd3\x3c\x11\x81\x40"
"\x0c\x24\x08\x83\x0a\xb2\x48\x05\x5d\x9c\x00\x12\x82\x43\x81\xb1"
"\x29\xb1\x0b\x08\x40\x89\x5d\x80\x14\x24\xf0\x41\x4f\x30\xc4\xa0"
"\x00\x42\x10\x0c\xb4\xdd\x20\x24\xc5\x06\xe0\xb3\xa2\x60\x40\xc7"
"\x40\x37\x08\x2d\x34\x6a\x00\x0d\xe8\x18\xec\x06\xd1\x83\xc6\x80"
"\x06\x74\x0c\xe6\x80\xe0\x41\xc3\x06\x90\x93\x06\x54\x0c\x95\x64"
"\x44\x03\x2a\x86\x48\x32\xa2\x01\x15\xc3\x20\x19\x11\x0a\x66\x03"
"\xe2\x03\xa1\x0e\x04\x12\x04\x41\x05\x43\xa4\xc3\x36\x4e\x00\x09"
"\xc1\xa1\x00\xd9\xa4\xe8\x06\x0c\xc8\x60\x0f\xc0\x67\x49\x81\x6c"
"\x07\x73\x00\x9f\x45\x05\xaa\x1c\x06\x51\xe7\x30\x84\xab\x06\x54"
"\x0c\x04\x95\x54\x03\x2a\x06\xdd\xa1\xce\xa0\x1a\x50\x31\xf0\x0e"
"\x35\x06\xd5\x80\x0a\x42\x34\xa8\xaa\x4a\xc4\x78\x80\xc0\x0a\x08"
"\x10\x28\x63\x12\x8c\xb8\x40\x20\x0d\x83\x04\x41\x40\xc5\x7a\x1c"
"\x0a\x0c\x46\x01\x7b\x20\x0a\x04\x46\x41\x7b\x1c\x0a\x04\x2e\x66"
"\x12\x0c\x15\x04\x80\x90\x80\x55\x30\x44\x82\xde\xe3\x04\x90\x10"
"\x1c\x0a\xa2\x4d\xd3\x7c\xc0\x80\x0c\x2c\xf0\x59\x55\x30\xa0\x66"
"\x20\xa1\x83\x84\x26\x94\x60\x68\x01\xc2\x03\xc9\xa8\x06\x33\x05"
"\xa7\x81\x06\x79\x70\xe5\xc2\x19\xe8\x02\xb6\x0b\xdc\x29\x78\xbc"
"\x00\x06\xbd\x30\x06\xbe\x40\x06\xea\x2d\x86\x48\x81\x7d\xdc\x40"
"\xf2\x8d\xe0\x04\x50\xf0\x1b\x8c\x8a\x40\x1d\x1a\x0c\x26\x09\x40"
"\x03\x0d\xc0\x21\xd3\x05\xed\x14\x36\x64\xfc\xc6\xa5\x00\x3c\x32"
"\xc0\xa1\x01\x42\xc0\xe3\x52\x10\x1e\x19\xe0\xd0\x00\x29\xe1\x71"
"\x29\x10\x8f\x0c\x70\x68\x20\x4d\xa3\x3d\xc0\xd7\xa1\x41\xa0\x1a"
"\x69\x55\x00\x9d\x0a\x88\x55\xc1\x10\x0e\x0d\xe4\x6a\x90\x08\xf8"
"\x3e\x34\x08\x94\x44\x80\x0a\xa0\x55\x81\x84\x2a\x18\xd6\xa1\x81"
"\x84\x8d\x14\x01\x5f\x18\x88\x41\xa0\x2e\x02\x54\x00\xad\x0a\x86"
"\x71\x68\xa0\x34\x69\x55\x30\x8c\x43\x03\x69\x1b\x2f\x02\xaa\x8e"
"\x00\x15\x40\xab\x82\x81\x14\x18\x48\xab\x82\x81\x46\x37\x0c\x81"
"\xe1\xd0\x40\xc6\x46\x88\x90\xaf\x0c\xcc\x20\x50\x64\x00\x95\x0a"
"\x88\x5d\xc1\x10\x01\x0e\x0d\xd4\x19\x48\xa5\x82\x61\x1d\x1a\xc8"
"\xdb\x38\x11\x52\xa9\x01\x64\x2a\x20\x56\x05\x43\xa8\x36\x90\x4c"
"\x05\xc3\x8e\x6e\x18\x02\xc3\xa1\xc1\x80\xc2\x60\xb0\x85\x0b\x14"
"\x3a\x3b\xf8\xdc\x20\x0c\xd4\x40\x0c\xb8\x31\xa0\xca\x00\x32\x03"
"\xe1\x0c\x64\x21\x73\x05\x4d\x15\x36\x70\xc0\xc0\x81\x03\x07\x0f"
"\x1c\x2c\x79\x1e\xe0\x01\xbe\x35\x48\x83\x80\xa8\xcb\x40\x50\xd0"
"\x17\xa0\x02\x40\xd5\x78\x10\xe1\xd4\x60\x40\x05\xd1\xa8\x81\x3a"
"\xa5\xc1\x80\x0a\xe0\x50\x03\x23\x0d\x06\x54\x0c\x87\x1a\x40\x69"
"\xa0\x82\x00\xca\x10\x84\xf8\x40\x18\xde\x04\x0d\x31\x82\xc9\xd0"
"\x13\x18\x90\x01\x02\xbe\x35\x50\x83\x80\x05\x88\x01\x00\x00\x00"
"\x38\x00\x00\x00\x5b\x06\x20\x38\x83\x2d\x83\x10\xa4\xc1\x96\x81"
"\x08\xd2\x60\xcb\x70\x04\x6a\xb0\x65\x40\x82\x34\xd8\x32\x3c\x41"
"\x1a\x6c\x19\xa6\x20\x0d\xb6\x0c\x56\xa0\x06\x5b\x86\x2e\x48\x83"
"\x2d\x43\x18\x04\x69\xb0\x65\x20\x83\x40\x0d\xb6\x0c\x74\x10\xa4"
"\xc1\x96\xa1\x0e\x82\x34\xd8\x32\x84\x42\x90\x06\x5b\x86\x51\x08"
"\xd4\x60\xcb\xa0\x0a\x41\x1a\x6c\x19\x66\x41\xaa\xb6\x0c\xb8\x10"
"\xa4\xc1\x96\x61\x17\x02\x35\xd8\x32\x88\x43\x90\x06\x5b\x06\x73"
"\x08\xd2\x60\xcb\x90\x0e\x81\x1a\x6c\x19\xe0\x21\x48\x83\x2d\x83"
"\x3f\x04\x69\xb0\x65\x00\x89\x40\x0d\xb6\x0c\x27\x11\xa4\xc1\x96"
"\x01\x26\xa4\x6a\xcb\x40\x13\xc1\x19\x6c\x19\xc4\x22\x50\x83\x2d"
"\x83\x5a\x48\x71\xb0\x65\x00\x8d\x40\x0d\xb6\x0c\xa8\x21\xc9\xc1"
"\x96\xa1\x36\x02\x35\xd8\x32\xf0\x86\x34\x07\x5b\x06\xf4\x08\xd2"
"\x60\xcb\xa0\x1e\x81\x1a\x6c\x19\xe2\x23\x48\x83\x2d\x83\x7e\x48"
"\xd5\x96\x01\x54\x82\x33\xd8\x32\xa4\x4a\xa0\x06\x5b\x06\x57\x91"
"\x2c\x00\x00\x00\x41\x62\x00\x00\x41\x00\x00\x00\x0b\x86\x00\x90"
"\x97\x05\x43\x00\xc4\xcb\x82\x29\x82\x1e\x27\x51\x80\xc0\x10\x8e"
"\x81\x40\x16\xa6\x29\xf4\x64\x01\x11\x08\x40\x9c\x2c\x18\x02\xa0"
"\x4c\x16\x0c\x01\xf0\x23\x0b\x86\x00\xb8\x91\x05\x43\x00\xd4\xc8"
"\x82\x21\x00\x60\x64\xc1\x10\x00\x2d\xb2\x60\x08\x00\x12\x59\x50"
"\x00\x83\x10\xf4\xc7\x02\x22\x00\x04\xfb\x58\x30\x04\xc0\x7c\x2c"
"\x18\x02\x40\x3d\x16\x18\xc0\x40\x08\x01\x7a\x2c\x38\x8a\x01\x08"
"\x08\xa1\x3c\x16\x10\x02\x10\x90\xc7\x02\x03\x08\x88\x41\x08\x8f"
"\x05\x44\x20\x00\xb8\xb1\x60\x08\x00\xd6\x58\x50\x04\x80\x30\x98"
"\xc6\x02\x22\x00\x84\xbe\x58\x50\x0c\x40\x20\xf0\xc5\x02\x22\x00"
"\x84\xbd\x58\x50\x04\x80\x30\xe8\xc5\x02\x22\x00\x04\xba\x58\x40"
"\x08\x01\xf0\x16\x0b\x86\x00\x70\x8b\x05\x05\x20\x0c\x41\x59\x2c"
"\x18\x02\x20\x27\x16\x10\x01\x20\xcc\xc4\x02\x22\x00\x04\x95\x58"
"\x50\x04\x80\x30\xf8\xc3\x82\x22\x00\x84\x41\x1e\x26\x0c\x01\xa0"
"\x06\x13\xa2\x06\x39\x1c\x25\x59\x02\x46\x20\x8a\xc1\x78\x00\x34"
"\x98\x70\x00\x44\x30\x08\x85\x35\x61\x08\x80\x6a\xc2\x10\x00\xd2"
"\x04\x22\x00\x84\x68\xc2\x10\x00\xc6\x84\x21\x00\x04\x00\x00\x00"
"\x00\x00\x00\x00\x61\x28\x00\x00\xe9\x01\x00\x00\x23\x08\xc2\x20"
"\x2c\x10\x00\x00\x1c\x00\x00\x00\x44\x94\x46\x89\x94\x02\x0d\x25"
"\x50\x06\x05\x44\x41\x21\x14\x08\x0d\x05\x3e\x40\xd7\x58\x10\x10"
"\x08\x03\x51\x18\x07\x92\x28\x0b\xd3\x38\xcf\x08\xc0\x58\xd0\x30"
"\x0c\xc3\x30\x0c\xc3\x30\x0c\xc3\x30\x0c\x03\x0d\x05\x42\xd7\x58"
"\x10\x04\x41\x10\x04\x41\x10\x04\x41\x10\x04\x41\x10\x0d\x85\x51"
"\xf8\x03\xa3\x01\x94\xcd\x41\xc4\x02\x1e\xe0\x01\x1e\x8c\x06\x10"
"\x38\x02\x40\xd9\x58\x04\x10\x08\xc3\x58\xc4\x30\x0c\x03\x0d\x85"
"\x40\xd9\x58\x04\x41\x10\x04\x00\xe1\x61\x00\x00\x06\x00\x00\x00"
"\x2b\x08\x39\x60\x83\x36\x70\x83\x15\xc4\x1c\xb0\x41\x1b\xb8\xc1"
"\x0a\x82\x0e\xd8\xc0\x0d\xda\x00\xc4\x16\x06\xa2\x02\x40\x09\x2d"
"\x10\x23\x05\x60\x00\x02\xc5\x16\x82\xa1\x84\x41\xe2\x02\x81\x08"
"\x48\x10\x04\x42\x0b\xc4\x40\x01\x18\x1c\x0a\x04\x46\x41\x18\x20"
"\x0a\x04\x46\x81\x18\x1c\x0a\x04\x2e\xbb\x10\x0c\x15\x04\x40\xc8"
"\x81\x18\x32\x70\x03\xf3\x05\x44\xa0\x9c\x41\xd6\x30\x44\x80\x13"
"\x06\x54\x0c\x44\x90\x08\x03\x2a\x06\x75\x08\xce\x40\x18\x50\x31"
"\xb0\x43\x30\x06\xc2\x80\x0a\x42\x0a\x2a\x21\x11\x6c\x00\x02\x2b"
"\x20\x40\xa0\xac\x43\x30\xe2\x02\x01\x33\x48\x10\x04\x54\xcc\xc1"
"\xa1\xc0\x60\x14\xd0\x01\xa2\x40\x60\x14\xd4\xc1\xa1\x40\xe0\xe2"
"\x0e\xc1\x50\x41\x00\x08\x09\x58\x05\x43\x24\x08\x0f\x4e\x00\x09"
"\xc1\xa1\x20\xda\x34\xf1\x01\x0c\xc8\xc0\x02\xdf\x20\x04\x85\x1f"
"\x06\x22\xc7\x60\x03\x5f\x71\x04\xa5\x1f\x56\x81\x48\x32\xe0\xc0"
"\x07\x06\x47\x80\x28\x3f\xb8\x14\xfc\x41\x06\x2c\x6f\x88\x00\x67"
"\x0c\xa8\x18\x88\x22\x31\x06\x54\x0c\x60\x51\x9c\x81\x31\xa0\x62"
"\x10\x8b\x62\x0c\x8c\x01\x15\x84\x18\x14\x95\x91\x88\x53\x00\x81"
"\x15\x10\x20\x50\x4c\x22\x18\x71\x81\x30\x07\x06\x09\x82\x80\x0a"
"\x57\x38\x14\x18\x8c\x82\x57\x40\x14\x08\x8c\x02\x58\x38\x14\x08"
"\x5c\x52\x22\x18\x2a\x08\x00\x21\x01\xab\x60\x88\x04\xcd\xc2\x09"
"\x20\x21\x38\x14\x44\x9b\xa6\x5b\x80\x01\x19\x58\xe0\x03\x03\x23"
"\x18\x50\x41\x88\x04\x81\x0b\xc3\x80\x0a\x02\x1e\x08\x55\x18\x92"
"\x30\x0e\x20\x50\x72\x22\x18\x6a\x18\x24\x2e\x10\x4e\x21\x20\x41"
"\x10\x50\x21\x0e\x87\x02\x83\x51\x30\x0e\x88\x02\x81\x51\x40\x0e"
"\x87\x02\x81\x4b\x4f\x04\x43\x05\x01\x20\x24\xe0\xe4\xb0\x03\x08"
"\x94\xb2\x08\x86\x6a\x06\x89\x0b\x84\x59\x08\x48\x10\x04\x74\xb8"
"\xc3\xa1\x00\x61\x14\xbc\x03\xa2\x40\x60\x14\xc0\xc3\xa1\x40\xe0"
"\x92\x16\xc1\x50\x41\x00\x12\x09\xc0\x87\x5c\xc1\x4b\x16\x57\x50"
"\xcc\x20\x0b\x16\x86\x08\x70\xca\x80\x8a\x81\x48\x12\x65\x40\xc5"
"\x40\x22\xc9\x19\x28\x03\x2a\x06\x13\x49\xc6\x40\x19\x50\x41\x40"
"\x49\xa5\x24\x22\x1f\x40\x60\x05\x04\x08\x14\xbc\x08\x46\x5c\x20"
"\x94\x83\x41\x82\x20\xa0\x02\x24\x0e\x05\x06\xa3\x20\x24\x10\x05"
"\x02\xa3\x40\x24\x0e\x05\x02\x97\xbd\x08\x86\x0a\x02\x40\x48\xc0"
"\x2a\x18\x22\x41\x25\x71\x02\x48\x08\x0e\x05\xd1\xa6\x29\x25\x60"
"\x40\x06\x16\xf8\x16\x25\x18\x50\x41\xd8\x01\x22\x29\x03\x2a\x08"
"\x55\x40\xc8\x40\x19\x50\x31\xc8\x09\xa2\x28\x12\x0e\xd2\x00\x7c"
"\x1a\x13\x90\xd8\x18\x88\x0a\x00\x55\x6b\x30\x84\x64\x83\x97\x20"
"\x5f\xd5\x04\xb2\x0d\x5e\x82\x7c\x92\x13\xa0\xe1\x25\x34\x22\x10"
"\x0a\xc4\x3d\x03\x2a\x06\x52\x71\xa6\x67\x40\xc5\x25\x26\xce\xf4"
"\x0c\xa8\xb8\xc4\xc4\x69\x9e\x88\x40\x20\x06\x12\x7c\x41\x05\x57"
"\xa4\x82\x26\x4e\x00\x09\xc1\xa1\xc0\xd8\x94\xd8\x04\x04\xa0\xc4"
"\x26\x40\x0a\x0d\xf8\xa0\x27\x18\x62\x50\x00\x21\x08\x06\x98\x5c"
"\x10\xf2\x91\xc0\xa7\x45\x01\xba\x20\x40\x94\x4e\xa8\x0c\xe4\x02"
"\x7c\x95\x14\x0c\xa8\x18\xcc\x20\x32\x97\x66\x40\xc5\xc0\x44\xe8"
"\xd2\x20\xac\x27\x14\x75\x01\x8c\x63\xe8\x89\xe1\x2e\xc6\x31\xf4"
"\x44\x81\x17\x03\x19\x02\x9f\xe8\x89\x14\xf4\xc4\x06\x44\x04\xc2"
"\x27\x06\x6e\x1a\x50\x31\x48\xd2\x34\x0d\xa8\xc8\x0c\x69\x9a\x06"
"\x54\x64\x8e\xd4\x4c\x11\x81\x40\x0c\x24\x08\x83\x0a\xb2\x48\x05"
"\x59\x9c\x00\x12\x82\x43\x81\xb1\x29\x31\x0b\x08\x40\x89\x59\x80"
"\x14\x24\xf0\x51\x53\x30\xc4\xa0\x00\x42\x10\x0c\xb4\xd5\x20\x24"
"\xc5\x06\xe0\xd3\xaa\x60\x40\xc7\x40\x33\x0c\x2d\x44\x6a\x40\x0d"
"\xe8\x18\x6c\x86\xd1\x83\xc8\xa0\x06\x74\x0c\xe6\xc0\xe0\x41\xc4"
"\x06\x94\xb3\x06\x54\x0c\x95\x65\x54\x03\x2a\x86\xc8\x32\xaa\x01"
"\x15\xc3\x60\x19\x15\x0a\x48\x03\xe2\x03\xa1\x0e\x04\x12\x04\x41"
"\x05\x43\xa4\xe3\x34\x4e\x00\x09\xc1\xa1\x00\xd9\xa4\xac\x06\x0c"
"\xc8\x60\x0f\xc0\xa7\x59\x81\x7c\x07\x74\x00\x9f\x86\x05\xea\x1c"
"\x06\x51\xe9\x30\x84\xcb\x06\x54\x0c\x04\x96\x64\x03\x2a\x06\xbd"
"\xc1\xce\x20\x1b\x50\x31\xf0\x0d\x36\x06\xd9\x80\x0a\xc2\x34\xb0"
"\x2a\x4b\x04\x6d\x80\xc0\x0a\x08\x10\x28\x33\x12\x8c\xb8\x40\x00"
"\x0d\x83\x04\x41\x40\xc5\x6e\x1c\x0a\x0c\x46\x01\x6f\x20\x0a\x04"
"\x46\x41\x6f\x1c\x0a\x04\x2e\x36\x12\x0c\x15\x04\x80\x90\x80\x55"
"\x30\x44\x82\xc0\xe3\x04\x90\x10\x1c\x0a\xa2\x4d\x13\x79\xc0\x80"
"\x0c\x2c\xf0\x69\x59\x30\xa0\x86\xb0\x8b\x85\x3d\x2e\xbb\xa0\xec"
"\x02\xb2\x0b\x4b\xca\x06\xd4\x10\x76\xb1\x80\xc8\x65\x17\x94\x5d"
"\x40\x76\x61\x91\x41\x36\xa0\x66\x40\x9f\x05\x7d\x2e\x5c\xa0\x58"
"\x02\xe2\x03\x4b\xc9\xde\xf6\x91\x86\x12\x06\x59\xa6\x31\x44\x80"
"\xeb\x86\x40\xe4\xff\xff\xff\xff\x30\xa4\xc7\x91\x02\xf5\xc8\x80"
"\x95\x1a\x43\x04\x38\x6f\x40\xc5\xa0\x6c\x49\x37\xa0\x62\xb0\x9f"
"\xed\x0c\xba\x01\x15\x03\xfe\x6c\x63\xd0\x0d\xa8\x20\xac\xad\xea"
"\x12\x21\x1f\x20\xb0\x02\x02\x04\x4a\x9c\x04\x23\x2e\x10\x7c\xc3"
"\x20\x41\x10\x50\x91\x1f\x87\x02\x83\x51\xa0\x1f\x88\x02\x81\x51"
"\xb0\x1f\x87\x02\x81\x0b\x9d\x04\x43\x05\x01\x20\x24\x60\x15\x0c"
"\x91\x20\xff\x38\x01\x24\x04\x87\x82\x68\xd3\x24\x22\x30\x20\x83"
"\x0c\x7c\x5c\x17\x0c\xa8\x18\xe0\x80\x4b\xbc\x01\x15\x83\x18\x71"
"\x67\xe0\x0d\xa8\x18\xc8\x88\x1b\x03\x6f\x40\x05\x81\x71\x95\x97"
"\x08\x14\x01\x81\x15\x10\x20\x50\x4e\x25\x18\x71\x81\x40\x1f\x06"
"\x09\x82\x80\x8a\x17\x39\x14\x18\x8c\x02\x18\x41\x14\x08\x8c\x82"
"\x18\x39\x14\x08\x5c\x54\x25\x18\x2a\x08\x00\x21\x01\xab\x60\x88"
"\x04\xd1\xc8\x09\x20\x21\x38\x14\x44\x9b\x26\x1c\x81\x01\x19\xb0"
"\x01\xf8\x3e\x2f\x18\x50\x31\xb0\x92\x26\x07\xde\x80\x8a\xc1\x95"
"\x34\xc4\x93\x74\x80\x26\xe0\xe8\x06\x61\x08\x1c\x18\x0c\xe8\x18"
"\x84\x8f\x96\x08\x98\x31\x54\x40\x40\xe9\x95\x60\xb0\x00\x31\x00"
"\x40\x00\x00\x00\x5b\x06\x20\x38\x83\x2d\x83\x10\xa4\xc1\x96\x81"
"\x08\xd2\x60\xcb\x70\x04\x6a\xb0\x65\x40\x82\x34\xd8\x32\x3c\x41"
"\x1a\x6c\x19\xa2\x20\x0d\xb6\x0c\x5d\x90\x06\x5b\x86\x2f\x50\x83"
"\x2d\x83\x19\x04\x69\xb0\x65\x78\x03\xa9\xda\x32\xc0\x41\x70\x06"
"\x5b\x86\x39\x08\xce\x60\xcb\x00\x0a\x41\x1a\x6c\x19\x44\x21\x50"
"\x83\x2d\x43\x2a\x04\x69\xb0\x65\x90\x05\xa9\xda\x32\xd8\x42\x90"
"\x06\x5b\x86\x5c\x08\xd4\x60\xcb\x00\x0e\x41\x1a\x6c\x19\xc8\x21"
"\x48\x83\x2d\xc3\x39\x04\x6a\xb0\x65\x70\x87\x20\x0d\xb6\x0c\xfc"
"\x10\xa4\xc1\x96\xc1\x1f\x02\x35\xd8\x32\x94\x44\x90\x06\x5b\x06"
"\x97\x90\xaa\x2d\x03\x4d\x04\x67\xb0\x65\x10\x8b\x40\x0d\xb6\x0c"
"\x6a\x21\xc5\xc1\x96\x01\x34\x02\x35\xd8\x32\xa0\x86\x24\x07\x5b"
"\x86\xda\x08\xd4\x60\xcb\xc0\x1b\xd2\x1c\x6c\x19\xd0\x23\x48\x83"
"\x2d\x83\x7a\x04\x6a\xb0\x65\x88\x8f\x20\x0d\xb6\x0c\xfa\x21\x55"
"\x5b\x06\x16\x09\xd2\x60\xcb\xe0\x22\x81\x1a\x6c\x19\x6a\x24\x48"
"\x83\x2d\x83\x8f\x48\xd5\x96\xa1\x4c\x82\x34\xd8\x32\x9c\x49\xa0"
"\x06\x5b\x06\x37\x09\xd2\x60\xcb\x70\x27\x52\xb5\x65\xf8\x93\x20"
"\x0d\x00\x00\x00\x41\x62\x00\x00\x40\x00\x00\x00\x0b\x88\x40\x00"
"\x6a\x65\xc1\x10\x00\xa9\xb2\xa0\x00\x84\x21\xf8\x93\x05\x44\x00"
"\x08\x76\xb2\x60\x08\x80\x39\x59\x50\x00\xc2\x10\x84\xc9\x82\x21"
"\x00\x6a\x64\xc1\x10\x00\x2f\xb2\x60\x08\x80\x13\x59\x30\x04\x40"
"\x89\x2c\x18\x02\xa0\x3f\x16\x0c\x01\x40\x1f\x0b\x0a\x60\x10\x82"
"\xf6\x58\x30\x04\xc0\x78\x2c\x18\x02\x40\x37\x16\x18\xc0\x40\x08"
"\x01\x6e\x2c\x38\x8a\x01\x08\x08\xa1\x36\x16\x10\x02\x10\xd0\xc6"
"\x02\x03\x08\x88\x41\x88\x8d\x05\x05\x20\x0c\x81\x69\x2c\x18\x02"
"\x40\x2f\x16\x1c\x80\x30\x04\x44\x41\x17\x0b\x0c\x60\x08\x04\x62"
"\x2d\x16\x14\x03\x10\x08\x6a\xb1\x80\x08\x00\x21\x2d\x16\x14\x01"
"\x20\x0c\x68\xb1\x80\x08\x00\x41\x2c\x16\x0c\x01\xe0\x13\x0b\x08"
"\x21\x00\x7a\x62\x01\x11\x08\x00\x4d\x2c\x18\x02\x00\x25\x16\x18"
"\x01\x30\x10\x42\x3e\x2c\x18\x02\xa0\x1d\x16\x1c\x81\x30\x00\x44"
"\x81\x0e\x0b\x94\x40\x00\x06\xa2\x30\x0e\x44\x17\x26\x10\x02\x10"
"\x80\xc1\x84\x21\x00\xbc\x09\x43\x00\x74\x13\x0e\x80\x08\x06\xa1"
"\xd0\x26\x0c\x01\x90\x4d\x18\x02\xc0\x9a\x40\x04\x80\x50\x4d\x18"
"\x02\x40\x99\x30\x04\x80\x31\x61\x08\x00\x01\x00\x00\x00\x00\x00"
"\x61\x28\x00\x00\xb7\x02\x00\x00\x23\x08\xd4\x20\x2c\x10\x00\x00"
"\x1e\x00\x00\x00\x44\x94\x46\x89\x94\x02\x0d\x25\x50\x06\x14\x14"
"\x42\x81\xd0\x50\xe0\x03\x74\x8d\x05\x01\x81\x30\x10\x85\x71\x20"
"\x89\xb2\x30\x8d\xf3\x8c\x00\x8c\x05\x0d\xc3\x30\x0c\xc3\x30\x0c"
"\xc3\x30\x0c\xc3\x30\xd0\x50\x20\x74\x8d\x05\x41\x10\x04\x41\x10"
"\x04\x41\x10\x04\x41\x10\x04\xd1\x50\x18\x85\x3f\x30\x1a\x40\xd9"
"\x1c\x04\x2c\xe0\x01\x1e\xe0\xc1\x68\x00\x81\x23\x00\x94\x8d\x45"
"\x00\x81\x30\x8c\x45\x0c\xc3\x30\xd0\x50\x08\x94\x8d\x45\x10\x04"
"\x41\xd0\x50\x04\x44\x14\x48\xc1\x00\x00\x00\x00\xe1\x61\x00\x00"
"\x06\x00\x00\x00\x2b\x08\x39\x60\x83\x36\x70\x83\x15\xc4\x1c\xb0"
"\x41\x1b\xb8\xc1\x0a\x82\x0e\xd8\xc0\x0d\xda\x00\x04\x17\x06\xa2"
"\x02\x40\x89\x2d\x10\x23\x05\x62\x00\x02\x05\x17\x82\xa1\x84\x41"
"\xe2\x02\x81\x08\x48\x10\x04\x62\x0b\xc4\x40\x81\x18\x1c\x0a\x04"
"\x46\xc1\x18\x20\x0a\x04\x46\x01\x19\x1c\x0a\x04\x2e\xbd\x10\x0c"
"\x15\x04\x80\x92\x80\x93\xc3\x06\x20\x50\xca\x21\x18\xca\x19\x24"
"\x2e\x10\xa2\x80\x04\x41\x40\x87\x1b\x1c\x0a\x10\x46\xc1\x1b\x20"
"\x0a\x04\x46\x01\x1c\x1c\x0a\x04\x2e\xe9\x10\x0c\x15\x04\x20\x91"
"\x00\x7c\x01\x14\x90\x79\x20\x86\x0c\xfa\xc0\x7c\x02\x11\x28\x67"
"\x90\x35\x0c\x11\xe0\x86\x01\x15\x03\x21\x24\xc3\x80\x8a\x01\x25"
"\x84\x33\x18\x06\x54\x0c\x2a\x21\x8c\xc1\x30\xa0\x82\xa0\x84\x6a"
"\x48\xc4\x1e\x80\xc0\x0a\x08\x10\x28\xfa\x10\x8c\xb8\x40\x28\x03"
"\x83\x04\x41\x40\x85\x28\x1c\x0a\x0c\x46\xc1\x28\x20\x0a\x04\x46"
"\x01\x29\x1c\x0a\x04\x2e\xfd\x10\x0c\x15\x04\x80\x90\x80\x55\x30"
"\x44\x82\x4e\xe1\x04\x90\x10\x1c\x0a\xa2\x4d\xd3\x2a\xc0\x80\x0c"
"\x2c\xf0\x11\x43\x30\xa0\x82\xd0\x83\x40\x1a\x06\x54\x10\xae\x10"
"\x90\xc1\x30\xa0\x62\xb0\x8b\x40\x19\xe4\x1c\xac\x01\xf8\xa6\x22"
"\x20\x33\x31\x10\x15\x00\xaa\xda\x60\x08\xe9\x06\xb2\x40\x3e\xc7"
"\x08\xe4\x1b\xc8\x02\xf9\x96\x23\x40\x83\x2c\x68\x44\x20\x14\x88"
"\x43\x06\x54\x0c\xa8\x71\x4c\xc8\x80\x8a\x0b\x2d\x8e\x09\x19\x50"
"\x71\xa1\xc5\xd1\x20\x11\x81\x40\x0c\x24\xf8\x82\x0a\xae\x48\xc5"
"\x2d\x9c\x00\x12\x82\x43\x81\xb1\x29\xc9\x05\x08\x40\x49\x2e\x80"
"\x14\x1a\xf0\x25\x48\x30\xc4\xa0\x00\x42\x10\x0c\x30\x7a\x20\xe4"
"\x23\x81\x6f\x52\x02\x74\x41\x80\xa8\x5e\x50\x19\xd0\x03\xf8\x9c"
"\x25\x18\x50\x31\x98\x81\xa2\x1e\xc6\x80\x8a\x81\x51\xd8\xc3\x40"
"\x18\x38\x28\xea\x02\x18\xc7\x00\x0e\x43\x3e\x8c\x63\x00\x87\x42"
"\x1f\x06\x32\x04\xe1\x00\x0e\x29\x00\x87\x0d\x88\x08\x84\x4f\x0c"
"\x1c\x33\xa0\x62\x90\x96\x89\x19\x50\x91\x19\xcb\xc4\x0c\xa8\xc8"
"\x9c\xa5\x61\x22\x02\x81\x18\x48\x10\x06\x15\x64\x91\x8a\x73\x38"
"\x01\x24\x04\x87\x02\x63\x53\x92\x0e\x10\x80\x92\x74\x00\x29\x48"
"\xe0\x6b\x98\x60\x88\x41\x01\x84\x20\x18\x68\x2d\x41\x48\x8a\x0d"
"\xc0\x37\x39\xc1\x80\x8e\x01\x47\x0a\x5a\x50\xd4\xa0\x19\xd0\x31"
"\xe8\x48\xa1\x07\x8a\xd1\x0c\xe8\x18\xcc\xa1\xc0\x03\x85\x0d\x1a"
"\xf7\x0c\xa8\x18\xaa\xc7\x70\x06\x54\x0c\xd1\x63\x38\x03\x2a\x86"
"\xe1\x31\x1c\x14\x98\x04\xc4\x07\x42\x1d\x08\x24\x08\x82\x0a\x86"
"\x48\x47\x4a\x9c\x00\x12\x82\x43\x01\xb2\x49\x69\x09\x18\x90\xc1"
"\x1e\x80\x6f\x7a\x02\x29\x0f\xea\x00\xbe\x29\x0a\x54\x3a\x0c\xa2"
"\xd6\x61\x08\x27\x0d\xa8\x18\x88\x28\x91\x06\x54\x0c\x7e\x12\x9d"
"\x81\x34\xa0\x62\x00\x95\x68\x0c\xa4\x01\x15\x84\x6a\x44\x95\x94"
"\x08\x9b\x00\x81\x15\x10\x20\x50\x6a\x23\x18\x71\x81\x00\x12\x06"
"\x09\x82\x80\x8a\x9e\x38\x14\x18\x8c\x02\x9f\x40\x14\x08\x8c\x82"
"\x9f\x38\x14\x08\x5c\x70\x23\x18\x2a\x08\x00\x21\x01\xab\x60\x88"
"\x04\x89\xc5\x09\x20\x21\x38\x14\x44\x9b\x26\xb3\x80\x01\x19\x58"
"\xe0\x9b\xa4\x60\x40\x0d\x61\x17\x04\x7c\x40\x76\xd1\xd8\x45\x62"
"\x17\x8f\x24\x0d\xa8\x21\xec\x82\x20\x11\xc8\x2e\x1a\xbb\x48\xec"
"\xe2\x21\x03\x69\x40\xcd\xc0\x2e\x04\xbb\x40\xb8\xd0\xb0\x44\xc2"
"\x07\x8f\x22\x29\x61\x90\x14\xb0\x05\x08\xac\x80\x00\x81\xb2\x1e"
"\xc1\x88\x0b\x04\x9b\x18\x48\x10\x04\x84\xcc\xc5\xa1\x20\x61\x14"
"\xd0\x05\xa2\x40\x60\x14\xd4\xc5\xa1\x40\xe0\xe2\x1e\xc1\x48\x8b"
"\x58\x80\xc0\x0a\x08\x10\x28\xf5\x11\x8c\xb8\x40\x00\x0b\x86\x04"
"\x41\x40\x45\x5f\x1c\x0a\x0c\x46\x81\x5f\x20\x0a\x04\x46\xc1\x5f"
"\x1c\x0a\x04\x2e\xf8\x11\x8c\x54\xfd\x05\x08\xac\x80\x00\x81\xf2"
"\x1f\xc1\x88\x0b\x04\xb5\x60\x48\x10\x04\x54\x9c\xc6\xa1\xc0\x60"
"\x14\xa0\x06\xa2\x40\x60\x14\xa4\xc6\xa1\x40\xe0\x22\x22\xc1\x40"
"\x61\x10\x1b\x50\x50\x24\x18\x71\x81\x30\x17\x0b\x09\x82\x80\x08"
"\xd8\x38\x14\x14\x8c\x82\xd8\x40\x14\x08\x8c\x02\xd9\x38\x14\x08"
"\x5c\x56\x24\x18\x2a\x19\x24\x05\xb4\x01\x02\x2b\x20\x40\xa0\xcc"
"\x48\x30\xe2\x02\xc1\x2f\x06\x12\x04\x01\x19\xbb\x71\x28\x38\x18"
"\x05\xbc\x81\x28\x10\x18\x05\xbd\x71\x28\x10\xb8\xd8\x48\x30\x54"
"\x10\x00\x42\x02\x56\x01\x11\xc9\x69\x0d\x10\x58\x01\x01\x02\x05"
"\x4c\x82\x11\x17\x08\xab\xf1\x90\x20\x08\x08\x41\x8f\x43\x41\xc2"
"\x28\x48\x0f\x44\x81\xc0\x28\x50\x8f\x43\x81\xc0\x65\x4c\x82\xa1"
"\x82\x00\x10\x12\xb0\x0a\x88\x48\x01\x7d\xdc\x40\x0a\x9e\x0d\x48"
"\xdd\x7b\x80\xc0\x0a\x08\x10\x28\x6f\x12\x8c\xb8\x40\xd0\x8d\x88"
"\x04\x41\x40\xca\x7d\x1c\x0a\x16\x46\x01\x7e\x20\x0a\x04\x46\x41"
"\x7e\x1c\x0a\x04\x2e\x72\x12\x0c\x15\x04\x80\x90\x80\x55\x40\x44"
"\x0a\xd0\xe3\x06\x52\xf0\x6c\x00\xb2\x85\x12\x81\xd2\x27\xc1\x88"
"\x0b\x04\xf4\x80\x48\x10\x04\x94\x94\xc8\xa1\x40\x61\x14\x98\x08"
"\xa2\x40\x60\x14\x9c\xc8\xa1\x40\xe0\x02\x2a\xc1\x50\x41\x00\x08"
"\x09\x58\x05\x44\xa4\xa0\x3e\x2e\x20\x05\xce\x06\x28\x5c\x08\x00"
"\xfd\x42\xc0\x2a\x20\x42\xc5\x42\x00\x08\x17\x02\x56\x01\x11\x29"
"\xc8\x91\x1b\x48\x41\xb1\x01\x8a\x15\x02\x40\xb3\x10\xb0\x0a\x88"
"\x48\xc1\x88\xdc\x40\x0a\x8a\x0d\x50\xa8\x10\x00\x7a\x85\x80\x55"
"\x40\x44\x0a\x4e\xe4\x02\x52\x50\x6c\x00\xf9\x15\x62\xc8\x20\x4d"
"\xcc\x47\x55\x81\x12\x83\x41\xd6\x30\x44\x80\xbb\x06\x54\x10\xa8"
"\x30\x65\xd7\x80\x0a\x42\x0f\xa6\x33\xb8\x06\x54\x0c\xe2\x34\xc5"
"\xc1\x25\x91\x37\x01\x5f\x1a\x58\x81\xdc\xe0\xc4\x5c\xdc\x10\x01"
"\x4b\x19\x22\xc0\x61\x03\x2a\x06\x89\x4a\xae\x01\x15\x83\x3b\x51"
"\x67\x70\x0d\xa8\x18\xe0\x89\x1a\x83\x6b\x40\x05\xc1\x0a\x54\x75"
"\x25\xc2\x4d\x40\x60\x05\x04\x08\x94\x76\x09\x46\x5c\x20\xe0\x88"
"\x41\x82\x20\xa0\xa2\x4e\x0e\x05\x06\xa3\xc0\x4e\x10\x05\x02\xa3"
"\xe0\x4e\x0e\x05\x02\x17\x78\x09\x86\x0a\x02\x40\x48\xc0\x2a\x18"
"\x22\x41\x7a\x72\x02\x48\x08\x0e\x05\xd1\xa6\xc9\x4f\x60\x40\x06"
"\x1d\xf8\xaa\x2b\x18\x50\x41\xc8\x94\x15\x0f\x68\x30\xa0\x82\xe0"
"\x03\x2b\x1d\xd0\x60\x40\x05\xc1\x07\x56\x39\xa0\xc1\xcb\x34\x4e"
"\x09\x83\x38\x6e\x40\x05\x41\x60\x63\xc0\x0d\xa8\x20\x10\x2c\xe2"
"\x06\x54\x0c\x64\x85\xad\x01\xf7\x36\xef\x0c\x94\x30\x88\xeb\x06"
"\x54\x0c\x4a\x96\x70\x03\x2a\x06\xb5\xca\xce\x80\x1b\x50\x31\xb0"
"\x55\x36\x06\xdc\x80\x0a\x42\xca\x2a\x2e\x11\xac\x02\x02\x2b\x20"
"\x40\xa0\xac\x4c\x30\xe2\x02\xc1\x4e\x0c\x12\x04\x01\x15\xb3\x72"
"\x28\x30\x18\x05\xb4\x82\x28\x10\x18\x05\xb5\x72\x28\x10\xb8\xb8"
"\x4c\x30\x54\x10\x00\x42\x02\x56\xc1\x10\x09\xc2\x95\x13\x40\x42"
"\x70\x28\x88\x36\x4d\xbc\x02\x03\x32\xa8\x03\xf0\x69\x5c\x30\xa0"
"\x62\x70\x83\x2d\xe9\x06\x54\x0c\xb6\xb5\x9d\x41\x37\xa0\x62\xc0"
"\xad\x6d\x0c\xba\x01\x15\x84\x1e\x6c\x55\x97\x08\x71\x01\x81\x15"
"\x10\x20\x50\xc2\x26\x18\x71\x81\xc0\x2a\x06\x09\x82\x80\x8a\x74"
"\x39\x14\x18\x8c\x02\x75\x41\x14\x08\x8c\x82\x75\x39\x14\x08\x5c"
"\xc8\x26\x18\x2a\x08\x00\x21\x01\xab\x60\x88\x04\xb9\xcb\x09\x20"
"\x21\x38\x14\x44\x9b\x26\x79\x81\x01\x19\xa8\x02\xf8\xbc\x2e\x18"
"\x50\x41\x80\x83\x26\x75\x03\x2a\x08\x70\xd0\xc8\xa0\x1b\x50\x31"
"\x90\x98\xa6\x74\xb2\x35\xe2\x00\x44\x78\x00\x32\xf0\x3e\x34\x10"
"\x64\xb0\x0b\xe4\x03\x83\x34\x08\x86\x18\x18\x40\x08\x82\x81\xc5"
"\x32\xee\x30\x32\x88\x17\x02\x70\x63\x80\x02\xfd\xff\xff\xff\x1f"
"\xa0\xe8\x4d\x30\x06\x1b\x14\x75\x53\xfe\xff\xff\xff\x03\x31\x00"
"\x4e\x0c\x06\x54\x10\x77\x10\x06\x51\x19\x0c\xa8\x20\x88\x30\x88"
"\xca\x60\x08\x85\xff\xff\xff\xff\x0f\xc4\xc9\x00\x81\x0c\xc4\x01"
"\x7c\x69\x30\x06\xc1\x80\x0a\x42\x02\x03\x42\x0c\x06\x54\x10\x1a"
"\x18\x20\x62\x30\xa0\x82\xf0\xc0\x80\x11\x83\x67\x06\x65\xd0\x0b"
"\x08\x1f\x04\x18\x6c\x50\xf4\xcd\xfd\xff\xff\xff\x0f\xc4\x00\xb8"
"\x32\x18\x50\x41\x4c\x64\x40\x8c\xc1\x80\x0a\x82\x20\x03\x64\x0c"
"\xde\x19\x88\xc1\x39\x0c\xa8\x20\x22\x33\x00\xb3\x31\x18\x50\x41"
"\x34\x66\xa0\x8c\x01\x0a\x58\xe6\x50\x20\x30\x0a\x5a\x06\x51\x20"
"\x30\x0a\x5c\xe6\x50\x20\x70\x42\x6e\x06\x06\x64\x40\x12\xe0\x23"
"\x03\x33\x08\x06\x54\x10\xd1\x19\xd0\x59\x19\x0c\xa8\x20\x9a\x33"
"\xd0\xca\x00\x05\x36\x73\x28\x10\x18\x05\x37\x83\x28\x10\x18\x05"
"\x38\x73\x28\x10\x38\x21\x61\x03\x03\x32\xd8\x07\xf0\x85\xc1\x19"
"\x04\x72\x0c\xfa\x01\x7c\x69\x80\x05\x03\x4a\x06\x56\xf8\xdc\xa3"
"\x62\x05\x31\x70\x0f\x34\x50\x01\x01\x65\x77\x82\xc1\x02\xc4\x00"
"\x60\x00\x00\x00\x5b\x06\x20\x38\x83\x2d\x83\x10\xa4\xc1\x96\x81"
"\x08\xd2\x60\xcb\x70\x04\x6a\xb0\x65\x40\x82\x34\xd8\x32\x3c\x41"
"\x1a\x6c\x19\xa6\x20\x0d\xb6\x0c\x56\xa0\x06\x5b\x86\x2e\x48\x83"
"\x2d\x43\x18\x04\x69\xb0\x65\x68\x83\x20\x0d\xb6\x0c\x6f\x10\xa8"
"\xc1\x96\xc1\x0e\x82\x34\xd8\x32\xfc\x81\x54\x6d\x19\x4a\x21\x38"
"\x83\x2d\xc3\x2c\x04\x6a\xb0\x65\xd8\x05\x29\x0e\xb6\x0c\xf1\x10"
"\xa8\xc1\x96\x21\x1f\x24\x39\xd8\x32\x98\x44\xa0\x06\x5b\x86\x96"
"\x90\xe6\x60\xcb\x90\x13\x41\x1a\x6c\x19\x76\x22\x50\x83\x2d\x83"
"\x58\x04\x69\xb0\x65\x58\x0b\xa9\xda\x32\xc8\x45\x90\x06\x5b\x06"
"\xba\x08\xd4\x60\xcb\xb0\x17\x41\x1a\x6c\x19\xfc\x22\x48\x83\x2d"
"\x03\x68\x04\x6a\xb0\x65\x38\x8d\x20\x0d\xb6\x0c\xaa\x11\xa4\xc1"
"\x96\x81\x35\x02\x35\xd8\x32\xcc\x46\x90\x06\x5b\x86\xda\x08\xd2"
"\x60\xcb\x70\x1b\x81\x1a\x6c\x19\x7c\x23\x48\x83\x2d\x83\x78\x04"
"\x69\xb0\x65\x20\x8f\x40\x0d\xb6\x0c\xeb\x11\xa4\xc1\x96\x21\x3e"
"\x82\x34\xd8\x32\xcc\x47\xa0\x06\x5b\x06\xfd\x08\xd2\x60\xcb\x20"
"\x22\x41\x1a\x6c\x19\x48\x24\x50\x83\x2d\xc3\x8a\x04\x69\xb0\x65"
"\x90\x91\x20\x0d\xb6\x0c\x34\x12\xa8\xc1\x96\x61\x47\x82\x34\xd8"
"\x32\xcc\x49\x90\x06\x5b\x06\x54\x09\xd2\x60\xcb\xa0\x2a\x81\x1a"
"\x6c\x19\x62\x25\x48\x83\x2d\x83\xae\x48\xd5\x96\xa1\x5d\x82\x34"
"\xd8\x32\xbc\x4b\xa0\x06\x5b\x06\x7b\x09\xd2\x60\xcb\xf0\x2f\x52"
"\xb5\x65\x30\x99\x20\x0d\xb6\x0c\x28\x13\xa8\xc1\x96\xe1\x65\x82"
"\x34\xd8\x32\xe0\x8c\x54\x6d\x19\xca\x26\x48\x83\x2d\x83\xd9\x04"
"\x69\xb0\x65\x60\x1b\xe9\xda\x32\xc8\x4d\x90\x06\x5b\x86\xd0\x91"
"\xaa\x2d\x03\xeb\x48\xd5\x96\xc1\x75\x24\x6c\xcb\x10\x3b\x41\x1a"
"\x00\x00\x00\x00\x41\x62\x00\x00\x59\x00\x00\x00\x0b\x08\x21\x00"
"\x4c\x67\xc1\x10\x00\xa3\xb3\x60\x08\x00\xd0\x59\x50\x0c\x40\x20"
"\xf0\xcd\x82\x02\x10\x86\xe0\x6d\x16\x0c\x01\x30\x36\x0b\x0a\x61"
"\x00\x82\x9c\x59\x30\x04\x40\xcc\x2c\x18\x02\xa0\x65\x16\x0c\x01"
"\x90\x32\x0b\x86\x00\x40\x99\x05\x43\x00\x94\xcc\x82\x42\x18\x80"
"\x60\x5f\x16\x0c\x01\x30\x2f\x0b\x86\x00\x78\x97\x05\x85\x30\x00"
"\x81\xb8\x2c\x30\x06\x81\x08\x00\x58\x59\x40\x08\x01\x30\x2a\x0b"
"\x0a\x20\x18\x84\x1b\x59\x50\x08\x40\x30\xd8\xc8\x82\x21\x00\x5c"
"\x64\x41\x21\x00\xc1\xd0\x22\x0b\x0a\x01\x08\x86\x11\x59\x50\x08"
"\x40\x30\xe4\xc7\x82\x02\x08\x06\xe1\x3d\x16\x14\x80\x30\x04\xe3"
"\xb1\x60\x08\x80\xdb\x58\x30\x04\x40\x6c\x2c\x18\x02\x20\x35\x16"
"\x0c\x01\x70\x1a\x0b\x86\x00\xf8\x8b\x05\x43\x00\xd8\xc5\x82\x02"
"\x18\x84\xe0\x2d\x16\x0c\x01\x50\x16\x0b\x86\x00\xe0\x89\x05\x06"
"\x30\x10\x42\xa0\x13\x0b\x8e\x62\x00\x02\x42\xb8\x89\x05\x84\x00"
"\x04\x36\xb1\xc0\x00\x02\x62\x10\x66\x62\x41\x01\x08\x43\x80\x12"
"\x0b\x86\x00\xe0\x87\x05\x07\x20\x0c\x01\x51\xd0\xc3\x02\x03\x18"
"\x02\x81\x58\x87\x05\xc5\x00\x04\x82\x3a\x2c\x20\x02\x40\x48\x87"
"\x05\x45\x00\x08\x03\x3a\x2c\x20\x02\x40\x08\x87\x05\xd0\x81\x24"
"\x40\x20\x28\x03\x51\x2c\x06\xd3\x38\xbc\x30\xa1\x00\x82\x41\x48"
"\x83\x09\x43\x00\x9c\xc1\x84\x21\x00\xcc\x60\xc2\x10\x00\x63\x30"
"\x61\x08\x00\x31\x98\x30\x04\x40\x37\x61\x08\x00\x6e\xc2\x10\x00"
"\xd8\x84\x21\x00\xae\x09\x07\x40\x04\x83\x50\x4c\x13\x86\x00\x90"
"\x26\x0c\x01\xf0\x4c\x20\x02\x40\x70\x26\x0c\x01\x30\x00\x00\x00"
"\x00\x00\x00\x00\x61\x28\x00\x00\x12\x02\x00\x00\x23\x08\xc0\x20"
"\x2c\x10\x00\x00\x1e\x00\x00\x00\x44\x94\x46\x89\x94\x02\x0d\x25"
"\x50\x04\x65\x40\x44\x81\x14\x0c\x0d\x05\x41\x41\x21\x14\x08\x0d"
"\x05\x3e\x40\xd7\x58\x10\x10\x08\x03\x51\x18\x07\x92\x28\x0b\xd3"
"\x38\xcf\x08\xc0\x58\xd0\x30\x0c\xc3\x30\x0c\xc3\x30\x0c\xc3\x30"
"\x0c\x03\x0d\x05\x42\xd7\x58\x10\x04\x41\x10\x04\x41\x10\x04\x41"
"\x10\x04\x41\x10\x0d\x85\x51\xf8\x03\xa3\x01\x94\xcd\x41\xd0\x02"
"\x1e\xe0\x01\x1e\x8c\x06\x10\x38\x02\x40\xd9\x58\x04\x10\x08\xc3"
"\x58\xc4\x30\x0c\x03\x0d\x85\x40\xd9\x58\x04\x41\x10\x04\x00\x00"
"\xe1\x61\x00\x00\x06\x00\x00\x00\x2b\x08\x39\x60\x83\x36\x70\x83"
"\x15\xc4\x1c\xb0\x41\x1b\xb8\xc1\x0a\x82\x0e\xd8\xc0\x0d\xda\x00"
"\x24\x17\x06\xa2\x02\x40\xc9\x2d\x10\x23\x05\x63\x00\x02\x25\x17"
"\x82\xa1\x84\x41\xe2\x02\x81\x08\x48\x10\x04\x72\x0b\xc4\x40\xc1"
"\x18\x1c\x0a\x04\x46\x01\x19\x20\x0a\x04\x46\x41\x19\x1c\x0a\x04"
"\x56\x41\x00\x28\x09\x38\x39\x6d\x00\x02\x88\x60\x83\x43\x41\xc1"
"\x28\x68\x03\x44\x81\xc0\x28\x70\x83\x43\x81\xc0\xe5\x1c\x82\x41"
"\xde\x81\x18\x32\xc8\x03\xf3\x05\x42\xa0\x92\x41\xd6\x30\x44\x80"
"\x1b\x06\x54\x10\x0a\x90\x13\xc3\x80\x0a\x02\x03\x4e\x62\x18\x50"
"\x31\x88\x04\x10\x16\x83\x12\x06\x49\xc1\x1d\x80\xc0\x0a\x08\x10"
"\x28\xf6\x10\x8c\xb8\x40\x00\x83\x81\x04\x41\x40\x88\x1f\x1c\x0a"
"\x12\x46\xc1\x1f\x20\x0a\x04\x46\x01\x28\x1c\x0a\x04\x2e\xf9\x10"
"\x0c\x15\x04\x80\x90\x80\x55\x40\x44\x72\x46\x01\x04\x56\x40\x80"
"\x40\x19\x89\x60\xc4\x05\x42\x1b\x3c\x24\x08\x02\x42\x56\xe1\x50"
"\x90\x30\x0a\x58\x01\x51\x20\x30\x0a\x5a\xe1\x50\x20\x70\x31\x89"
"\x60\xa8\x20\x00\x84\x04\xac\x02\x22\x52\x70\x0b\x37\x90\x82\x67"
"\x03\x52\x17\x0b\x20\xb0\x02\x02\x04\x8a\x4c\x04\x23\x2e\x10\xf8"
"\x20\x22\x41\x10\x90\xa2\x0b\x87\x82\x85\x51\xb0\x0b\x88\x02\x81"
"\x51\xc0\x0b\x87\x02\x81\x4b\x4d\x04\x43\x05\x01\x20\x24\x60\x15"
"\x10\x91\x82\x5e\xb8\x81\x14\x3c\x1b\x80\xdc\x20\x1d\xa0\x80\x45"
"\x30\xe2\x02\x41\x15\x20\x12\x04\x01\x25\xe8\x70\x28\x50\x18\x05"
"\xe9\x80\x28\x10\x18\x05\xea\x70\x28\x10\xb8\x8c\x45\x30\x54\x10"
"\x00\x42\x02\x56\x01\x11\x29\x50\x87\x0b\x48\x81\xb3\x01\x32\xc8"
"\x07\x90\xcc\xc5\x40\xde\x41\x08\x03\x2a\x06\x91\x08\x92\x61\x40"
"\xc5\xe0\x1f\xc1\x19\x0c\x03\x2a\x06\x10\x09\xc6\x60\x18\x50\x41"
"\xb8\x44\x50\x0d\x89\xb0\x07\x10\x58\x01\x01\x02\xa5\x2e\x82\x11"
"\x17\x08\xbf\x60\x90\x20\x08\xa8\xe8\x87\x43\x81\xc1\x28\xf0\x07"
"\x44\x81\xc0\x28\xf8\x87\x43\x81\xc0\x05\x2f\x82\xa1\x82\x00\x10"
"\x12\xb0\x0a\x86\x48\x50\x48\x9c\x00\x12\x82\x43\x41\xb4\x69\x32"
"\x09\x18\x90\x41\x2d\x80\x4f\x18\x02\x75\x01\x4a\x4e\x63\x20\x6b"
"\x17\x86\x08\x58\xbc\x30\x44\x80\x2b\x06\x54\x0c\x70\x42\xbc\xcb"
"\x37\xa0\x82\x60\x13\xe2\x5d\xbe\x01\x15\x04\x2e\x10\xe5\xf2\x0d"
"\xa8\x20\x54\x81\x08\x97\xef\x19\x0c\x38\x28\x61\x10\xb7\x0c\xa8"
"\x18\xf4\x44\x28\x97\x4f\xd2\x03\x3b\x80\x4f\x41\x02\x24\x06\xbe"
"\x00\x2a\x00\x54\xb9\x03\x11\x2e\x19\x50\x41\x34\x89\x9f\x20\x03"
"\x2a\x80\x23\x31\x90\x01\x15\xc3\x91\x38\x88\x0a\x02\x28\x43\x10"
"\xe2\x03\x61\xd0\x09\x34\xd8\x04\x26\x83\x2c\x60\x40\x06\x08\xf8"
"\x94\x24\x60\x03\x2a\x06\xce\x48\x96\x01\x15\x83\xad\x18\x67\xb0"
"\x0c\xa8\x18\x70\xc5\x18\x83\x65\x40\x05\x41\x06\x46\xb5\x24\x42"
"\x2c\x40\x60\x05\x04\x08\x94\xf0\x08\x46\x5c\x20\xac\x84\x41\x82"
"\x20\xa0\x22\x2d\x0e\x05\x06\xa3\x40\x2d\x10\x05\x02\xa3\x60\x2d"
"\x0e\x05\x02\x17\xf2\x08\x86\x0a\x02\x40\x48\xc0\x2a\x18\x22\x41"
"\x6d\x71\x02\x48\x08\x0e\x05\xd1\xa6\x49\x2e\x60\x40\x06\x69\x00"
"\x3e\x66\x09\x06\x54\x10\xaa\x50\x48\xcb\x80\x0a\xc2\x15\x0a\x32"
"\x58\x06\x54\x0c\x24\x53\x28\x4b\x12\xfe\x02\x04\x4a\x7d\x04\x43"
"\x0d\x83\xc4\x05\x02\x58\x04\x24\x08\x02\x3a\xfc\xe2\x50\x80\x30"
"\x0a\xfe\x02\x51\x20\x30\x0a\x40\xe3\x50\x20\x70\xc9\x8f\x60\xa8"
"\x20\x00\x84\x04\x8c\x1c\xd4\x80\x12\x22\xc1\x50\xcd\x20\x71\x81"
"\xc0\x16\x01\x09\x82\x80\x0e\xd5\x38\x14\x20\x8c\x82\xd5\x40\x14"
"\x08\x8c\x02\xd6\x38\x14\x08\x5c\x4a\x24\x18\x2a\x08\x40\x22\x01"
"\xf8\x1a\x2e\x78\x0e\xf4\x13\x8a\x19\xc4\x3d\x03\x2a\x06\xc1\x49"
"\x9e\x01\x15\x83\xde\x38\x67\xf0\x0c\xa8\x18\xf8\xc6\x19\x83\x67"
"\x40\x05\xe1\x38\xd5\x93\x08\xda\x00\x81\x15\x10\x20\x50\x66\x24"
"\x18\x71\x81\xd0\x17\x06\x09\x82\x80\x8a\xdd\x38\x14\x18\x8c\x02"
"\xde\x40\x14\x08\x8c\x82\xde\x38\x14\x08\x5c\x6c\x24\x18\x2a\x08"
"\x00\x21\x01\xab\x60\x88\x04\xfd\xc6\x09\x20\x21\x38\x14\x44\x9b"
"\x26\xf2\x80\x01\x19\xe8\x02\xf8\xa0\x27\x18\x50\x41\xd0\x41\x23"
"\x3d\x03\x2a\x08\x54\x68\xc8\xe0\x19\x50\x31\xa0\x4f\xa3\x3c\xf2"
"\x0d\xd0\x00\x7c\x5f\x14\x28\x34\x18\x42\xa6\x41\x79\x90\x4f\x93"
"\x02\xa9\x06\xe5\x41\xbe\x6b\x0a\xd0\x50\x1e\x1a\x11\x08\xe6\x60"
"\x38\x6a\x40\xc5\x60\x3f\xd3\x44\x0d\xa8\xb8\x5c\x67\x9a\xa8\x01"
"\x15\x97\xeb\x4c\x0d\x15\x11\x08\xc4\x40\x82\x2f\xa8\xe0\x8a\x54"
"\xa8\xc7\x09\x20\x21\x38\x14\x18\x9b\x12\xf6\x80\x00\x94\xb0\x07"
"\x48\xa1\x01\x5f\x45\x05\x43\x0c\x0a\x20\x04\xc1\x00\x5b\x11\x42"
"\x3e\x12\xf8\x3e\x2b\x40\x15\x04\x88\x82\x0f\x95\xc1\x8a\x80\x4f"
"\xbb\x82\x01\x15\x83\x19\x58\x38\x24\x0d\xa8\x18\x18\x4b\x87\x24"
"\x84\xcd\x87\xa2\x2d\x80\x71\x0c\xf3\x31\xc0\xc8\x38\x86\xf9\x28"
"\x62\x64\x20\x43\x40\x1f\xf3\x91\x82\xf9\xd8\x80\x88\x40\x00\x09"
"\x30\x70\xd8\x80\x8a\x41\xba\x26\x6c\x40\x45\x66\x5c\x13\x36\xa0"
"\x22\x73\xae\x06\x8b\x08\x04\x62\x20\x41\x18\x54\x90\x45\x2a\xf4"
"\xe3\x04\x90\x10\x1c\x0a\x8c\x4d\x09\x7f\x40\x00\x4a\xf8\x03\xa4"
"\x20\x81\x2f\xc3\x82\x21\x06\x05\x10\x82\x60\xa0\x91\x09\x21\x29"
"\x36\x00\xdf\xa7\x05\x03\x3a\x06\x53\x8a\x68\xc1\x52\x83\x6c\x40"
"\xc7\x80\x4a\x91\x1e\x58\x46\x36\xa0\x63\x10\x87\x08\x0f\x2c\x36"
"\xc8\xdc\x36\xa0\x62\xa8\x36\x43\x1b\x50\x31\x44\x9b\xa1\x0d\xa8"
"\x18\x86\xcd\xd0\x50\xd0\x23\x10\x1f\x08\x36\x21\x90\x20\x08\x2a"
"\x18\x22\x1d\x3f\x72\x02\x48\x08\x0e\x05\xc8\x26\x85\x4c\x60\x40"
"\x06\x7b\x00\xbe\x6f\x0b\x24\x3b\x94\x03\xf8\xbe\x2e\x50\xe4\x30"
"\x88\x32\x87\x21\x9c\x37\xa0\x62\x20\xba\xc4\x1b\x50\x31\xb0\x53"
"\x77\x06\xde\x80\x8a\xc1\x9d\xba\x31\xf0\x06\x54\x10\xa0\xd1\x55"
"\x5e\x22\xda\x04\x04\x56\x40\x80\x40\x61\x97\x60\xc4\x05\x82\x8d"
"\x18\x24\x08\x02\x2a\xe8\xe4\x50\x60\x30\x0a\xea\x04\x51\x20\x30"
"\x0a\xec\xe4\x50\x20\x70\x79\x97\x60\xa8\x20\x00\x84\x04\xac\x82"
"\x21\x12\x84\x27\x27\x80\x84\xe0\x50\x10\x6d\x9a\xfa\x04\x06\x64"
"\x60\x81\xef\xf3\x82\x01\x35\x84\x5c\x40\xe6\xc1\xc9\x45\x26\x17"
"\x95\x5c\x6c\x92\x37\xa0\x86\x90\x0b\x48\x3f\x38\xb9\xc8\xe4\xa2"
"\x92\x8b\x8d\x0c\xbc\x01\x35\x83\x4e\x41\x3a\xc5\xe1\x42\xc6\x12"
"\x15\x1f\x6c\x8a\x27\x59\x22\x2f\xc0\xd1\x0d\xc2\x5d\x04\xe9\x2e"
"\x58\x05\x02\x64\x60\x1b\xe0\x3b\x8a\x20\x40\x0c\x47\x00\x00\x00"
"\x5b\x06\x20\x38\x83\x2d\x83\x10\xa4\xc1\x96\x81\x08\xd2\x60\xcb"
"\x70\x04\x6a\xb0\x65\x40\x82\x34\xd8\x32\x60\x41\x1a\x6c\x19\xb2"
"\x20\x0d\xb6\x0c\x65\x10\xa4\xc1\x96\xe1\x0c\x02\x35\xd8\x32\xb8"
"\x41\x90\x06\x5b\x06\x3a\x08\xd2\x60\xcb\x60\x07\x81\x1a\x6c\x19"
"\xfa\x20\x48\x83\x2d\x43\x29\x04\x69\xb0\x65\x38\x85\x40\x0d\xb6"
"\x0c\xae\x10\xa4\xc1\x96\xa1\x16\x82\x34\xd8\x32\xdc\x42\xa0\x06"
"\x5b\x06\x5f\x08\xd2\x60\xcb\x50\x0e\xc1\x19\x6c\x19\xda\x21\x48"
"\x83\x2d\xc3\x3b\x04\x6a\xb0\x65\xb0\x87\x20\x0d\xb6\x0c\xff\x20"
"\x55\x5b\x86\x90\x08\xce\x60\xcb\x70\x13\x81\x1a\x6c\x19\x78\x42"
"\xb2\xb6\x0c\x64\x11\xa4\xc1\x96\xc1\x2c\x02\x35\xd8\x32\xb4\x45"
"\x90\x06\x5b\x06\xbb\x90\xaa\x2d\xc3\x5e\x04\x69\xb0\x65\xf0\x8b"
"\x40\x0d\xb6\x0c\xa5\x11\xa4\xc1\x96\x21\x35\x82\x34\xd8\x32\xb0"
"\x46\xa0\x06\x5b\x86\xd9\x08\xd2\x60\xcb\x00\x1e\x41\x1a\x6c\x19"
"\xc4\x23\x50\x83\x2d\x43\x7a\x04\x69\xb0\x65\x90\x0f\xa9\xda\x32"
"\x90\x48\xa0\x06\x5b\x06\x16\x91\xe2\x60\xcb\x20\x26\x81\x1a\x6c"
"\x19\xd4\x44\x92\x83\x2d\xc3\x9d\x04\x6a\xb0\x65\xf0\x13\x69\x0e"
"\xb6\x0c\xaa\x12\xa4\xc1\x96\x81\x55\x02\x35\xd8\x32\xcc\x4a\x90"
"\x06\x5b\x06\x5e\x91\xaa\x2d\x03\xb9\x48\x19\x00\x41\x62\x00\x00"
"\x43\x00\x00\x00\x0b\x86\x00\x38\x99\x05\x05\x20\x0c\x81\xbe\x2c"
"\x18\x02\xc0\x5d\x16\x0c\x01\x80\x2e\x0b\x86\x00\x00\x97\x05\x43"
"\x00\xf8\xca\x82\x21\x00\x6c\x65\xc1\x10\x00\xad\xb2\xa0\x00\x06"
"\x21\x30\x95\x05\x43\x00\xf0\xc9\x82\x21\x00\xe6\x64\x81\x01\x0c"
"\x84\x10\xc4\xc9\x82\xa3\x18\x80\x80\x10\xdc\x64\x81\x01\x04\xc4"
"\x20\xb0\xc9\x82\x02\x10\x86\x20\x4c\x16\x0c\x01\x50\x23\x0b\x0e"
"\x40\x18\x02\xa2\x80\x91\x05\x06\x20\x0c\x01\x71\x22\x0b\x8a\x01"
"\x08\x04\x13\x59\x40\x04\x80\x50\x22\x0b\x8a\x00\x10\x06\x12\x59"
"\x40\x04\x80\xe0\x1f\x0b\x08\x21\x00\xf2\x63\xc1\x10\x00\xf8\xb1"
"\xa0\x00\x84\x21\x78\x8f\x05\x43\x00\x8c\xc7\x82\x21\x00\x78\x63"
"\xc1\x10\x00\xbb\xb1\x60\x08\x80\xd9\x58\x30\x04\x80\x6c\x2c\x20"
"\x04\x20\x60\x8d\x05\x85\x30\x00\xc1\x68\x2c\x18\x02\x60\x2f\x16"
"\x0c\x01\x70\x17\x0b\x86\x00\x98\x8b\x05\x43\x00\x98\xc5\x82\x02"
"\x08\x06\x41\x1f\x16\x10\x01\x20\xa4\xc3\x02\x66\x20\x0a\xe3\x48"
"\x80\x40\x40\x94\x5e\x98\x70\x00\x44\x30\x08\xc5\x37\x61\x08\x00"
"\x6f\xc2\x10\x00\xdb\x04\x22\x00\x04\x6d\xc2\x10\x00\xcf\x84\x21"
"\x00\x96\x09\x43\x00\x24\x13\x86\x00\x28\x26\x0c\x01\x30\x00\x00"
"\x00\x00\x00\x00\x61\x28\x00\x00\x93\x03\x00\x00\x23\x08\x40\x21"
"\x2c\x10\x00\x00\x1d\x00\x00\x00\x44\x94\x46\x89\x94\x02\x0d\x25"
"\x50\x06\x14\x14\x42\x81\xd0\x50\xe0\x03\x74\x8d\x05\x01\x81\x30"
"\x10\x85\x71\x20\x89\xb2\x30\x8d\xf3\x8c\x00\x8c\x05\x0d\xc3\x30"
"\x0c\xc3\x30\x0c\xc3\x30\x0c\xc3\x30\xd0\x50\x20\x74\x8d\x05\x41"
"\x10\x04\x41\x10\x04\x41\x10\x04\x41\x10\x04\xd1\x50\x18\x85\x3f"
"\x30\x1a\x40\xd9\x1c\x04\x2c\xe0\x01\x1e\xe0\xc1\x68\x00\x81\x23"
"\x00\x94\x8d\x45\x00\x81\x30\x8c\x45\x0c\xc3\x30\xd0\x50\x08\x94"
"\x8d\x45\x10\x04\x41\xd0\x50\x10\x00\x00\x00\x00\xe1\x61\x00\x00"
"\x12\x00\x00\x00\x2b\x08\x39\x60\x83\x36\x70\x83\x15\xc4\x1c\xb0"
"\x41\x1b\xb8\xc1\x0a\x82\x0e\xd8\xc0\x0d\xda\x60\x05\x51\x07\x6c"
"\xd0\x06\x6e\xb0\x82\xb0\x03\x36\x68\x03\x37\x58\x41\xdc\x01\x1b"
"\xb8\x41\x1b\xac\x20\xf0\x80\x0d\xda\xc0\x0d\x56\x10\x79\xc0\x06"
"\x6d\xe0\x06\x2b\x08\x3d\x60\x03\x37\x68\x03\x00\xc4\x16\x06\xa2"
"\x02\x40\x09\x2d\x10\x23\x05\x60\x00\x02\xc5\x16\x82\xa1\x84\x41"
"\xe2\x02\x81\x08\x48\x10\x04\x42\x0b\xc4\x40\x01\x18\x1c\x0a\x04"
"\x46\x41\x18\x20\x0a\x04\x46\x81\x18\x1c\x0a\x04\x56\x41\x00\x28"
"\x09\x38\x39\x6a\x00\x02\x88\x48\x83\x43\x41\xc1\x28\x50\x03\x44"
"\x81\xc0\x28\x58\x83\x43\x81\xc0\x85\x1c\x82\x41\xd8\x81\x18\x32"
"\xb0\x03\xf3\x05\x43\xa0\x92\x41\xd6\x30\x44\x80\x13\x06\x54\x0c"
"\x44\x90\x08\x03\x2a\x06\x7d\x08\xce\x40\x18\x50\x31\xf0\x43\x30"
"\x06\xc2\x80\x0a\x02\x0a\x2a\x21\x11\x74\x00\x02\x2b\x20\x40\xa0"
"\xcc\x43\x30\xe2\x02\x01\x0c\x0c\x12\x04\x01\x15\x7b\x70\x28\x30"
"\x18\x05\x7c\x80\x28\x10\x18\x05\x7d\x70\x28\x10\xb8\xd8\x43\x30"
"\x54\x10\x00\x42\x02\x56\xc1\x10\x09\x02\x85\x13\x40\x42\x70\x28"
"\x88\x36\x4d\xa4\x00\x03\x32\xb0\xc0\x37\x08\xc1\x80\x0a\xc2\x0e"
"\x00\x49\x18\x50\x41\x90\x02\x40\x06\xc2\x80\x8a\x01\x2d\x00\x45"
"\x48\x42\x2c\x80\x40\x39\x89\x60\xa8\x61\x90\xb8\x40\xa8\x83\x80"
"\x04\x41\x40\x07\x2c\x1c\x0a\x10\x46\x41\x2c\x20\x0a\x04\x46\x81"
"\x2c\x1c\x0a\x04\x2e\x2b\x11\x0c\x15\x04\x80\x90\x80\x93\xa3\x0b"
"\x20\x50\x66\x22\x18\xaa\x19\x24\x2e\x10\x42\x21\x20\x41\x10\xd0"
"\xc1\x0b\x87\x02\x84\x51\xd0\x0b\x88\x02\x81\x51\xe0\x0b\x87\x02"
"\x81\xcb\x4d\x04\x43\x05\x01\x48\x24\x00\x1f\x31\x05\xaf\x38\xe8"
"\x40\x31\x83\x2c\x3b\x18\x22\xc0\x19\x03\x2a\x06\xa2\x48\x8c\x01"
"\x15\x03\x78\x14\x67\x60\x0c\xa8\x18\xc4\xa3\x18\x03\x63\x40\x05"
"\x01\x15\x95\x91\x88\x73\x00\x81\x15\x10\x20\x50\xcc\x22\x18\x71"
"\x81\x30\x0b\x06\x09\x82\x80\x0a\x77\x38\x14\x18\x8c\x82\x77\x40"
"\x14\x08\x8c\x02\x78\x38\x14\x08\x5c\xd2\x22\x18\x2a\x08\x00\x21"
"\x01\xab\x60\x88\x04\xcd\xc3\x09\x20\x21\x38\x14\x44\x9b\xa6\x7b"
"\x80\x01\x19\x58\xe0\x3b\x8c\x60\x40\x05\x61\x07\x84\x64\x0c\xa8"
"\x20\x54\x81\x20\x03\x63\x40\xc5\xe0\x22\x84\x62\x48\x38\x48\x03"
"\xf0\x59\x48\x40\xfe\x62\x20\x2a\x00\x54\xad\xc1\x10\x92\x0d\xfc"
"\x81\x7c\x51\x12\xc8\x36\xf0\x07\xf2\x39\x4a\x80\x06\x7f\xd0\x88"
"\x40\x28\x10\xb7\x0c\xa8\x18\xc0\x44\x99\x96\x01\x15\x17\x88\x28"
"\xd3\x32\xa0\xe2\x02\x11\xa5\x59\x22\x02\x81\x18\x48\xf0\x05\x15"
"\x5c\x91\x8a\x91\x38\x01\x24\x04\x87\x02\x63\x53\x52\x12\x10\x80"
"\x92\x92\x00\x29\x34\xe0\x63\x96\x60\x88\x41\x01\x84\x20\x18\x60"
"\x60\x41\xc8\x47\x02\x9f\xd5\x04\xe8\x82\x00\x51\x29\xa1\x32\x00"
"\x0b\xf0\x45\x4e\x30\xa0\x62\x30\x83\x46\x54\x92\x01\x15\x03\xd3"
"\x90\x4a\x82\x30\x96\x50\xd4\x05\x30\x8e\x81\x25\x86\xb2\x18\xc7"
"\xc0\x12\x85\x59\x0c\x64\x08\x5a\x82\x25\x52\xc0\x12\x1b\x10\x11"
"\x08\x9f\x18\xb8\x67\x40\xc5\x20\x39\xd3\x33\xa0\x22\x33\x9c\xe9"
"\x19\x50\x91\x39\x4e\xf3\x44\x04\x02\x31\x90\x20\x0c\x2a\xc8\x22"
"\x15\x33\x71\x02\x48\x08\x0e\x05\xc6\xa6\xa4\x26\x20\x00\x25\x35"
"\x01\x52\x90\xc0\x07\x3d\xc1\x10\x83\x02\x08\x41\x30\xd0\xf2\x82"
"\x90\x14\x1b\x80\xcf\x8a\x82\x01\x1d\x03\xbc\x20\xb4\xd0\xa8\x01"
"\x34\xa0\x63\x90\x17\x44\x0f\x1a\x03\x1a\xd0\x31\x98\x03\x82\x07"
"\x0d\x1b\x40\x4e\x1a\x50\x31\x54\x92\x11\x0d\xa8\x18\x22\xc9\x88"
"\x06\x54\x0c\x83\x64\x44\x28\x90\x0b\x88\x0f\x84\x3a\x10\x48\x10"
"\x04\x15\x0c\x91\x8e\xba\x38\x01\x24\x04\x87\x02\x64\x93\x92\x17"
"\x30\x20\x83\x3d\x00\x9f\x25\x05\xf2\x1d\xd0\x01\x7c\x16\x15\xa8"
"\x73\x18\x44\xa5\xc3\x10\xae\x1a\x50\x31\x10\x54\x52\x0d\xa8\x18"
"\x6c\x86\x3a\x83\x6a\x40\xc5\x80\x33\xd4\x18\x54\x03\x2a\x08\xd3"
"\xa0\xaa\x2a\x11\xa2\x01\x02\x2b\x20\x40\xa0\x84\x48\x30\xe2\x02"
"\xc1\x2d\x0c\x12\x04\x01\x15\xa9\x71\x28\x30\x18\x05\xaa\x81\x28"
"\x10\x18\x05\xab\x71\x28\x10\xb8\x90\x48\x30\x54\x10\x00\x42\x02"
"\x56\xc1\x10\x09\x72\x8d\x13\x40\x42\x70\x28\x88\x36\x4d\xb2\x01"
"\x03\x32\xb0\xc0\x67\x55\xc1\x80\x1a\xc2\x2e\x0e\xf6\x98\xec\x02"
"\xb2\x0b\xc6\x2e\x24\xa9\x1a\x50\x43\xd8\xc5\x01\x22\x93\x5d\x40"
"\x76\xc1\xd8\x85\x44\x06\xd5\x80\x9a\x81\x74\x0e\xd2\x99\x70\x01"
"\x62\x09\x86\x0f\x24\xa5\x4a\xc2\x6f\x80\x40\xa9\x91\x60\xa8\x61"
"\x90\xb8\x40\x18\x8d\x80\x04\x41\x40\x87\x6f\x1c\x0a\x10\x46\xc1"
"\x6f\x20\x0a\x04\x46\x01\x78\x1c\x0a\x04\x2e\x39\x12\x0c\x15\x04"
"\x80\x90\x80\x93\x83\x1e\x20\x50\xc2\x24\x18\xaa\x19\x24\x2e\x10"
"\x5e\x23\x20\x41\x10\xd0\xa1\x1e\x87\x02\x84\x51\xb0\x1e\x88\x02"
"\x81\x51\xc0\x1e\x87\x02\x81\x4b\x99\x04\x43\x05\x01\x48\x24\x00"
"\xdf\x65\x06\xc1\xc3\x34\xd1\x50\xcc\x20\x8b\x34\x86\x08\x70\xd9"
"\x80\x8a\x81\xc0\x92\x6c\x40\xc5\xc0\x3f\xd8\x19\x64\x03\x2a\x06"
"\xff\xc1\xc6\x20\x1b\x50\x41\x40\x58\x95\x25\xa2\x3e\x40\x60\x05"
"\x04\x08\x14\x3a\x09\x46\x5c\x20\x84\x87\x41\x82\x20\xa0\x82\x3f"
"\x0e\x05\x06\xa3\xa0\x3f\x10\x05\x02\xa3\xc0\x3f\x0e\x05\x02\x97"
"\x3b\x09\x86\x0a\x02\x40\x48\xc0\x2a\x18\x22\x41\x21\x72\x02\x48"
"\x08\x0e\x05\xd1\xa6\xa9\x44\x60\x40\x06\x16\xf8\xb4\x2c\x18\x50"
"\x41\xd8\xc1\x25\x65\x03\x2a\x08\x55\xb8\xc8\x20\x1b\x50\x31\xa8"
"\xd1\xa5\x64\x12\x0e\xd2\x00\x7c\x69\xb0\x05\xa4\x55\x06\xa2\x02"
"\x40\xd5\x1a\x0c\x21\xd9\x80\x45\xc8\x47\x06\x5c\x20\xdb\x80\x45"
"\xc8\x17\x06\x5d\x80\x06\x16\xd1\x88\x40\x28\x10\xe7\x0d\xa8\x18"
"\xf8\xa8\x9b\xbc\x01\x15\x17\x0f\x75\x93\x37\xa0\xe2\xe2\xa1\xae"
"\xf1\x22\x02\x81\x18\x48\xf0\x05\x15\x5c\x91\x8a\x18\x39\x01\x24"
"\x04\x87\x02\x63\x53\x32\x23\x10\x80\x92\x19\x01\x29\x34\xe0\xfb"
"\xbc\x60\x88\x41\x01\x84\x20\x18\x60\x6e\x42\xc8\x47\x02\x5f\x1a"
"\x80\x41\x80\x2e\x08\x10\x75\x23\x2a\x03\x37\x01\x1f\x19\x84\x41"
"\x30\xa0\x62\x30\x03\x30\xf0\x25\x6e\x40\xc5\xc0\x80\x01\x38\x71"
"\x08\xd3\x11\x45\x5d\x00\xe3\x18\x74\x64\x98\x93\x71\x0c\x3a\x52"
"\xd0\xc9\x40\x86\x60\x47\x74\x24\x05\x3a\xb2\x01\x11\x81\xf0\x89"
"\x81\x13\x83\x01\x15\x83\x14\x06\x93\x18\x0c\xa8\xc8\x8c\x30\x98"
"\xc4\x60\x40\x45\xe6\x84\x41\x23\x06\x11\x81\x40\x0c\x24\x08\x83"
"\x0a\xb2\x48\x45\x98\x9c\x00\x12\x82\x43\x81\xb1\x29\x19\x13\x08"
"\x40\xc9\x98\x80\x14\x24\xf0\x8d\x81\x18\x04\x43\x0c\x0a\x20\x04"
"\xc1\x40\x3b\x15\x42\x52\x6c\x00\xbe\x34\x20\x83\x60\x40\xc7\xc0"
"\x52\x1b\x2d\x80\x81\x1a\x8c\xc1\x80\x8e\xc1\xa5\x36\x3d\x00\x03"
"\x63\x0c\x06\x74\x0c\xe6\xb0\xe1\x01\x18\xb0\xc1\x18\xb8\x32\x18"
"\x50\x31\x54\x65\x60\x90\xc1\x80\x8a\x21\x2a\x03\x83\x0c\x06\x54"
"\x0c\x43\x19\x18\x64\x80\x02\x50\x81\xf8\x40\xa8\x03\x81\x04\x41"
"\x50\xc1\x10\xe9\x18\x95\x13\x40\x42\x70\x28\x40\x36\x29\xa7\x02"
"\x03\x32\xd8\x03\xf0\xa5\x41\x19\x04\xf2\x1d\xd0\x01\x7c\x69\x70"
"\x06\x81\x3a\x87\x41\x54\x3a\x0c\xe1\xd0\x60\x40\xc5\x40\x9c\x41"
"\x82\x06\x03\x2a\x06\xb9\x3a\x83\x33\x40\x83\x01\x15\x03\x5d\x9d"
"\xc1\x18\xa0\xc1\x80\x0a\xc2\x34\xce\xa0\x42\x83\x44\xc0\x0a\x08"
"\xac\x80\x00\x81\xf2\x32\xc1\x88\x0b\x04\x3e\x31\x48\x10\x04\x54"
"\xdc\xca\xa1\xc0\x60\x14\xe0\x0a\xa2\x40\x60\x14\xe4\xca\xa1\x40"
"\xe0\x22\x33\xc1\x50\x41\x00\x08\x09\x58\x05\x43\x24\x88\x57\x4e"
"\x00\x09\xc1\xa1\x20\xda\x34\x81\x0b\x0c\xc8\xc0\x02\x5f\x1a\xa0"
"\x41\x30\xa0\x86\xb0\x0b\x8d\x3d\xcc\xc0\x2e\xc6\xc0\x2e\x3e\xbb"
"\x28\x03\x09\x0d\x06\xd4\x10\x76\xa1\x81\x88\x19\xd8\xc5\x18\xd8"
"\xc5\x67\x17\x65\x40\x06\x68\x30\xa0\x66\x00\x2f\x0d\xbc\xcc\x00"
"\x17\xc6\x80\x25\x3e\x3e\x28\x03\x05\x0d\x92\xd0\x2e\x20\x50\xc6"
"\x26\x18\x6a\x18\x24\x2e\x10\x62\x25\x20\x41\x10\xd0\xc1\x2e\x87"
"\x02\x84\x51\xd0\x2e\x88\x02\x81\x51\xe0\x2e\x87\x02\x81\xcb\xd9"
"\x04\x43\x05\x01\x20\x24\xe0\xe4\xd8\x0b\x08\x94\xb7\x09\x86\x6a"
"\x06\x89\x0b\x84\x5e\x09\x48\x10\x04\x74\xe0\xcb\xa1\x00\x61\x14"
"\xe4\x0b\xa2\x40\x60\x14\xe8\xcb\xa1\x40\xe0\x32\x37\xc1\x50\x41"
"\x00\x12\x09\xc0\xa7\x06\x79\x10\xbc\x35\x68\x03\x58\x51\xcc\x20"
"\x4b\x56\x86\x08\x70\x6c\x30\xa0\x62\x20\xd6\x20\x61\x83\x01\x15"
"\x03\x8e\xad\xc1\x19\xb0\xc1\x80\x8a\x41\xc7\xd6\x60\x0c\xd8\x60"
"\x40\x05\x01\xad\x41\xc5\x06\x89\x18\x19\x10\x58\x01\x01\x02\x45"
"\x74\x82\x11\x17\x08\xef\x62\x90\x20\x08\xa8\x50\x99\x43\x81\xc1"
"\x28\x58\x19\x44\x81\xc0\x28\x60\x99\x43\x81\xc0\xa5\x74\x82\xa1"
"\x82\x00\x10\x12\xb0\x0a\x86\x48\xd0\xcb\x9c\x00\x12\x82\x43\x41"
"\xb4\x69\x9a\x19\x18\x90\x81\x05\xbe\x36\x60\x83\x60\x40\xc5\x20"
"\x6a\x6a\x60\xb0\x81\x74\x83\x33\x00\x1f\x1f\xb8\x41\x40\x72\x67"
"\x20\x2a\x00\x54\xa5\xc1\x10\x52\x0d\x70\x86\x7c\x77\xf0\x06\x81"
"\x5c\x03\x9c\x21\x1f\x1d\xc0\x41\x80\x06\x9c\xd1\x88\x40\x28\x10"
"\x17\x07\x03\x2a\x06\x5a\x83\x83\x29\x0e\x06\x54\x5c\x74\x06\x07"
"\x53\x1c\x0c\xa8\xb8\xe8\x0c\x0e\x9a\x38\x88\x08\x04\x62\x20\xc1"
"\x17\x54\x70\x45\x2a\x7a\xe6\x04\x90\x10\x1c\x0a\x8c\x4d\xc9\xcf"
"\x40\x00\x4a\x7e\x06\xa4\xd0\x80\x4f\x0e\xe2\x20\x18\x62\x50\x00"
"\x21\x08\x06\x98\xde\x10\xf2\x91\xc0\xc7\x07\x73\x10\xa0\x0b\x02"
"\x44\x8d\x8d\xca\x40\x6f\xc0\x77\x07\x74\x10\x0c\xa8\x18\xcc\x60"
"\x0e\xec\xed\x0d\x06\x54\x0c\xcc\x1c\xe0\xdb\x1b\x20\xcc\x6c\x14"
"\x75\x01\x8c\x63\x30\x9b\xe1\x6f\xc6\x31\x98\x4d\x01\x3a\x03\x19"
"\x82\xb3\x31\x9b\x14\x98\xcd\x06\x44\x04\xc2\x27\x06\xae\x0e\x06"
"\x54\x0c\x12\x1d\x4c\x75\x30\xa0\x22\x33\xe8\x60\xaa\x83\x01\x15"
"\x99\x43\x07\x4d\x1d\x44\x04\x02\x31\x90\x20\x0c\x2a\xc8\x22\x15"
"\x6d\x73\x02\x48\x08\x0e\x05\xc6\xa6\xe4\x6d\x20\x00\x25\x6f\x03"
"\x52\x90\xc0\x67\x07\x75\x10\x0c\x31\x28\x80\x10\x04\x03\x6d\x76"
"\x08\x49\xb1\x01\xf8\xf8\xe0\x0e\x82\x01\x1d\x03\xd9\xb9\x01\x2d"
"\xcc\x81\x1a\xd8\xc1\x80\x8e\xc1\xec\xdc\x40\x0f\xe6\xc0\xb0\x83"
"\x01\x1d\x83\x39\xb8\x01\x1e\xcc\x01\x1b\xd8\x81\xc3\x83\x01\x15"
"\x43\x85\x07\xc6\x1d\x0c\xa8\x18\x22\x3c\x30\xee\x60\x40\xc5\x30"
"\xe0\x81\x71\x07\x28\x60\x1d\x88\x0f\x84\x3a\x10\x48\x10\x04\x15"
"\x0c\x91\x8e\xd7\x39\x01\x24\x04\x87\x02\x64\x93\x32\x3b\x30\x20"
"\x83\x3d\x00\x1f\x1f\xe0\x41\x20\xdb\xc1\x1c\xc0\xc7\x07\x7a\x10"
"\xa8\x72\x18\x44\x9d\xc3\x10\x6e\x0f\x06\x54\x0c\x84\x1e\x24\x7b"
"\x30\xa0\x62\x50\x3d\x3d\x38\x83\x3d\x18\x50\x31\xb0\x9e\x1e\x8c"
"\xc1\x1e\x0c\xa8\x20\x44\x43\x0f\xaa\x3d\x48\x04\xef\x80\xc0\x0a"
"\x08\x10\x28\x3b\x14\x8c\xb8\x40\x40\x1d\x83\x04\x41\x40\xc5\xf8"
"\x1c\x0a\x0c\x46\x01\xf9\x20\x0a\x04\x46\x41\xf9\x1c\x0a\x04\x2e"
"\x3e\x14\x0c\x15\x04\x80\x90\x80\x55\x30\x44\x82\xd0\xe7\x04\x90"
"\x10\x1c\x0a\xa2\x4d\x13\xfb\xc0\x80\x0c\x2c\xf0\xf1\xc1\x1e\x04"
"\x03\x6a\x06\xfa\x6b\x03\xfa\xcb\x03\x94\x90\x03\x5a\xb0\x03\x3c"
"\xc0\x03\x63\x0f\x24\xed\xb0\x0e\xf8\xfe\xa0\x0f\x02\x22\x47\x03"
"\x41\x41\xda\x80\x0a\x00\x55\xaf\x43\x84\xf4\x11\x10\x02\x47\x37"
"\x1c\x31\x11\x38\x3f\x18\x50\x41\x34\x7e\xe0\x7f\x7d\x30\xa0\x02"
"\x38\xfc\x40\xe9\x83\x01\x15\xc3\xe1\x07\x46\x1f\xa8\x20\x80\x32"
"\x04\x21\x3e\x10\x06\xfd\x41\xc3\xf9\x60\x32\x48\x08\x06\x64\xa0"
"\x80\xef\x0f\xfc\x20\x60\x01\x62\x00\x00\x00\x00\x6a\x00\x00\x00"
"\x5b\x06\x20\x38\x83\x2d\x83\x10\xa4\xc1\x96\x81\x08\xd2\x60\xcb"
"\x70\x04\x6a\xb0\x65\x40\x82\x34\xd8\x32\x60\x41\x1a\x6c\x19\xb2"
"\x20\x0d\xb6\x0c\x65\x10\xa4\xc1\x96\xe1\x0c\x02\x35\xd8\x32\xb8"
"\x41\x90\x06\x5b\x86\x3b\x90\xaa\x2d\x03\x1f\x04\x69\xb0\x65\xf8"
"\x83\x40\x0d\xb6\x0c\xa6\x10\xa4\xc1\x96\x41\x15\x82\x34\xd8\x32"
"\xb4\x42\xa0\x06\x5b\x06\x5a\x08\xd2\x60\xcb\x20\x0e\x41\x1a\x6c"
"\x19\xc8\x21\x50\x83\x2d\xc3\x3a\x04\x69\xb0\x65\xa0\x07\xa9\xda"
"\x32\xe8\x43\x70\x06\x5b\x06\x94\x08\xd4\x60\xcb\x00\x13\x52\x1c"
"\x6c\x19\xcc\x22\x50\x83\x2d\x83\x5b\x48\x72\xb0\x65\xd8\x8b\x40"
"\x0d\xb6\x0c\xa2\x21\xcd\xc1\x96\xc1\x35\x82\x34\xd8\x32\xc0\x46"
"\xa0\x06\x5b\x86\xdb\x08\xd2\x60\xcb\x00\x1e\x52\xb5\x65\x28\x8f"
"\x20\x0d\xb6\x0c\xe8\x11\xa8\xc1\x96\xe1\x3d\x82\x34\xd8\x32\xcc"
"\x47\x90\x06\x5b\x06\xfb\x08\xd4\x60\xcb\xd0\x1f\x41\x1a\x6c\x19"
"\x56\x24\x48\x83\x2d\x43\x8b\x04\x6a\xb0\x65\xa0\x91\x20\x0d\xb6"
"\x0c\x3d\x22\x55\x5b\x86\x31\x09\xce\x60\xcb\x10\x27\x81\x1a\x6c"
"\x19\xf2\x44\xa2\x83\x2d\xc3\xab\x04\x6a\xb0\x65\xb8\x15\xa9\x0e"
"\xb6\x0c\xe4\x12\xa8\xc1\x96\x61\x5d\x24\x3b\xd8\x32\xdc\x4b\x90"
"\x06\x5b\x86\x7c\x09\xd4\x60\xcb\x00\x32\x41\x1a\x6c\x19\x52\x46"
"\xaa\xb6\x0c\x2e\x13\xa4\xc1\x96\x21\x66\x02\x35\xd8\x32\xe0\x4c"
"\x90\x06\x5b\x06\x9e\x09\xd2\x60\xcb\xf0\x33\x81\x1a\x6c\x19\xcc"
"\x26\x48\x83\x2d\x03\xdd\x04\x69\xb0\x65\xb0\x9b\x40\x0d\xb6\x0c"
"\x7d\x13\xa4\xc1\x96\xc1\x74\xa4\x6a\xcb\xa0\x3a\xc1\x19\x6c\x19"
"\x70\x27\x50\x83\x2d\x03\xf8\x48\x77\xb0\x65\xb0\x9f\x40\x0d\xb6"
"\x0c\xfe\x23\xe1\xc1\x96\x61\x85\x02\x35\xd8\x32\xc8\x90\x94\x07"
"\x5b\x06\x1f\x0a\xd2\x60\xcb\x00\x46\x81\x1a\x6c\x19\xce\x28\x48"
"\x83\x2d\x03\x1c\x49\xd5\x96\x81\x8e\x82\x33\xd8\x32\xfc\x51\xa0"
"\x06\x5b\x06\x52\x92\x2c\x00\x00\x41\x62\x00\x00\x8d\x00\x00\x00"
"\x0b\x86\x00\xe0\xa3\x05\x43\x00\xec\xd1\x02\x22\x10\x80\x34\x5a"
"\x30\x04\x40\x0f\x2d\x18\x02\xe0\x86\x16\x0c\x01\xf0\x42\x0b\x86"
"\x00\x68\xa1\x05\x43\x00\xa0\xd0\x82\x21\x00\x4a\x68\xc1\x10\x00"
"\xfc\xb3\xa0\x00\x06\x21\xa8\x9f\x05\x44\x00\x08\xee\xb3\x60\x08"
"\x80\xf5\x59\x30\x04\x80\xf8\x2c\x30\x80\x81\x10\x02\xf0\x59\x70"
"\x14\x03\x10\x10\x42\xef\x2c\x20\x04\x20\xe0\x9d\x05\x06\x10\x10"
"\x83\x90\x3b\x0b\x88\x40\x00\x60\x67\xc1\x10\x00\xa4\xb3\xa0\x08"
"\x00\x61\xf0\x9b\x05\x44\x00\x08\x75\xb3\xa0\x18\x80\x40\xa0\x9b"
"\x05\x44\x00\x08\x73\xb3\xa0\x08\x00\x61\x90\x9b\x05\x44\x00\x08"
"\x6c\xb3\x80\x10\x02\xe0\x6c\x16\x0c\x01\x60\x36\x0b\x0a\x40\x18"
"\x82\x9e\x59\x30\x04\x40\xcc\x2c\x18\x02\x60\x65\x16\x0c\x01\x30"
"\x32\x0b\x86\x00\x08\x99\x05\x43\x00\xe4\xcb\x82\x21\x00\xe0\x65"
"\x41\x01\x0c\x42\x90\x2e\x0b\x86\x00\xf8\x95\x05\x43\x00\xd8\xca"
"\x02\x03\x18\x08\x21\xa0\x95\x05\x47\x31\x00\x01\x21\xc4\xca\x02"
"\x42\x00\x02\x58\x59\x60\x00\x01\x31\x08\xad\xb2\xa0\x00\x84\x21"
"\x10\x95\x05\x43\x00\xd8\xc9\x82\x03\x10\x86\x80\x28\xe0\x64\x81"
"\x01\x0c\x81\x40\x9c\xc9\x82\x62\x00\x02\xc1\x4c\x16\x10\x01\x20"
"\x94\xc9\x82\x22\x00\x84\x81\x4c\x16\x10\x01\x20\xf8\xc8\x02\x42"
"\x08\x80\x1c\x59\x30\x04\x00\x8e\x2c\x28\x00\x61\x08\x5e\x64\xc1"
"\x10\x00\x23\xb2\x60\x08\x80\xfe\x58\x30\x04\x40\x7d\x2c\x18\x02"
"\x60\x3e\x16\x0c\x01\xb0\x1e\x0b\x86\x00\x10\x8f\x05\x05\x30\x08"
"\xc1\x6e\x2c\x18\x02\x20\x36\x16\x0c\x01\x80\x1a\x0b\x0c\x60\x20"
"\x84\xc0\x34\x16\x1c\xc5\x00\x04\x84\x30\x1a\x0b\x08\x01\x08\x44"
"\x63\x81\x01\x04\xc4\x20\xfc\xc5\x82\x02\x10\x86\x80\x2e\x16\x0c"
"\x01\x80\x16\x0b\x0e\x40\x18\x02\xa2\x10\x8b\x05\x06\x30\x04\x02"
"\x91\x13\x0b\x8a\x01\x08\x04\x9c\x58\x40\x04\x80\x70\x13\x0b\x8a"
"\x00\x10\x06\x9b\x58\x40\x04\x80\x00\x13\x0b\x08\x21\x00\x56\x62"
"\xc1\x10\x00\x2a\xb1\xa0\x00\x84\x21\x08\x89\x05\x43\x00\xd4\xc3"
"\x02\x22\x00\x84\x77\x58\x40\x04\x80\x60\x0e\x0b\x1e\x61\x20\x8a"
"\xc0\x38\x10\x20\x51\x16\xa6\xd1\x85\x09\x43\x00\xf8\xc1\x84\x03"
"\x20\x82\x41\x28\xf8\x60\xc2\x10\x00\x7b\x30\x61\x08\x00\x3c\x98"
"\x40\x04\x80\x70\x07\x13\x86\x00\x60\x83\x09\x07\x40\x04\x83\x50"
"\xa4\xc1\x84\x21\x00\xd0\x60\xc2\x10\x00\x65\x30\x81\x08\x00\x81"
"\x0c\x26\x0c\x01\x90\x4d\x38\x00\x22\x18\x84\xc2\x9a\x30\x04\x40"
"\x35\x61\x08\x00\x69\x02\x11\x00\x42\x34\x61\x08\x00\x63\xc2\x10"
"\x00\x02\x00\x00\x00\x00\x00\x00\x61\x28\x00\x00\x16\x02\x00\x00"
"\x23\x08\xb2\xb0\x40\x00\x00\x00\x07\x00\x00\x00\x44\x94\x46\x89"
"\x94\x02\x0d\x25\x50\x04\x05\x51\x06\x05\x52\x30\x85\x40\x44\x81"
"\x14\x0c\x0d\xa5\x00\x00\x00\x00\x64\x15\x06\xa2\x02\x40\x49\x2a"
"\x10\x83\x94\x02\x31\x50\x10\x1d\x0a\x04\x46\x81\x84\x28\x10\x18"
"\x05\xd3\xa1\x40\xe0\x84\x64\x20\x80\x04\xec\x50\x30\x30\x0a\x32"
"\x44\x81\xc0\x28\xd0\x0e\x05\x02\x97\x59\x08\x06\xd9\x05\x62\xc8"
"\xa0\x0c\xcc\x17\x08\x81\x4a\x06\x59\xc3\x10\x01\x6e\x18\x50\x41"
"\x28\x40\x59\x0c\x03\x2a\x08\x0c\x98\x89\x61\x40\xc5\xa0\x0b\x40"
"\x5b\x0c\x4a\x18\x24\x05\x63\x00\x02\x2b\x20\x40\xa0\x88\x43\x30"
"\xe2\x02\x41\x1b\x48\x10\x04\x84\xa8\xc1\xa1\x20\x61\x14\xac\x01"
"\xa2\x40\x60\x14\xb0\xc1\xa1\x40\xe0\x52\x0e\xc1\x50\x41\x00\x08"
"\x09\x58\x05\x43\x24\xe7\x0d\x40\x60\x05\x04\x08\x94\x77\x08\x46"
"\x5c\x20\x9c\xc1\x43\x82\x20\x20\xe4\x0e\x0e\x05\x09\xa3\x00\x0f"
"\x10\x05\x02\xa3\x20\x0f\x0e\x05\x02\x17\x79\x08\x86\x0a\x02\x40"
"\x48\xc0\x2a\x18\x22\x05\x7b\x70\x03\x29\x78\x36\x20\x75\x7c\x00"
"\x02\x2b\x20\x40\xa0\xf8\x43\x30\xe2\x02\xc1\x0e\x22\x12\x04\x01"
"\x29\xa6\x70\x28\x58\x18\x05\xa7\x80\x28\x10\x18\x05\xa8\x70\x28"
"\x10\xb8\x84\x44\x30\x54\x10\x00\x42\x02\x56\xc1\x10\x29\x40\x85"
"\x1b\x40\x6d\x40\x0b\x50\x56\x22\x18\x71\x81\x30\x0a\x0f\x09\x82"
"\x80\x90\x59\x38\x14\x24\x8c\x02\x5a\x40\x14\x08\x8c\x82\x5a\x38"
"\x14\x08\x5c\x5c\x22\x18\x2a\x08\x00\x21\x01\xab\x60\x88\x14\xd0"
"\xc2\x0d\x24\x87\xdb\x80\x14\x08\x1b\xb0\x02\x02\x02\x48\x4e\x04"
"\x43\x06\xe9\x00\x92\x9c\x20\x86\x0a\x86\x18\xdd\xd0\x0e\xc1\x40"
"\xc8\x62\x20\x28\x10\x05\x78\xc4\x81\x0a\x03\x2a\x06\x97\x08\x92"
"\x61\x40\xc5\x20\x1e\xc1\x19\x0c\x03\x2a\x06\xf2\x08\xc6\x60\x18"
"\x50\x41\xe8\x44\x50\x0d\x89\x40\x07\x10\x58\x01\x01\x02\xe5\x2c"
"\x82\x11\x17\x08\xbf\x60\x90\x20\x08\xa8\x78\x87\x43\x81\xc1\x28"
"\x80\x07\x44\x81\xc0\x28\x88\x87\x43\x81\xc0\x45\x2d\x82\xa1\x82"
"\x00\x10\x12\xb0\x0a\x86\x48\x90\x3c\x9c\x00\x12\x82\x43\x41\xb4"
"\x69\xc2\x07\x18\x90\xc1\x2e\x80\x4f\x18\x02\x75\x01\x4a\xec\x02"
"\x20\x2a\x18\x72\x74\x43\x4a\x04\x9f\x2b\x06\x54\x10\x4d\xe1\x22"
"\xc4\x80\x0a\xe0\x28\x14\x62\x40\xc5\x70\x14\x06\xa1\x82\x00\xca"
"\x10\x84\xf8\x40\x18\x44\x02\x0d\x21\x81\xc9\x60\x09\x18\x90\x81"
"\x3a\x80\xcf\x28\x02\x82\x1a\x03\x21\xa7\x41\x0c\x24\x9c\x03\xb8"
"\x63\x40\xc5\x20\x18\xac\x20\x0c\xa8\x20\x0c\xc3\x37\x04\x15\x0c"
"\x81\x86\x00\x54\x00\xa8\x6a\x83\x00\x8a\x10\x84\xf8\x40\x10\x5e"
"\x02\xbd\x81\x4b\xa0\x0a\x02\x28\x43\x10\xe2\x03\xa1\x88\x09\x24"
"\x07\x2f\x81\x2a\x08\xa0\x0c\x41\x88\x0f\x04\x44\x26\x50\x1d\xc4"
"\x04\xae\x20\x80\x80\x32\x04\x81\xe0\x06\x31\x54\x30\x04\xca\x87"
"\x00\x48\x6f\x0c\x04\x05\x36\x01\x28\x18\x40\x05\x80\x96\x20\x1e"
"\x42\x7c\x20\x04\x3f\x51\x82\x72\x08\xf1\x81\x20\xfc\x44\x09\x6e"
"\x21\xc4\x07\xc2\xe0\x13\x25\x58\x85\x20\x4f\xc1\x2d\xc0\x97\x20"
"\x01\x4a\xc2\x02\x9c\x52\xc0\xe3\x2d\x06\x1b\x50\x41\xe8\x0a\x52"
"\x2f\x18\x31\x8f\x81\xa8\x00\x50\x42\x1e\xc4\x48\x01\x5c\x80\x40"
"\x31\x8f\x60\x28\x61\x90\xb8\x40\x20\x02\x12\x04\x81\x90\x07\x31"
"\x50\x00\x17\x87\x02\x81\x51\x10\x17\x88\x02\x81\x51\x20\x17\x87"
"\x02\x81\xcb\x7a\x04\x43\x05\x01\xa0\x24\x60\x52\x1f\xc4\x40\x81"
"\x5f\x00\x0a\x26\x51\xc1\x10\xc8\x0a\x80\xf0\xc7\x40\x90\x10\x80"
"\x0a\x00\x2d\x41\x12\xa4\xa4\x80\x6f\x61\x02\xf2\x1f\x03\x51\x01"
"\xa0\xa4\x3f\x88\x41\xf2\x83\x18\x4a\x18\x24\x05\xa3\x01\x02\x2b"
"\x20\x40\xa0\x88\x48\x30\xe2\x02\xc1\x18\x48\x10\x04\x64\xa8\xc6"
"\xa1\xe0\x60\x14\xac\x06\xa2\x40\x60\x14\xb0\xc6\xa1\x40\xe0\x52"
"\x22\xc1\x50\x41\x00\x08\x09\x58\x05\x44\x24\xe7\x35\x40\x60\x05"
"\x04\x08\x94\x17\x09\x46\x5c\x20\x4c\x0f\x09\x82\x80\x90\xdb\x38"
"\x14\x24\x8c\x02\xdc\x40\x14\x08\x8c\x82\xdc\x38\x14\x08\x5c\x64"
"\x24\x18\x2a\x08\x00\x21\x01\xab\x80\x88\x14\x8c\xc7\x0d\xa4\xe0"
"\xd9\x80\xd4\xf1\x06\x08\xac\x80\x00\x81\xe2\x23\xc1\x88\x0b\x04"
"\x31\x88\x48\x10\x04\xa4\x98\xc7\xa1\x60\x61\x14\x9c\x07\xa2\x40"
"\x60\x14\xa0\xc7\xa1\x40\xe0\x12\x26\xc1\x50\x41\x00\x08\x09\x58"
"\x05\x44\xa4\xa0\x3c\x6e\x00\xb5\x01\x7d\x40\x59\x93\x60\xc4\x05"
"\xc2\x1b\x3c\x24\x08\x02\x42\xe6\xe3\x50\x90\x30\x0a\xe8\x03\x51"
"\x20\x30\x0a\xea\xe3\x50\x20\x70\x71\x93\x60\xa8\x20\x00\x84\x04"
"\xac\x02\x22\x52\x10\x1f\x17\x90\x1c\x6e\x03\x52\x20\x6c\x00\xf1"
"\x93\x81\x20\x52\xe8\x0f\x40\x81\x00\x2a\x00\xb4\x04\x72\x10\xe2"
"\x03\x21\x00\x91\x12\x98\x41\x88\x0f\x04\x01\x44\x4a\x80\x85\xf8"
"\x40\x18\xfe\xa3\x04\x4c\x90\x08\x8b\x80\x0f\x8b\x02\x42\x2a\xc4"
"\x90\x81\x8b\x98\xaf\xc1\x02\xe2\x27\xc4\x20\xa4\x42\x0c\x92\x2a"
"\x03\x51\x01\xa0\x6a\x18\x64\x1d\x43\x04\x38\x67\x40\xc5\x40\x34"
"\x89\x33\xa0\x62\x90\xa3\xe6\x0c\x9c\x01\x15\x03\x1d\x35\x63\xe0"
"\x0c\xa8\x20\xa4\xa6\x72\x12\x01\x23\x20\xb0\x02\x02\x04\xca\xab"
"\x04\x23\x2e\x10\x12\x83\x04\x41\x40\xc5\x8d\x1c\x0a\x0c\x46\x01"
"\x8e\x20\x0a\x04\x46\x41\x8e\x1c\x0a\x04\x2e\xb2\x12\x0c\x15\x04"
"\x80\x90\x80\x55\x30\x44\x82\x74\xe4\x04\x90\x10\x1c\x0a\xa2\x4d"
"\x13\x98\xc0\x80\x0c\x2c\xf0\x3d\x4e\x80\xd2\x41\x4c\x80\x94\xcb"
"\x40\x90\x10\x80\x0a\x00\x75\xd0\x80\x0a\xa2\x81\x7c\xe9\x19\x50"
"\x01\x1c\x10\xf1\x0c\xa8\x18\x0e\x48\x7a\x54\x10\x40\x19\x82\x10"
"\x1f\x08\x83\x9a\xa0\x21\x4d\x30\x19\x74\x02\x03\x32\x48\x03\xf0"
"\x61\x50\x80\xea\xa1\x4c\xc0\x49\x03\x2a\x08\x78\x8a\x76\xe1\x22"
"\xf0\x42\x0c\x19\xe8\x89\xf9\xa6\x2b\x20\xea\x42\x0c\x02\x2f\xc4"
"\x20\xf5\x32\x10\x15\x00\xaa\x86\x41\xd6\x31\x44\x80\xa3\x06\x54"
"\x0c\xc4\x94\x50\x03\x2a\x06\x95\x9a\xce\x80\x1a\x50\x31\xb0\xd4"
"\x34\x06\xd4\x80\x0a\x42\x9a\x2a\x2a\x11\x7c\x02\x02\x2b\x20\x40"
"\xa0\xec\x4b\x30\xe2\x02\x21\x31\x48\x10\x04\x54\x8c\xca\xa1\xc0"
"\x60\x14\x90\x0a\xa2\x40\x60\x14\x94\xca\xa1\x40\xe0\xe2\x2f\xc1"
"\x50\x41\x00\x08\x09\x58\x05\x43\x24\xc8\x54\x4e\x00\x09\xc1\xa1"
"\x20\xda\x34\xb1\x0a\x0c\xc8\xc0\x02\x5f\x45\x05\xc8\xfb\x44\x05"
"\x43\x20\x31\x08\x80\xcc\xcc\x40\x90\x10\x80\x0a\x00\x75\xd6\x80"
"\x0a\xa2\xb1\xf4\xaa\x1a\x50\x01\x1c\x16\x51\x0d\xa8\x18\x0e\xcb"
"\xaa\x54\x10\x40\x19\x82\x10\x1f\x08\x03\xae\xa0\xe1\x56\x30\x19"
"\xe2\x02\x03\x32\x58\x03\xf0\x5d\x56\x90\xda\x80\x5c\x20\x40\x06"
"\xe2\x00\x3e\x4c\x0a\x92\x5e\x98\x0b\x04\xc8\x60\x44\xc0\x97\x28"
"\x41\x80\x18\x00\x77\x00\x00\x00\x5b\x06\x20\x38\x83\x2d\x83\x10"
"\xa4\xc1\x96\x61\x08\xd2\x60\xcb\x10\x05\x69\xb0\x65\x90\x82\x34"
"\xd8\x32\x78\x41\x1a\x6c\x19\xc0\x20\x50\x83\x2d\xc3\x19\x04\x69"
"\xb0\x65\x68\x83\x20\x0d\xb6\x0c\x6f\x10\xa8\xc1\x96\xc1\x0e\x82"
"\x34\xd8\x32\xf8\x41\x90\x06\x5b\x06\x50\x08\xd4\x60\xcb\x70\x0a"
"\x41\x1a\x6c\x19\x5a\x21\x48\x83\x2d\xc3\x2b\x04\x6a\xb0\x65\xb0"
"\x85\x20\x0d\xb6\x0c\xe3\x10\x9c\xc1\x96\x81\x1d\x82\x34\xd8\x32"
"\xb8\x43\xa0\x06\x5b\x86\x7a\x08\xd2\x60\xcb\xe0\x0f\x52\xb5\x65"
"\x40\x89\x40\x0d\xb6\x0c\x2d\x21\x59\x5b\x06\x97\x08\xce\x60\xcb"
"\xf0\x12\x41\x1a\x6c\x19\x70\x22\x50\x83\x2d\x03\x4f\x04\x6a\xb0"
"\x65\x00\x8b\x40\x0d\xb6\x0c\x64\x11\xa8\xc1\x96\xa1\x2c\x82\x34"
"\xd8\x32\xa0\x45\x70\x06\x5b\x06\xb6\x08\xd4\x60\xcb\xe0\x16\x81"
"\x1a\x6c\x19\xe0\x22\x50\x83\x2d\x83\x5c\x04\x6a\xb0\x65\xb8\x8b"
"\x40\x0d\xb6\x0c\x7a\x11\x9c\xc1\x96\x81\x2f\x82\x34\xd8\x32\xf8"
"\x45\x90\x06\x5b\x86\xd0\x08\xd4\x60\xcb\x20\x1a\x41\x1a\x6c\x19"
"\x52\x23\x48\x83\x2d\x03\x6b\x04\x69\xb0\x65\x88\x8d\xe0\x0c\xb6"
"\x0c\xb4\x11\xa8\xc1\x96\xe1\x36\x82\x33\xd8\x32\xe4\x46\x90\x06"
"\x5b\x06\xdd\x08\xd2\x60\xcb\xe0\x1b\x41\x1a\x6c\x19\xc0\x23\x50"
"\x83\x2d\xc3\x79\x04\x69\xb0\x65\x68\x8f\x20\x0d\xb6\x0c\xef\x11"
"\xa8\xc1\x96\xc1\x3e\x82\x34\xd8\x32\xf8\x47\x90\x06\x5b\x06\x10"
"\x09\xd4\x60\xcb\x70\x22\x41\x1a\x6c\x19\x5a\x24\x48\x83\x2d\xc3"
"\x8b\x04\x6a\xb0\x65\xb0\x91\x20\x0d\xb6\x0c\x3d\x12\x9c\xc1\x96"
"\x21\x4c\x02\x35\xd8\x32\x8c\x49\xa0\x06\x5b\x86\x32\x09\xd4\x60"
"\xcb\x70\x26\x81\x1a\x6c\x19\xd4\x24\x48\x83\x2d\xc3\x9b\x04\x67"
"\xb0\x65\xd0\x93\x20\x0d\xb6\x0c\x7c\x12\xa8\xc1\x96\x61\x54\x82"
"\x34\xd8\x32\xb0\x8a\x54\x6d\x19\x5c\x25\x38\x83\x2d\x83\xad\x04"
"\x6a\xb0\x65\xd8\x15\xc9\xda\x32\xfc\x4a\x90\x06\x5b\x06\x72\x09"
"\xce\x60\xcb\xf0\x2e\x41\x1a\x6c\x19\xe2\x25\x50\x83\x2d\x03\xbe"
"\x04\x69\xb0\x65\x08\x19\xa9\xda\x32\x94\x4c\x70\x06\x5b\x86\x96"
"\x09\xd4\x60\xcb\x20\x33\x92\xb5\x65\xa8\x19\x49\xdb\x32\xe0\x8c"
"\xb4\x01\x00\x00\x41\x62\x00\x00\x2e\x00\x00\x00\x0b\x86\x00\xd0"
"\x99\x05\x43\x00\xe4\xcc\x02\x22\x10\x80\x94\x59\x30\x04\x40\xbf"
"\x2c\x28\x80\x21\x10\xe8\x65\xc1\x10\x00\xec\xb2\x60\x08\x80\x75"
"\x59\x40\x04\x02\xd0\x2b\x0b\x86\x00\x88\x95\x05\x43\x00\xfc\xc9"
"\x82\x21\x00\xf6\x64\xc1\x10\x00\x6e\xb2\x60\x08\x80\x1f\x59\x30"
"\x04\x80\x8c\x2c\x28\x80\x60\x10\x4c\x64\xc1\x10\x00\x25\xb2\xa0"
"\x00\x84\x21\xe8\x8f\x05\x43\x00\xf8\xc6\x82\x21\x00\x48\x63\xc1"
"\x10\x00\xa3\xb1\xa0\x10\x06\x20\xa8\x8b\x05\x43\x00\xb4\xc5\x82"
"\x21\x00\xd2\x62\x41\x01\x04\x83\x60\x0e\x0b\x08\x01\x08\xca\x61"
"\xc1\x10\x00\xb7\xb0\xc0\x20\x80\x40\x18\x5e\x61\x42\x11\x00\xc2"
"\x80\x4d\x18\x02\xc0\x9a\x30\x04\x00\x35\x61\x08\x00\x69\xc2\x10"
"\x00\xd0\x84\x21\x00\x9c\x09\x43\x00\x28\x13\x86\x00\x28\x26\x0c"
"\x01\x30\x00\x00\x00\x00\x00\x00\x61\x28\x00\x00\x23\x01\x00\x00"
"\x23\x08\xa8\xb0\x40\x00\x00\x00\x1d\x00\x00\x00\x44\x94\x46\x89"
"\x94\x02\x0d\x25\x50\x06\x14\x14\x42\x81\xd0\x50\xe0\x03\x74\x8d"
"\x05\x01\x81\x30\x10\x85\x71\x20\x89\xb2\x30\x8d\xf3\x8c\x00\x8c"
"\x05\x0d\xc3\x30\x0c\xc3\x30\x0c\xc3\x30\x0c\xc3\x30\xd0\x50\x20"
"\x74\x8d\x05\x41\x10\x04\x41\x10\x04\x41\x10\x04\x41\x10\x04\xd1"
"\x50\x18\x85\x3f\x30\x1a\x40\xd9\x1c\x04\x2c\xe0\x01\x1e\xe0\xc1"
"\x68\x00\x81\x23\x00\x94\x8d\x45\x00\x81\x30\x8c\x45\x0c\xc3\x30"
"\xd0\x50\x08\x94\x8d\x45\x10\x04\x41\x50\x50\x02\x00\x00\x00\x00"
"\xe1\x61\x00\x00\x06\x00\x00\x00\x2b\x08\x39\x60\x83\x36\x70\x83"
"\x15\xc4\x1c\xb0\x41\x1b\xb8\xc1\x0a\x82\x0e\xd8\xc0\x0d\xda\x00"
"\xc4\x16\x06\xa2\x02\x40\x09\x2d\x10\x23\x05\x60\x00\x02\xc5\x16"
"\x82\xa1\x84\x41\xe2\x02\x81\x08\x48\x10\x04\x42\x0b\xc4\x40\x01"
"\x18\x1c\x0a\x04\x46\x41\x18\x20\x0a\x04\x46\x81\x18\x1c\x0a\x04"
"\x2e\xbb\x10\x0c\x15\x04\x80\x92\x80\x93\xa3\x06\x20\x50\xc6\x21"
"\x18\xca\x19\x24\x2e\x10\xa2\x80\x04\x41\x40\x07\x1b\x1c\x0a\x10"
"\x46\x41\x1b\x20\x0a\x04\x46\x81\x1b\x1c\x0a\x04\x2e\xe7\x10\x0c"
"\x15\x04\x20\x91\x00\x7c\x01\x14\x90\x78\x20\x86\x0c\xf6\xc0\x7c"
"\x02\x11\x28\x67\x90\x35\x0c\x11\xe0\x86\x01\x15\x03\x21\x24\xc3"
"\x80\x8a\x81\x24\x84\x33\x18\x06\x54\x0c\x26\x21\x8c\xc1\x30\xa0"
"\x82\xa0\x84\x6a\x48\x44\x1e\x80\xc0\x0a\x08\x10\x28\xf8\x10\x8c"
"\xb8\x40\x28\x03\x83\x04\x41\x40\x05\x28\x1c\x0a\x0c\x46\x41\x28"
"\x20\x0a\x04\x46\x81\x28\x1c\x0a\x04\x2e\xfb\x10\x0c\x15\x04\x80"
"\x90\x80\x55\x30\x44\x82\x4a\xe1\x04\x90\x10\x1c\x0a\xa2\x4d\x53"
"\x2a\xc0\x80\x0c\x2c\xf0\x11\x43\x30\xa0\x62\x70\x8b\xc0\x18\x64"
"\x1c\xa4\x01\xf8\xa6\x22\x20\x2f\x31\x10\x15\x00\xaa\xd6\x60\x08"
"\xc9\x06\xae\x40\x3e\xc7\x08\x64\x1b\xb8\x02\xf9\x96\x23\x40\x83"
"\x2b\x68\x44\x20\x14\x88\x43\x06\x54\x0c\xa0\x71\x4c\xc8\x80\x8a"
"\x0b\x2c\x8e\x09\x19\x50\x71\x81\xc5\xd1\x20\x11\x81\x40\x0c\x24"
"\xf8\x82\x0a\xae\x48\xc5\x2c\x9c\x00\x12\x82\x43\x81\xb1\x29\xa9"
"\x05\x08\x40\x49\x2d\x80\x14\x1a\xf0\x25\x48\x30\xc4\xa0\x00\x42"
"\x10\x0c\x30\x78\x20\xe4\x23\x81\x6f\x52\x02\x74\x41\x80\xa8\x5c"
"\x50\x19\xc0\x03\xf8\x9c\x25\x18\x50\x31\x98\x81\x22\x1e\xc6\x80"
"\x8a\x81\x51\xc8\xc3\x40\x18\x2f\x28\xea\x02\x18\xc7\xc0\x0b\x43"
"\x3d\x8c\x63\xe0\x85\xc2\x1e\x06\x32\x04\xbd\xc0\x0b\x29\xe0\x85"
"\x0d\x88\x08\x84\x4f\x0c\x1c\x33\xa0\x62\x90\x96\x89\x19\x50\x91"
"\x19\xcb\xc4\x0c\xa8\xc8\x9c\xa5\x61\x22\x02\x81\x18\x48\x10\x06"
"\x15\x64\x91\x8a\x71\x38\x01\x24\x04\x87\x02\x63\x53\x52\x0e\x10"
"\x80\x92\x72\x00\x29\x48\xe0\x6b\x98\x60\x88\x41\x01\x84\x20\x18"
"\x68\x29\x41\x48\x8a\x0d\xc0\x37\x39\xc1\x80\x8e\x01\x46\x0a\x5a"
"\x50\xd4\xa0\x19\xd0\x31\xc8\x48\xa1\x07\x8a\xd1\x0c\xe8\x18\xcc"
"\xa1\xc0\x03\x85\x0d\x1a\xf7\x0c\xa8\x18\xaa\xc7\x70\x06\x54\x0c"
"\xd1\x63\x38\x03\x2a\x86\xe1\x31\x1c\x14\x88\x04\xc4\x07\x42\x1d"
"\x08\x24\x08\x82\x0a\x86\x48\x47\x49\x9c\x00\x12\x82\x43\x01\xb2"
"\x49\x49\x09\x18\x90\xc1\x1e\x80\x6f\x7a\x02\x09\x0f\xe8\x00\xbe"
"\x29\x0a\xd4\x39\x0c\xa2\xd2\x61\x08\x27\x0d\xa8\x18\x88\x28\x91"
"\x06\x54\x0c\x76\x12\x9d\x81\x34\xa0\x62\xc0\x93\x68\x0c\xa4\x01"
"\x15\x84\x69\x44\x95\x94\x08\x99\x00\x81\x15\x10\x20\x50\x62\x23"
"\x18\x71\x81\xe0\x0f\x06\x09\x82\x80\x8a\x9c\x38\x14\x18\x8c\x02"
"\x9d\x40\x14\x08\x8c\x82\x9d\x38\x14\x08\x5c\x68\x23\x18\x2a\x08"
"\x00\x21\x01\xab\x60\x88\x04\xf9\xc4\x09\x20\x21\x38\x14\x44\x9b"
"\x26\xb1\x80\x01\x19\x58\xe0\x9b\xa4\x60\x40\xcd\x00\x2e\x04\xb8"
"\x40\x28\x91\xd0\x42\x83\x07\x8f\x21\x95\xf0\x88\x89\xa1\x02\x40"
"\x4b\x78\x04\x84\x05\x88\x01\x00\x24\x00\x00\x00\x5b\x06\x20\x38"
"\x83\x2d\x83\x10\xa4\xc1\x96\x81\x08\xd2\x60\xcb\x70\x04\x6a\xb0"
"\x65\x40\x82\x34\xd8\x32\x3c\x41\x1a\x6c\x19\xa6\x20\x0d\xb6\x0c"
"\x56\xa0\x06\x5b\x86\x2e\x48\x83\x2d\x43\x18\x04\x69\xb0\x65\x68"
"\x83\x20\x0d\xb6\x0c\x6f\x10\xa8\xc1\x96\xc1\x0e\x82\x34\xd8\x32"
"\xfc\x81\x54\x6d\x19\x46\x21\x38\x83\x2d\x43\x2c\x04\x6a\xb0\x65"
"\xc8\x05\x29\x0e\xb6\x0c\xef\x10\xa8\xc1\x96\xe1\x1e\x24\x39\xd8"
"\x32\x90\x44\xa0\x06\x5b\x86\x95\x90\xe6\x60\xcb\x70\x13\x41\x1a"
"\x6c\x19\x72\x22\x50\x83\x2d\x03\x58\x04\x69\xb0\x65\x48\x0b\xa9"
"\xda\x32\xac\x45\xa0\x06\x5b\x86\xb6\x08\xe0\x00\x41\x62\x00\x00"
"\x29\x00\x00\x00\x0b\x88\x40\x00\x7e\x63\xc1\x10\x00\xb3\xb1\x60"
"\x08\x80\xd6\x58\x30\x04\x40\x69\x2c\x18\x02\x60\x34\x16\x0c\x01"
"\xe0\x17\x0b\x86\x00\xd8\x8b\x05\x43\x00\xc8\xc5\x82\x02\x18\x84"
"\x60\x2d\x16\x10\x01\x20\x90\xc5\x82\x21\x00\xc2\x62\xc1\x10\x00"
"\x38\xb1\xc0\x00\x06\x42\x08\x6c\x62\xc1\x51\x0c\x40\x40\x08\x33"
"\xb1\x80\x10\x80\x40\x26\x16\x18\x40\x40\x0c\xc2\x4b\x2c\x20\x02"
"\x01\x30\x89\x05\x43\x00\xe8\xc3\x82\x22\x00\x84\x41\x1e\x16\x10"
"\x01\x20\xa4\xc3\x82\x62\x00\x02\x01\x1d\x16\x10\x01\x20\x9c\xc3"
"\x82\x22\x00\x84\xc1\x1c\x16\x10\x01\x20\xfc\xc2\x84\x03\x20\x82"
"\x41\x28\xa6\x09\x43\x00\x48\x13\x86\x00\x78\x26\x10\x01\x20\x38"
"\x13\x86\x00\x18\x00\x00\x00\x00\x00\x00\x00\x00\x61\x28\x00\x00"
"\x20\x01\x00\x00\x23\x08\xa8\xb0\x40\x00\x00\x00\x1c\x00\x00\x00"
"\x44\x94\x46\x89\x94\x02\x0d\x25\x50\x06\x14\x14\x42\x81\xd0\x50"
"\xe0\x03\x74\x8d\x05\x01\x81\x30\x10\x85\x71\x20\x89\xb2\x30\x8d"
"\xf3\x8c\x00\x8c\x05\x0d\xc3\x30\x0c\xc3\x30\x0c\xc3\x30\x0c\xc3"
"\x30\xd0\x50\x20\x74\x8d\x05\x41\x10\x04\x41\x10\x04\x41\x10\x04"
"\x41\x10\x04\xd1\x50\x18\x85\x3f\x30\x1a\x40\xd9\x1c\x04\x2c\xe0"
"\x01\x1e\xe0\xc1\x68\x00\x81\x23\x00\x94\x8d\x45\x00\x81\x30\x8c"
"\x45\x0c\xc3\x30\xd0\x50\x08\x94\x8d\x45\x10\x04\x41\x00\x00\x00"
"\xe1\x61\x00\x00\x06\x00\x00\x00\x2b\x08\x39\x60\x83\x36\x70\x83"
"\x15\xc4\x1c\xb0\x41\x1b\xb8\xc1\x0a\x82\x0e\xd8\xc0\x0d\xda\x00"
"\xa4\x16\x06\xa2\x02\x40\xc9\x2c\x10\x23\x05\x1f\x08\x94\x5a\x08"
"\x86\x12\x06\x89\x0b\x04\x22\x20\x41\x10\xc8\x2c\x10\x03\x05\xdf"
"\xa1\x40\x60\x14\x80\x01\xa2\x40\x60\x14\x84\xc1\xa1\x40\xe0\xa2"
"\x0b\xc1\x50\x41\x00\x28\x09\x38\x39\x69\x00\x02\x45\x1c\x82\xa1"
"\x9c\x41\xe2\x02\x21\x0a\x48\x10\x04\x74\xac\xc1\xa1\x00\x61\x14"
"\xb0\x01\xa2\x40\x60\x14\xb4\xc1\xa1\x40\xe0\x62\x0e\xc1\x50\x41"
"\x00\x12\x09\xc0\x17\x40\x01\x81\x07\x62\xc8\x40\x0f\xcc\x27\x10"
"\x81\x72\x06\x59\xc3\x10\x01\x6e\x18\x50\x31\x10\x42\x32\x0c\xa8"
"\x18\x44\x42\x38\x83\x61\x40\xc5\x40\x12\xc2\x18\x0c\x03\x2a\x08"
"\x4a\xa8\x86\x44\xe0\x01\x08\xac\x80\x00\x81\x72\x0f\xc1\x88\x0b"
"\x84\x32\x30\x48\x10\x04\x54\xfc\xc1\xa1\xc0\x60\x14\x80\x02\xa2"
"\x40\x60\x14\x84\xc2\xa1\x40\xe0\xa2\x0f\xc1\x50\x41\x00\x08\x09"
"\x58\x05\x43\x24\x88\x14\x4e\x00\x09\xc1\xa1\x20\xda\x34\xa1\x02"
"\x0c\xc8\xc0\x02\x1f\x31\x04\x03\x2a\x06\xb6\x08\x8c\x41\xc6\x41"
"\x1a\x80\x6f\x2a\x02\xe2\x12\x03\x51\x01\xa0\x6a\x0d\x86\x90\x6c"
"\xd0\x0a\xe4\x73\x8c\x40\xb6\x41\x2b\x90\x6f\x39\x02\x34\xb4\x82"
"\x46\x04\x42\x81\x38\x64\x40\xc5\xe0\x17\xc7\x84\x0c\xa8\xb8\x7c"
"\xe2\x98\x90\x01\x15\x97\x4f\x1c\x0d\x12\x11\x08\xc4\x40\x82\x2f"
"\xa8\xe0\x8a\x54\xc8\xc2\x09\x20\x21\x38\x14\x18\x9b\x12\x5a\x80"
"\x00\x94\xd0\x02\x48\xa1\x01\x5f\x82\x04\x43\x0c\x0a\x20\x04\xc1"
"\x00\x7b\x07\x42\x3e\x12\xf8\x26\x25\x40\x17\x04\x88\xc2\x05\x95"
"\xc1\x3b\x80\xcf\x59\x82\x01\x15\x83\x19\x28\xe0\x61\x0c\xa8\x18"
"\x18\x45\x3c\x0c\x84\xed\x82\xa2\x2e\x80\x71\x0c\xbb\x30\xd0\xc3"
"\x38\x86\x5d\x28\xea\x61\x20\x43\xc0\x0b\xbb\x90\x82\x5d\xd8\x80"
"\x88\x40\xf8\xc4\xc0\x31\x03\x2a\x06\x69\x99\x98\x01\x15\x99\xb1"
"\x4c\xcc\x80\x8a\xcc\x59\x1a\x26\x22\x10\x88\x81\x04\x61\x50\x41"
"\x16\xa9\x10\x87\x13\x40\x42\x70\x28\x30\x36\x25\xe4\x00\x01\x28"
"\x21\x07\x90\x82\x04\xbe\x86\x09\x86\x18\x14\x40\x08\x82\x81\x86"
"\x12\x84\xa4\xd8\x00\x7c\x93\x13\x0c\xe8\x18\x5c\xa4\xa0\x05\x45"
"\x0d\x9a\x01\x1d\x03\x8c\x14\x7a\xa0\x18\xcd\x80\x8e\xc1\x1c\x0a"
"\x3c\x50\xd8\xa0\x71\xcf\x80\x8a\xa1\x7a\x0c\x67\x40\xc5\x10\x3d"
"\x86\x33\xa0\x62\x18\x1e\xc3\x41\x41\x48\x40\x7c\x20\xd4\x81\x40"
"\x82\x20\xa8\x60\x88\x74\x90\xc4\x09\x20\x21\x38\x14\x20\x9b\x14"
"\x94\x80\x01\x19\xec\x01\xf8\xa6\x27\x90\xf0\x80\x0e\xe0\x9b\xa2"
"\x40\x9d\xc3\x20\x2a\x1d\x86\x70\xd2\x80\x8a\x81\x88\x12\x69\x40"
"\xc5\x40\x27\xd1\x19\x48\x03\x2a\x06\x3b\x89\xc6\x40\x1a\x50\x41"
"\x98\x46\x54\x49\x89\x88\x09\x10\x58\x01\x01\x02\x05\x36\x82\x11"
"\x17\x08\xfe\x60\x90\x20\x08\xa8\xc0\x89\x43\x81\xc1\x28\xc8\x09"
"\x44\x81\xc0\x28\xd0\x89\x43\x81\xc0\x65\x36\x82\xa1\x82\x00\x10"
"\x12\xb0\x0a\x86\x48\x50\x4f\x9c\x00\x12\x82\x43\x41\xb4\x69\x0a"
"\x0b\x18\x90\x81\x05\xbe\x49\x0a\x06\xd4\x0c\xbe\x42\xf8\x0a\x84"
"\x12\x09\x2d\x34\x78\xf0\x18\x92\x0a\x08\x28\xe2\x11\x0c\x16\x20"
"\x06\x00\x00\x00\x23\x00\x00\x00\x5b\x06\x20\x38\x83\x2d\x83\x10"
"\xa4\xc1\x96\x81\x08\xd2\x60\xcb\x70\x04\x6a\xb0\x65\x40\x82\x34"
"\xd8\x32\x3c\x41\x1a\x6c\x19\xa6\x20\x0d\xb6\x0c\x56\xa0\x06\x5b"
"\x86\x2e\x48\x83\x2d\x43\x18\x04\x69\xb0\x65\x68\x83\x20\x0d\xb6"
"\x0c\x6f\x10\xa8\xc1\x96\xc1\x0e\x82\x34\xd8\x32\xfc\x81\x54\x6d"
"\x19\x46\x21\x38\x83\x2d\x43\x2c\x04\x6a\xb0\x65\xc8\x05\x29\x0e"
"\xb6\x0c\xef\x10\xa8\xc1\x96\xe1\x1e\x24\x39\xd8\x32\x90\x44\xa0"
"\x06\x5b\x86\x95\x90\xe6\x60\xcb\x70\x13\x41\x1a\x6c\x19\x72\x22"
"\x50\x83\x2d\x03\x58\x04\x69\xb0\x65\x48\x0b\xa9\xda\x32\xb0\x45"
"\x90\x06\x00\x00\x41\x62\x00\x00\x29\x00\x00\x00\x0b\x88\x40\x00"
"\x7c\x63\xc1\x10\x00\xb2\xb1\x60\x08\x00\xd6\x58\x30\x04\x00\x69"
"\x2c\x18\x02\x40\x34\x16\x0c\x01\xd0\x17\x0b\x86\x00\xd0\x8b\x05"
"\x43\x00\xc4\xc5\x82\x02\x18\x84\x40\x2d\x16\x10\x01\x20\x8c\xc5"
"\x82\x21\x00\xc0\x62\xc1\x10\x00\x37\xb1\xc0\x00\x06\x42\x08\x6a"
"\x62\xc1\x51\x0c\x40\x40\x08\x32\xb1\x80\x10\x80\x20\x26\x16\x18"
"\x40\x40\x0c\x82\x4b\x2c\x20\x02\x01\x28\x89\x05\x43\x00\xe4\xc3"
"\x82\x22\x00\x84\x21\x1e\x16\x10\x01\x20\xa0\xc3\x82\x62\x00\x02"
"\xe1\x1c\x16\x10\x01\x20\x98\xc3\x82\x22\x00\x84\xa1\x1c\x16\x10"
"\x01\x20\xf8\xc2\x84\x03\x20\x82\x41\x28\xa6\x09\x43\x00\x48\x13"
"\x86\x00\x78\x26\x10\x01\x20\x38\x13\x86\x00\x18\x00\x00\x00\x00"
"\x00\x00\x00\x00\x61\x28\x00\x00\x55\x03\x00\x00\x23\x08\xf2\x20"
"\x2c\x10\x00\x00\x1e\x00\x00\x00\x44\x94\x46\x89\x94\x02\x0d\x25"
"\x50\x06\x14\x14\x42\x81\xd0\x50\xe0\x03\x74\x8d\x05\x01\x81\x30"
"\x10\x85\x71\x20\x89\xb2\x30\x8d\xf3\x8c\x00\x8c\x05\x0d\xc3\x30"
"\x0c\xc3\x30\x0c\xc3\x30\x0c\xc3\x30\xd0\x50\x20\x74\x8d\x05\x41"
"\x10\x04\x41\x10\x04\x41\x10\x04\x41\x10\x04\xd1\x50\x18\x85\x3f"
"\x30\x1a\x40\xd9\x1c\x04\x2c\xe0\x01\x1e\xe0\xc1\x68\x00\x81\x23"
"\x00\x94\x8d\x45\x00\x81\x30\x8c\x45\x0c\xc3\x30\xd0\x50\x08\x94"
"\x8d\x45\x10\x04\x41\xd0\x50\x04\x05\x51\x30\xe5\x01\x00\x00\x00"
"\xe1\x61\x00\x00\x12\x00\x00\x00\x2b\x08\x39\x60\x83\x36\x70\x83"
"\x15\xc4\x1c\xb0\x41\x1b\xb8\xc1\x0a\x82\x0e\xd8\xc0\x0d\xda\x60"
"\x05\x51\x07\x6c\xd0\x06\x6e\xb0\x82\xb0\x03\x36\x68\x03\x37\x58"
"\x41\xdc\x01\x1b\xb8\x41\x1b\xac\x20\xf0\x80\x0d\xda\xc0\x0d\x56"
"\x10\x79\xc0\x06\x6d\xe0\x06\x2b\x08\x3d\x60\x03\x37\x68\x03\x00"
"\x24\x17\x06\xa2\x02\x40\xc9\x2d\x10\x23\x05\x63\x00\x02\x25\x17"
"\x82\xa1\x84\x41\xe2\x02\x81\x08\x48\x10\x04\x72\x0b\xc4\x40\xc1"
"\x18\x1c\x0a\x04\x46\x01\x19\x20\x0a\x04\x46\x41\x19\x1c\x0a\x04"
"\x56\x41\x00\x28\x09\x38\x39\x6d\x00\x02\x88\x60\x83\x43\x41\xc1"
"\x28\x68\x03\x44\x81\xc0\x28\x70\x83\x43\x81\xc0\xe5\x1c\x82\x41"
"\xde\x81\x18\x32\xc8\x03\xf3\x05\x43\xa0\x92\x41\xd6\x30\x44\x80"
"\x13\x06\x54\x0c\x44\x90\x08\x03\x2a\x06\x90\x08\xce\x40\x18\x50"
"\x31\x88\x44\x30\x06\xc2\x80\x0a\x02\x0a\x2a\x21\x11\x77\x00\x02"
"\x2b\x20\x40\xa0\xd8\x43\x30\xe2\x02\x01\x0c\x0c\x12\x04\x01\x15"
"\x7e\x70\x28\x30\x18\x05\x7f\x80\x28\x10\x18\x05\xa0\x70\x28\x10"
"\xb8\xe4\x43\x30\x54\x10\x00\x42\x02\x56\xc1\x10\x09\x1a\x85\x13"
"\x40\x42\x70\x28\x88\x36\x4d\xa7\x00\x03\x32\xb0\xc0\x37\x08\xc1"
"\x80\x0a\xc2\x0e\x00\x49\x18\x50\x41\x90\x02\x40\x06\xc2\x80\x8a"
"\xc1\x2d\x00\x45\x48\x02\x2d\x80\x40\x51\x89\x60\xa8\x61\x90\xb8"
"\x40\xa8\x83\x80\x04\x41\x40\xc7\x2c\x1c\x0a\x10\x46\x01\x2d\x20"
"\x0a\x04\x46\x41\x2d\x1c\x0a\x04\x2e\x2e\x11\x0c\x15\x04\x80\x90"
"\x80\x93\xd3\x0b\x20\x50\x6c\x22\x18\xaa\x19\x24\x2e\x10\x42\x21"
"\x20\x41\x10\xd0\xf1\x0b\x87\x02\x84\x51\x00\x0e\x88\x02\x81\x51"
"\x10\x0e\x87\x02\x81\x8b\x4e\x04\x43\x05\x01\x48\x24\x00\x1f\x31"
"\x05\xaf\x38\xe8\x40\x31\x83\x2c\x3b\x18\x22\xc0\x19\x03\x2a\x06"
"\xa2\x48\x8c\x01\x15\x83\x79\x14\x67\x60\x0c\xa8\x18\xd0\xa3\x18"
"\x03\x63\x40\x05\x01\x15\x95\x91\x08\x75\x00\x81\x15\x10\x20\x50"
"\xd2\x22\x18\x71\x81\x30\x0b\x06\x09\x82\x80\x8a\x78\x38\x14\x18"
"\x8c\x02\x79\x40\x14\x08\x8c\x82\x79\x38\x14\x08\x5c\xd8\x22\x18"
"\x2a\x08\x00\x21\x01\xab\x60\x88\x04\xd9\xc3\x09\x20\x21\x38\x14"
"\x44\x9b\x26\x7d\x80\x01\x19\x58\xe0\x3b\x8c\x60\x40\x05\x61\x07"
"\x84\x64\x0c\xa8\x20\x54\x81\x20\x03\x63\x40\xc5\x40\x23\x84\x62"
"\x48\x38\x48\x03\xf0\x59\x48\x40\x44\x63\x20\x2a\x00\x54\xad\xc1"
"\x10\x92\x0d\x42\x82\x7c\x51\x12\xc8\x36\x08\x09\xf2\x39\x4a\x80"
"\x86\x90\xd0\x88\x40\x28\x10\xb7\x0c\xa8\x18\xcc\x44\x99\x96\x01"
"\x15\x97\x89\x28\xd3\x32\xa0\xe2\x32\x11\xa5\x59\x22\x02\x81\x18"
"\x48\xf0\x05\x15\x5c\x91\x0a\x93\x38\x01\x24\x04\x87\x02\x63\x53"
"\x82\x12\x10\x80\x12\x94\x00\x29\x34\xe0\x63\x96\x60\x88\x41\x01"
"\x84\x20\x18\x60\x63\x41\xc8\x47\x02\x9f\xd5\x04\xe8\x82\x00\x51"
"\x2c\xa1\x32\x18\x0b\xf0\x45\x4e\x30\xa0\x62\x30\x83\x06\x55\x92"
"\x01\x15\x03\xd3\xa8\x4a\x82\xb0\x97\x50\xd4\x05\x30\x8e\xe1\x25"
"\x06\xb4\x18\xc7\xf0\x12\x45\x5a\x0c\x64\x08\x60\xe2\x25\x52\xf0"
"\x12\x1b\x10\x11\x08\x9f\x18\xb8\x67\x40\xc5\x20\x39\xd3\x33\xa0"
"\x22\x33\x9c\xe9\x19\x50\x91\x39\x4e\xf3\x44\x04\x02\x31\x90\x20"
"\x0c\x2a\xc8\x22\x15\x36\x71\x02\x48\x08\x0e\x05\xc6\xa6\x04\x27"
"\x20\x00\x25\x38\x01\x52\x90\xc0\x07\x3d\xc1\x10\x83\x02\x08\x41"
"\x30\xd0\xf8\x82\x90\x14\x1b\x80\xcf\x8a\x82\x01\x1d\x83\xbd\x20"
"\xb4\xd0\xa8\x01\x34\xa0\x63\xc0\x17\x44\x0f\x1a\x03\x1a\xd0\x31"
"\x98\x03\x82\x07\x0d\x1b\x40\x4e\x1a\x50\x31\x54\x92\x11\x0d\xa8"
"\x18\x22\xc9\x88\x06\x54\x0c\x83\x64\x44\x28\xa8\x0b\x88\x0f\x84"
"\x3a\x10\x48\x10\x04\x15\x0c\x91\x0e\xbc\x38\x01\x24\x04\x87\x02"
"\x64\x93\xc2\x17\x30\x20\x83\x3d\x00\x9f\x25\x05\xf2\x1d\xd0\x01"
"\x7c\x16\x15\xa8\x73\x18\x44\xa5\xc3\x10\xae\x1a\x50\x31\x10\x54"
"\x52\x0d\xa8\x18\x78\x86\x3a\x83\x6a\x40\xc5\xe0\x33\xd4\x18\x54"
"\x03\x2a\x08\xd3\xa0\xaa\x2a\x11\xa5\x01\x02\x2b\x20\x40\xa0\x90"
"\x48\x30\xe2\x02\xc1\x2d\x0c\x12\x04\x01\x15\xac\x71\x28\x30\x18"
"\x05\xad\x81\x28\x10\x18\x05\xae\x71\x28\x10\xb8\x9c\x48\x30\x54"
"\x10\x00\x42\x02\x56\xc1\x10\x09\x8a\x8d\x13\x40\x42\x70\x28\x88"
"\x36\x4d\xb5\x01\x03\x32\xb0\xc0\x67\x55\xc1\x80\x1a\xc2\x2e\x0e"
"\xf6\x98\xec\x02\xb2\x0b\xc6\x2e\x24\xa9\x1a\x50\x43\xd8\xc5\x01"
"\x22\x93\x5d\x40\x76\xc1\xd8\x85\x44\x06\xd5\x80\x9a\x41\x75\x0e"
"\xd5\x99\x70\x01\x62\x09\x86\x0f\x24\xa5\x4a\x82\x78\x80\x40\xc1"
"\x91\x60\xa8\x61\x90\xb8\x40\x18\x8d\x80\x04\x41\x40\x47\x78\x1c"
"\x0a\x10\x46\x81\x78\x20\x0a\x04\x46\xc1\x78\x1c\x0a\x04\x2e\x3c"
"\x12\x0c\x15\x04\x80\x90\x80\x93\xb3\x1e\x20\x50\xc8\x24\x18\xaa"
"\x19\x24\x2e\x10\x5e\x23\x20\x41\x10\xd0\xd1\x1e\x87\x02\x84\x51"
"\xe0\x1e\x88\x02\x81\x51\xf0\x1e\x87\x02\x81\x0b\x9a\x04\x43\x05"
"\x01\x48\x24\x00\xdf\x65\x06\xc1\xc3\x34\xd1\x50\xcc\x20\x8b\x34"
"\x86\x08\x70\xd9\x80\x8a\x81\xc0\x92\x6c\x40\xc5\x20\x42\xd8\x19"
"\x64\x03\x2a\x06\x12\xc2\xc6\x20\x1b\x50\x41\x40\x58\x95\x25\x02"
"\x3f\x40\x60\x05\x04\x08\x94\x3b\x09\x46\x5c\x20\x84\x87\x41\x82"
"\x20\xa0\xe2\x3f\x0e\x05\x06\xa3\x00\x44\x10\x05\x02\xa3\x20\x44"
"\x0e\x05\x02\x17\x3d\x09\x86\x0a\x02\x40\x48\xc0\x2a\x18\x22\x41"
"\x24\x72\x02\x48\x08\x0e\x05\xd1\xa6\x09\x45\x60\x40\x06\x16\xf8"
"\xb4\x2c\x18\x50\x41\xd8\xc1\x25\x65\x03\x2a\x08\x55\xb8\xc8\x20"
"\x1b\x50\x31\xc0\xd1\xa5\x64\x12\x0e\xd2\x00\x7c\x69\xb0\x05\x04"
"\x56\x06\xa2\x02\x40\xd5\x1a\x0c\x21\xd9\xe0\x45\xc8\x47\x06\x5c"
"\x20\xdb\xe0\x45\xc8\x17\x06\x5d\x80\x86\x17\xd1\x88\x40\x28\x10"
"\xe7\x0d\xa8\x18\x44\xa9\x9b\xbc\x01\x15\x97\x18\x75\x93\x37\xa0"
"\xe2\x12\xa3\xae\xf1\x22\x02\x81\x18\x48\xf0\x05\x15\x5c\x91\x0a"
"\x1a\x39\x01\x24\x04\x87\x02\x63\x53\x62\x23\x10\x80\x12\x1b\x01"
"\x29\x34\xe0\xfb\xbc\x60\x88\x41\x01\x84\x20\x18\x60\x71\x42\xc8"
"\x47\x02\x5f\x1a\x80\x41\x80\x2e\x08\x10\xa5\x23\x2a\x83\x38\x01"
"\x1f\x19\x84\x41\x30\xa0\x62\x30\x03\x30\x20\x27\x6e\x40\xc5\xc0"
"\x80\x81\x39\x71\x08\xeb\x11\x45\x5d\x00\xe3\x18\x7a\x64\xb0\x93"
"\x71\x0c\x3d\x52\xdc\xc9\x40\x86\xc0\x47\x7a\x24\x05\x3d\xb2\x01"
"\x11\x81\xf0\x89\x81\x13\x83\x01\x15\x83\x14\x06\x93\x18\x0c\xa8"
"\xc8\x8c\x30\x98\xc4\x60\x40\x45\xe6\x84\x41\x23\x06\x11\x81\x40"
"\x0c\x24\x08\x83\x0a\xb2\x48\x05\x99\x9c\x00\x12\x82\x43\x81\xb1"
"\x29\x31\x13\x08\x40\x89\x99\x80\x14\x24\xf0\x8d\x81\x18\x04\x43"
"\x0c\x0a\x20\x04\xc1\x40\x53\x15\x42\x52\x6c\x00\xbe\x34\x20\x83"
"\x60\x40\xc7\x20\x53\x1b\x2d\x80\x81\x1a\x8c\xc1\x80\x8e\x81\xa6"
"\x36\x3d\x00\x03\x63\x0c\x06\x74\x0c\xe6\xb0\xe1\x01\x18\xb0\xc1"
"\x18\xb8\x32\x18\x50\x31\x54\x65\x60\x90\xc1\x80\x8a\x21\x2a\x03"
"\x83\x0c\x06\x54\x0c\x43\x19\x18\x64\x80\x82\x51\x81\xf8\x40\xa8"
"\x03\x81\x04\x41\x50\xc1\x10\xe9\x30\x95\x13\x40\x42\x70\x28\x40"
"\x36\x29\xaa\x02\x03\x32\xd8\x03\xf0\xa5\x41\x19\x04\xf2\x1d\xd0"
"\x01\x7c\x69\x70\x06\x81\x3a\x87\x41\x54\x3a\x0c\xe1\xd0\x60\x40"
"\xc5\x40\x9c\x41\x82\x06\x03\x2a\x06\xbc\x3a\x83\x33\x40\x83\x01"
"\x15\x83\x5e\x9d\xc1\x18\xa0\xc1\x80\x0a\xc2\x34\xce\xa0\x42\x83"
"\x44\xcc\x0a\x08\xac\x80\x00\x81\x22\x33\xc1\x88\x0b\x04\x3e\x31"
"\x48\x10\x04\x54\xe8\xca\xa1\xc0\x60\x14\xec\x0a\xa2\x40\x60\x14"
"\xf0\xca\xa1\x40\xe0\x52\x33\xc1\x50\x41\x00\x08\x09\x58\x05\x43"
"\x24\xe8\x57\x4e\x00\x09\xc1\xa1\x20\xda\x34\x8d\x0b\x0c\xc8\xc0"
"\x02\x5f\x1a\xa0\x41\x30\xa0\x86\xb0\x0b\x8d\x3d\xcc\xc0\x2e\xc6"
"\xc0\x2e\x3e\xbb\x28\x03\x09\x0d\x06\xd4\x10\x76\xa1\x81\x88\x19"
"\xd8\xc5\x18\xd8\xc5\x67\x17\x65\x40\x06\x68\x30\xa0\x66\x30\x2f"
"\xcd\xbc\xcc\x00\x17\xc6\x80\x25\x3e\x3e\x28\x03\x05\x0d\x94\x30"
"\x48\x0a\xd2\x05\x04\x56\x40\x80\x40\x41\x9b\x60\xc4\x05\x82\xac"
"\x0c\x24\x08\x02\x42\xe0\xe5\x50\x90\x30\x0a\xe2\x05\x51\x20\x30"
"\x0a\xe4\xe5\x50\x20\x70\x59\x9b\x60\xa8\x20\x00\x84\x04\xac\x82"
"\x21\x92\x23\x2e\x20\xb0\x02\x02\x04\x4a\xdd\x04\x23\x2e\x10\x7e"
"\xe5\x21\x41\x10\x10\xd2\x2f\x87\x82\x84\x51\xe0\x2f\x88\x02\x81"
"\x51\xf0\x2f\x87\x02\x81\x0b\xde\x04\x43\x05\x01\x20\x24\x60\x15"
"\x0c\x91\x02\x77\xb9\x81\x14\x3c\x1b\x90\x3a\x92\x01\x81\x15\x10"
"\x20\x50\x48\x27\x18\x71\x81\xe0\x2e\x11\x09\x82\x80\x14\x96\x39"
"\x14\x2c\x8c\x82\x96\x41\x14\x08\x8c\x02\x97\x39\x14\x08\x5c\x4e"
"\x27\x18\x2a\x08\x00\x21\x01\xab\x60\x88\x14\xa8\xcc\x0d\xa0\x36"
"\xd0\x19\x28\xb1\x13\x8c\xb8\x40\xd8\x97\x87\x04\x41\x40\x48\xce"
"\x1c\x0a\x12\x46\x81\xce\x20\x0a\x04\x46\xc1\xce\x1c\x0a\x04\x2e"
"\xb4\x13\x0c\x15\x04\x80\x90\x80\x55\x30\x44\x0a\x52\xe6\x06\x92"
"\x13\x6c\x40\x0a\xba\x0d\x58\x01\x01\x01\x32\x60\x1b\xf3\xa9\x41"
"\x1d\x04\x68\xe8\x03\x41\x01\x6b\x80\x0a\x00\x9d\x46\xcd\x90\x01"
"\x6f\x0e\xd6\x20\x98\x07\xd8\x90\x01\x0f\x0e\xd8\x20\x40\x74\x20"
"\x33\x9a\x92\x20\x06\x5c\x1b\x0c\xa8\x18\xdc\x8d\x0d\xa6\x36\x18"
"\x50\x71\xb9\x1a\x1b\x4c\x6d\x30\xa0\xe2\x72\x35\x36\x68\xda\x20"
"\x22\x10\x90\x81\x04\x5f\x50\xc1\x15\xa9\x50\x9b\x13\x40\x42\x70"
"\x28\x30\x36\x25\x6c\x03\x01\x28\x61\x1b\x90\x02\x03\x3e\x37\x68"
"\x83\x60\x88\x41\x01\x84\x20\x18\x60\xa7\x43\xc8\x87\x74\xc0\x57"
"\x07\x6f\x10\x44\x04\xc2\xf4\xcc\x08\x6d\xc8\x80\x37\x07\x70\x10"
"\x0c\xa8\x18\xc4\xe0\x0d\x5c\x6e\x0d\x06\x54\x0c\xca\x1b\xc0\xdc"
"\x1a\x20\x54\xe0\x1b\x4d\x5d\x10\x02\x11\x81\x90\x05\xe3\x18\xe6"
"\x86\x60\x9d\x71\x0c\x73\x63\xb4\xce\x40\x86\x80\x6e\xe6\x06\x05"
"\x73\x03\x2e\x0e\x06\x54\x0c\x12\x1c\x4c\x71\x30\xa0\x22\x23\xe0"
"\x60\x8a\x83\x01\x15\x19\x03\x07\x4d\x1c\x44\x04\x42\x18\x0c\x24"
"\x08\x83\x0a\xb2\x48\x45\xde\x9c\x00\x12\x82\x43\x81\xb1\x29\xd9"
"\x1b\x08\x40\xc9\xde\x80\x14\x22\xf0\xc9\x41\x1c\x04\x43\x0c\x0a"
"\x20\x04\xc1\x40\xfb\x1d\x42\x52\xbd\x03\xbe\x3a\x98\x83\x60\x40"
"\xc7\xc0\x77\x6a\x00\x0b\x6f\x80\x06\x72\x30\xa0\x63\xf0\x3b\x35"
"\xc0\x83\x37\x30\xe4\x60\x40\x07\xc0\x0b\x6a\x60\x07\x6f\xa0\x06"
"\x72\xe0\xe8\x60\x40\xc5\x30\xd1\x81\x31\x07\x03\x2a\x86\x86\x0e"
"\x8c\x39\x18\x50\x01\x34\x74\x60\xcc\x01\x09\x82\xa0\x82\x21\x52"
"\x91\x3b\x27\x80\x84\xe0\x50\x60\x6c\x7c\x20\x18\xbd\x93\x12\xdf"
"\x81\x01\x19\xf8\x01\xf8\xea\x80\x0e\x82\x01\x25\x03\xee\xa5\x81"
"\x2c\xb8\x01\x18\xc8\x01\x42\x07\x72\x74\xf6\x06\x7c\x78\x60\x07"
"\x01\x21\xa3\x81\xa0\x00\x67\x40\x05\x80\x2a\xbf\x21\xc2\xdd\xc1"
"\x80\x0a\xa2\xb9\x03\xdf\xb3\x83\x01\x15\xc0\x71\x07\x86\x1d\x0c"
"\xa8\x18\x8e\x3b\x80\xec\x40\x05\x01\x94\x21\x08\xf1\x81\x30\xa8"
"\x0f\x1a\x6c\x07\x93\x41\x3f\x30\x20\x03\x04\x7c\x78\x70\x07\x01"
"\x0b\x10\x03\x00\x66\x00\x00\x00\x5b\x06\x20\x38\x83\x2d\x83\x10"
"\xa4\xc1\x96\x81\x08\xd2\x60\xcb\x70\x04\x6a\xb0\x65\x40\x82\x34"
"\xd8\x32\x60\x41\x1a\x6c\x19\xb2\x20\x0d\xb6\x0c\x65\x10\xa4\xc1"
"\x96\xe1\x0c\x02\x35\xd8\x32\xb8\x41\x90\x06\x5b\x86\x3b\x90\xaa"
"\x2d\x03\x1f\x04\x69\xb0\x65\xf8\x83\x40\x0d\xb6\x0c\xa6\x10\xa4"
"\xc1\x96\x41\x15\x82\x34\xd8\x32\xb4\x42\xa0\x06\x5b\x06\x5a\x08"
"\xd2\x60\xcb\x20\x0e\x41\x1a\x6c\x19\xc8\x21\x50\x83\x2d\xc3\x3a"
"\x04\x69\xb0\x65\xa0\x07\xa9\xda\x32\xe8\x43\x70\x06\x5b\x06\x94"
"\x08\xd4\x60\xcb\x00\x13\x52\x1c\x6c\x19\xcc\x22\x50\x83\x2d\x83"
"\x5b\x48\x72\xb0\x65\xd8\x8b\x40\x0d\xb6\x0c\xa2\x21\xcd\xc1\x96"
"\xc1\x35\x82\x34\xd8\x32\xc0\x46\xa0\x06\x5b\x86\xdb\x08\xd2\x60"
"\xcb\x00\x1e\x52\xb5\x65\x28\x8f\x20\x0d\xb6\x0c\xe8\x11\xa8\xc1"
"\x96\xe1\x3d\x82\x34\xd8\x32\xcc\x47\x90\x06\x5b\x06\xfb\x08\xd4"
"\x60\xcb\xd0\x1f\x41\x1a\x6c\x19\x56\x24\x48\x83\x2d\x43\x8b\x04"
"\x6a\xb0\x65\xa0\x91\x20\x0d\xb6\x0c\x3d\x22\x55\x5b\x86\x31\x09"
"\xce\x60\xcb\x10\x27\x81\x1a\x6c\x19\xf2\x44\xa2\x83\x2d\xc3\xab"
"\x04\x6a\xb0\x65\xb8\x15\xa9\x0e\xb6\x0c\xe4\x12\xa8\xc1\x96\x61"
"\x5d\x24\x3b\xd8\x32\xdc\x4b\x90\x06\x5b\x86\x7c\x09\xd4\x60\xcb"
"\x00\x32\x41\x1a\x6c\x19\x52\x46\xaa\xb6\x0c\x30\x13\xa4\xc1\x96"
"\x41\x66\x02\x35\xd8\x32\xe4\x4c\x90\x06\x5b\x86\x9f\x09\xd2\x60"
"\xcb\x10\x36\x81\x1a\x6c\x19\xd0\x26\x48\x83\x2d\x03\xdc\x04\x69"
"\xb0\x65\x90\x9b\x40\x0d\xb6\x0c\x79\x13\xa4\xc1\x96\xe1\x6f\x82"
"\x34\xd8\x32\x84\x4e\xa0\x06\x5b\x06\xd4\x09\xd2\x60\xcb\x00\x3e"
"\x81\x1a\x6c\x19\xd0\x47\xba\x83\x2d\x43\xff\x04\x6a\xb0\x65\x28"
"\x21\x09\x0f\xb6\x0c\x30\x14\xa8\xc1\x96\x01\x87\xa4\x3c\xd8\x32"
"\xf0\x50\x70\x06\x5b\x86\x32\x0a\xd4\x60\xcb\xa0\x46\x92\x05\x00"
"\x41\x62\x00\x00\x75\x00\x00\x00\x0b\x86\x00\x60\xa3\x05\x43\x00"
"\xac\xd1\x82\x21\x00\xc4\x68\xc1\x10\x00\x3b\xb4\x60\x08\x80\x1c"
"\x5a\x30\x04\x00\x0d\x2d\x18\x02\x20\x86\x16\x10\x01\x20\xec\xcf"
"\x82\x21\x00\xf0\x67\x41\x01\x08\xc1\xe0\x3e\x0b\x0c\x40\x18\x02"
"\x42\x7d\x16\x20\x82\x51\x10\x43\x00\x94\xcf\x82\x02\x08\x06\x81"
"\x6d\x16\x14\x80\x30\x04\x60\xb3\x60\x08\x00\x9a\x59\x30\x04\x80"
"\xcb\x2c\x18\x02\xc0\x64\x16\x0c\x01\x40\x32\x0b\x86\x00\xe0\x97"
"\x05\x43\x00\xcc\xcb\x82\x02\x18\x84\x80\x5d\x16\x0c\x01\x20\x2e"
"\x0b\x86\x00\xc8\x95\x05\x06\x30\x10\x42\x70\x2b\x0b\x8e\x62\x00"
"\x02\x42\xa0\x95\x05\x84\x00\x04\xb3\xb2\xc0\x00\x02\x62\x10\x60"
"\x65\x41\x01\x08\x43\x50\x2a\x0b\x86\x00\xc8\x93\x05\x07\x20\x0c"
"\x01\x51\xcc\xc9\x02\x03\x18\x02\x81\x50\x93\x05\xc5\x00\x04\x42"
"\x9a\x2c\x20\x02\x40\x40\x93\x05\x45\x00\x08\xc3\x99\x2c\x20\x02"
"\x40\x08\x93\x05\x84\x10\x00\x3c\xb2\x60\x08\x80\x1d\x59\x50\x00"
"\xc2\x10\xc8\xc8\x82\x21\x00\x4c\x64\xc1\x10\x00\x20\xb2\x60\x08"
"\x00\xfc\x58\x30\x04\x80\x7d\x2c\x18\x02\xc0\x3d\x16\x0c\x01\x50"
"\x1e\x0b\x0a\x60\x10\x02\xdf\x58\x30\x04\x00\x6d\x2c\x18\x02\x60"
"\x35\x16\x18\xc0\x40\x08\x41\x6a\x2c\x38\x8a\x01\x08\x08\xc1\x34"
"\x16\x10\x02\x10\x94\xc6\x02\x03\x08\x88\x41\x10\x8d\x05\x05\x20"
"\x0c\xc1\x5d\x2c\x18\x02\x60\x2d\x16\x1c\x80\x30\x04\x44\x51\x16"
"\x0b\x0c\x60\x08\x04\x82\x27\x16\x14\x03\x10\x08\x3b\xb1\x80\x08"
"\x00\x41\x27\x16\x14\x01\x20\x0c\x39\xb1\x80\x08\x00\x61\x26\x16"
"\x10\x42\x00\xb8\xc4\x82\x21\x00\x5a\x62\x41\x01\x08\x43\x40\x12"
"\x0b\x86\x00\xc0\x87\x05\x44\x00\x08\xf2\xb0\x80\x08\x00\x21\x1d"
"\x16\x3c\x40\x20\x14\x84\x71\x20\x43\xa2\x2c\x4c\xd3\x0b\x13\x86"
"\x00\xb8\x83\x09\x05\x20\x04\x43\x1d\x4c\x18\x02\x80\x0e\x26\x10"
"\x01\x20\xcc\xc1\x84\x03\x20\x82\x41\x28\xd2\x60\xc2\x10\x00\x68"
"\x30\x61\x08\x80\x32\x98\x40\x04\x80\x40\x06\x13\x86\x00\xc8\x26"
"\x1c\x00\x11\x0c\x42\x61\x4d\x18\x02\xa0\x9a\x30\x04\x80\x34\x81"
"\x08\x00\x21\x9a\x30\x04\x80\x31\x61\x08\x00\x01\x00\x00\x00\x00"
"\x61\x28\x00\x00\xb8\x04\x00\x00\x23\x08\x62\x21\x2c\x10\x00\x00"
"\x28\x00\x00\x00\x44\x94\x46\x89\x94\x02\x0d\x25\x50\x06\x14\x14"
"\x42\x81\xd0\x50\xe0\x03\x74\x8d\x05\x01\x81\x30\x10\x85\x71\x20"
"\x89\xb2\x30\x8d\xf3\x8c\x00\x8c\x05\x0d\xc3\x30\x0c\xc3\x30\x0c"
"\xc3\x30\x0c\xc3\x30\xd0\x50\x20\x74\x8d\x05\x41\x10\x04\x41\x10"
"\x04\x41\x10\x04\x41\x10\x04\xd1\x50\x18\x85\x3f\x30\x1a\x40\xd9"
"\x1c\x04\x2c\xe0\x01\x1e\xe0\xc1\x68\x00\x81\x23\x00\x94\x8d\x45"
"\x00\x81\x30\x8c\x45\x0c\xc3\x30\xd0\x50\x08\x94\x8d\x45\x10\x04"
"\x41\xd0\x50\x04\x05\x51\x30\x14\x14\x04\x0d\x05\x44\x4e\x0d\x50"
"\x50\x40\x34\x14\xf0\x40\x81\x15\x60\x40\x81\x06\x14\x70\x40\x81"
"\x07\x14\xa0\x40\x81\x0a\x14\xb0\x40\x81\x0b\x14\xe0\x40\x81\x0e"
"\x14\xfc\x00\x00\xe1\x61\x00\x00\x18\x00\x00\x00\x2b\x08\x39\x60"
"\x83\x36\x70\x83\x15\xc4\x1c\xb0\x41\x1b\xb8\xc1\x0a\x82\x0e\xd8"
"\xc0\x0d\xda\x60\x05\x51\x07\x6c\xd0\x06\x6e\xb0\x82\xb0\x03\x36"
"\x68\x03\x37\x58\x41\xdc\x01\x1b\xb8\x41\x1b\xac\x20\xf0\x80\x0d"
"\xda\xc0\x0d\x56\x10\x79\xc0\x06\x6d\xe0\x06\x2b\x08\x3d\x60\x03"
"\x37\x68\x83\x15\xc4\x1e\xb0\x41\x1b\xb8\xc1\x0a\x82\x0f\xd8\xa0"
"\x0d\xdc\x60\xc5\xd0\x07\x6c\xd0\x06\x00\x00\x00\x24\x1d\x06\xa2"
"\x02\x40\xc9\x39\x10\x23\x05\x73\x00\x02\x25\x1d\x82\xa1\x84\x41"
"\xe2\x02\x81\x08\x48\x10\x04\x72\x0e\xc4\x40\xc1\x1c\x1c\x0a\x04"
"\x46\x01\x1d\x20\x0a\x04\x46\x41\x1d\x1c\x0a\x04\x56\x41\x00\x28"
"\x09\x38\x39\x7d\x00\x02\x88\xe0\x83\x43\x41\xc1\x28\xe8\x03\x44"
"\x81\xc0\x28\xf0\x83\x43\x81\xc0\xe5\x1e\x82\x41\xfe\x81\x18\x32"
"\x48\x05\xf3\x05\x43\xa0\x92\x41\xd6\x30\x44\x80\x13\x06\x54\x0c"
"\x44\x90\x08\x03\x2a\x06\xb0\x08\xce\x40\x18\x50\x31\x88\x45\x30"
"\x06\xc2\x80\x0a\x02\x0a\x2a\x21\x11\xa7\x00\x02\x2b\x20\x40\xa0"
"\x98\x44\x30\xe2\x02\x01\x0c\x0c\x12\x04\x01\x15\xae\x70\x28\x30"
"\x18\x05\xaf\x80\x28\x10\x18\x05\xb0\x70\x28\x10\xb8\xa4\x44\x30"
"\x54\x10\x00\x42\x02\x56\xc1\x10\x09\x9a\x85\x13\x40\x42\x70\x28"
"\x88\x36\x4d\xb7\x00\x03\x32\xb0\xc0\x37\x08\xc1\x80\x0a\xc2\x0e"
"\x00\x49\x18\x50\x41\x90\x02\x40\x06\xc2\x80\x8a\xc1\x35\x00\x45"
"\x48\x02\x39\x80\x40\xd1\x89\x60\xa8\x61\x90\xb8\x40\xa8\x83\x80"
"\x04\x41\x40\xc7\x38\x1c\x0a\x10\x46\x01\x39\x20\x0a\x04\x46\x41"
"\x39\x1c\x0a\x04\x2e\x3e\x11\x0c\x15\x04\x80\x90\x80\x93\xd3\x0e"
"\x20\x50\xcc\x22\x18\xaa\x19\x24\x2e\x10\x42\x21\x20\x41\x10\xd0"
"\xf1\x0e\x87\x02\x84\x51\x00\x0f\x88\x02\x81\x51\x10\x0f\x87\x02"
"\x81\x8b\x5a\x04\x43\x05\x01\x48\x24\x00\x1f\x31\x05\xaf\x38\xe8"
"\x40\x31\x83\x2c\x3b\x18\x22\xc0\x19\x03\x2a\x06\xa2\x48\x8c\x01"
"\x15\x83\x89\x14\x67\x60\x0c\xa8\x18\x50\xa4\x18\x03\x63\x40\x05"
"\x01\x15\x95\x91\x08\x7d\x00\x81\x15\x10\x20\x50\xf2\x22\x18\x71"
"\x81\x30\x0b\x06\x09\x82\x80\x8a\x90\x38\x14\x18\x8c\x02\x91\x40"
"\x14\x08\x8c\x82\x91\x38\x14\x08\x5c\xf8\x22\x18\x2a\x08\x00\x21"
"\x01\xab\x60\x88\x04\x99\xc4\x09\x20\x21\x38\x14\x44\x9b\x26\x95"
"\x80\x01\x19\x58\xe0\x3b\x8c\x60\x40\x05\x61\x07\x84\x64\x0c\xa8"
"\x20\x54\x81\x20\x03\x63\x40\xc5\x40\x27\x84\x62\x48\x38\x48\x03"
"\xf0\x59\x48\x40\x64\x63\x20\x2a\x00\x54\xad\xc1\x10\x92\x0d\x62"
"\x82\x7c\x51\x12\xc8\x36\x88\x09\xf2\x39\x4a\x80\x86\x98\xd0\x88"
"\x40\x28\x10\xb7\x0c\xa8\x18\x4c\x45\x99\x96\x01\x15\x97\x99\x28"
"\xd3\x32\xa0\xe2\x32\x13\xa5\x59\x22\x02\x81\x18\x48\xf0\x05\x15"
"\x5c\x91\x0a\x9b\x38\x01\x24\x04\x87\x02\x63\x53\x82\x13\x10\x80"
"\x12\x9c\x00\x29\x34\xe0\x63\x96\x60\x88\x41\x01\x84\x20\x18\x60"
"\x73\x41\xc8\x47\x02\x9f\xd5\x04\xe8\x82\x00\x51\x3c\xa1\x32\x98"
"\x0b\xf0\x45\x4e\x30\xa0\x62\x30\x83\x06\x5d\x92\x01\x15\x03\xd3"
"\xa8\x4b\x82\xb0\x9f\x50\xd4\x05\x30\x8e\xe1\x27\x06\xbc\x18\xc7"
"\xf0\x13\x45\x5e\x0c\x64\x08\xc0\xe2\x27\x52\xf0\x13\x1b\x10\x11"
"\x08\x9f\x18\xb8\x67\x40\xc5\x20\x39\xd3\x33\xa0\x22\x33\x9c\xe9"
"\x19\x50\x91\x39\x4e\xf3\x44\x04\x02\x31\x90\x20\x0c\x2a\xc8\x22"
"\x15\x66\x71\x02\x48\x08\x0e\x05\xc6\xa6\x04\x2d\x20\x00\x25\x68"
"\x01\x52\x90\xc0\x07\x3d\xc1\x10\x83\x02\x08\x41\x30\xd0\x58\x83"
"\x90\x14\x1b\x80\xcf\x8a\x82\x01\x1d\x83\xcd\x20\xb4\xd0\xa8\x01"
"\x34\xa0\x63\xc0\x19\x44\x0f\x1a\x03\x1a\xd0\x31\x98\x03\x82\x07"
"\x0d\x1b\x40\x4e\x1a\x50\x31\x54\x92\x11\x0d\xa8\x18\x22\xc9\x88"
"\x06\x54\x0c\x83\x64\x44\x28\x28\x0d\x88\x0f\x84\x3a\x10\x48\x10"
"\x04\x15\x0c\x91\x0e\xd4\x38\x01\x24\x04\x87\x02\x64\x93\xc2\x1a"
"\x30\x20\x83\x3d\x00\x9f\x25\x05\xf2\x1d\xd0\x01\x7c\x16\x15\xa8"
"\x73\x18\x44\xa5\xc3\x10\xae\x1a\x50\x31\x10\x54\x52\x0d\xa8\x18"
"\xf8\x86\x3a\x83\x6a\x40\xc5\xe0\x37\xd4\x18\x54\x03\x2a\x08\xd3"
"\xa0\xaa\x2a\x11\xb5\x01\x02\x2b\x20\x40\xa0\xd0\x48\x30\xe2\x02"
"\xc1\x2d\x0c\x12\x04\x01\x15\xbc\x71\x28\x30\x18\x05\xbd\x81\x28"
"\x10\x18\x05\xbe\x71\x28\x10\xb8\xdc\x48\x30\x54\x10\x00\x42\x02"
"\x56\xc1\x10\x09\x0a\x8f\x13\x40\x42\x70\x28\x88\x36\x4d\xe5\x01"
"\x03\x32\xb0\xc0\x67\x55\xc1\x80\x1a\xc2\x2e\x0e\xf6\x98\xec\x02"
"\xb2\x0b\xc6\x2e\x24\xa9\x1a\x50\x43\xd8\xc5\x01\x22\x93\x5d\x40"
"\x76\xc1\xd8\x85\x44\x06\xd5\x80\x9a\x41\x7d\x0e\xf5\x99\x70\x01"
"\x62\x09\x86\x0f\x24\xa5\x4a\x82\x7c\x80\x40\x41\x93\x60\xa8\x61"
"\x90\xb8\x40\x18\x8d\x80\x04\x41\x40\x47\x7c\x1c\x0a\x10\x46\x81"
"\x7c\x20\x0a\x04\x46\xc1\x7c\x1c\x0a\x04\x2e\x6c\x12\x0c\x15\x04"
"\x80\x90\x80\x93\xb3\x1f\x20\x50\xe8\x24\x18\xaa\x19\x24\x2e\x10"
"\x5e\x23\x20\x41\x10\xd0\xd1\x1f\x87\x02\x84\x51\xe0\x1f\x88\x02"
"\x81\x51\xf0\x1f\x87\x02\x81\x0b\x9e\x04\x43\x05\x01\x48\x24\x00"
"\xdf\x65\x06\xc1\xc3\x34\xd1\x50\xcc\x20\x8b\x34\x86\x08\x70\xd9"
"\x80\x8a\x81\xc0\x92\x6c\x40\xc5\x20\x46\xd8\x19\x64\x03\x2a\x06"
"\x32\xc2\xc6\x20\x1b\x50\x41\x40\x58\x95\x25\x02\x45\x40\x60\x05"
"\x04\x08\x94\x53\x09\x46\x5c\x20\x84\x87\x41\x82\x20\xa0\xe2\x45"
"\x0e\x05\x06\xa3\x00\x46\x10\x05\x02\xa3\x20\x46\x0e\x05\x02\x17"
"\x55\x09\x86\x0a\x02\x40\x48\xc0\x2a\x18\x22\x41\x34\x72\x02\x48"
"\x08\x0e\x05\xd1\xa6\x09\x47\x60\x40\x06\x16\xf8\xb4\x2c\x18\x50"
"\x41\xd8\xc1\x25\x65\x03\x2a\x08\x55\xb8\xc8\x20\x1b\x50\x31\xc0"
"\xd2\xa5\x64\x12\x0e\xd2\x00\x7c\x69\xb0\x05\x04\x5c\x06\xa2\x02"
"\x40\xd5\x1a\x0c\x21\xd9\xe0\x47\xc8\x47\x06\x5c\x20\xdb\xe0\x47"
"\xc8\x17\x06\x5d\x80\x86\x1f\xd1\x88\x40\x28\x10\xe7\x0d\xa8\x18"
"\xc4\xa9\x9b\xbc\x01\x15\x97\x28\x75\x93\x37\xa0\xe2\x12\xa5\xae"
"\xf1\x22\x02\x81\x18\x48\xf0\x05\x15\x5c\x91\x0a\x32\x39\x01\x24"
"\x04\x87\x02\x63\x53\x62\x26\x10\x80\x12\x33\x01\x29\x34\xe0\xfb"
"\xbc\x60\x88\x41\x01\x84\x20\x18\x60\xa1\x42\xc8\x47\x02\x5f\x1a"
"\x80\x41\x80\x2e\x08\x10\xa5\x26\x2a\x83\x50\x01\x1f\x19\x84\x41"
"\x30\xa0\x62\x30\x03\x30\x20\x29\x6e\x40\xc5\xc0\x80\x81\x49\x71"
"\x08\x6b\x13\x45\x5d\x00\xe3\x18\xda\x64\x30\x95\x71\x0c\x6d\x52"
"\x9c\xca\x40\x86\xc0\x4d\xda\x24\x05\x6d\xb2\x01\x11\x81\xf0\x89"
"\x81\x13\x83\x01\x15\x83\x14\x06\x93\x18\x0c\xa8\xc8\x8c\x30\x98"
"\xc4\x60\x40\x45\xe6\x84\x41\x23\x06\x11\x81\x40\x0c\x24\x08\x83"
"\x0a\xb2\x48\x05\x9d\x9c\x00\x12\x82\x43\x81\xb1\x29\xb1\x13\x08"
"\x40\x89\x9d\x80\x14\x24\xf0\x8d\x81\x18\x04\x43\x0c\x0a\x20\x04"
"\xc1\x40\xd3\x15\x42\x52\x6c\x00\xbe\x34\x20\x83\x60\x40\xc7\x20"
"\x57\x1b\x2d\x80\x81\x1a\x8c\xc1\x80\x8e\x81\xae\x36\x3d\x00\x03"
"\x63\x0c\x06\x74\x0c\xe6\xb0\xe1\x01\x18\xb0\xc1\x18\xb8\x32\x18"
"\x50\x31\x54\x65\x60\x90\xc1\x80\x8a\x21\x2a\x03\x83\x0c\x06\x54"
"\x0c\x43\x19\x18\x64\x80\x82\x59\x81\xf8\x40\xa8\x03\x81\x04\x41"
"\x50\xc1\x10\xe9\xb0\x95\x13\x40\x42\x70\x28\x40\x36\x29\xba\x02"
"\x03\x32\xd8\x03\xf0\xa5\x41\x19\x04\xf2\x1d\xd0\x01\x7c\x69\x70"
"\x06\x81\x3a\x87\x41\x54\x3a\x0c\xe1\xd0\x60\x40\xc5\x40\x9c\x41"
"\x82\x06\x03\x2a\x06\xdc\x3a\x83\x33\x40\x83\x01\x15\x83\x6e\x9d"
"\xc1\x18\xa0\xc1\x80\x0a\xc2\x34\xce\xa0\x42\x83\x44\x8c\x0b\x08"
"\xac\x80\x00\x81\x22\x36\xc1\x88\x0b\x04\x3e\x31\x48\x10\x04\x54"
"\xa8\xcb\xa1\xc0\x60\x14\xac\x0b\xa2\x40\x60\x14\xb0\xcb\xa1\x40"
"\xe0\x52\x36\xc1\x50\x41\x00\x08\x09\x58\x05\x43\x24\xe8\x5d\x4e"
"\x00\x09\xc1\xa1\x20\xda\x34\xcd\x0b\x0c\xc8\xc0\x02\x5f\x1a\xa0"
"\x41\x30\xa0\x86\xb0\x0b\x8d\x3d\xcc\xc0\x2e\xc6\xc0\x2e\x3e\xbb"
"\x28\x03\x09\x0d\x06\xd4\x10\x76\xa1\x81\x88\x19\xd8\xc5\x18\xd8"
"\xc5\x67\x17\x65\x40\x06\x68\x30\xa0\x66\x30\x31\xcd\xc4\xcc\x00"
"\x17\xc6\x80\x25\x3e\x3e\x28\x03\x05\x0d\x92\x00\x32\x20\x50\xec"
"\x26\x18\x6a\x18\x24\x2e\x10\x62\x25\x20\x41\x10\xd0\xf1\x2f\x87"
"\x02\x84\x51\x00\x32\x88\x02\x81\x51\x10\x32\x87\x02\x81\x8b\xde"
"\x04\x43\x05\x01\x20\x24\xe0\xe4\xa4\x0c\x08\x14\xd1\x09\x86\x6a"
"\x06\x89\x0b\x84\x5e\x09\x48\x10\x04\x74\xac\xcc\xa1\x00\x61\x14"
"\xb0\x0c\xa2\x40\x60\x14\xb4\xcc\xa1\x40\xe0\x62\x3a\xc1\x50\x41"
"\x00\x12\x09\xc0\xa7\x06\x79\x10\xbc\x35\x68\x03\x58\x51\xcc\x20"
"\x4b\x56\x86\x08\x70\x6c\x30\xa0\x62\x20\xd6\x20\x61\x83\x01\x15"
"\x83\x9f\xad\xc1\x19\xb0\xc1\x80\x8a\x01\xd4\xd6\x60\x0c\xd8\x60"
"\x40\x05\x01\xad\x41\xc5\x06\x89\xb0\x19\x10\x58\x01\x01\x02\xa5"
"\x76\x82\x11\x17\x08\xef\x62\x90\x20\x08\xa8\xe8\x99\x43\x81\xc1"
"\x28\xf0\x19\x44\x81\xc0\x28\xf8\x99\x43\x81\xc0\x05\x77\x82\xa1"
"\x82\x00\x10\x12\xb0\x0a\x86\x48\x90\xd8\x9c\x00\x12\x82\x43\x41"
"\xb4\x69\x32\x1b\x18\x90\x81\x05\xbe\x36\x60\x83\x60\x40\x05\x61"
"\x07\x6a\x20\xb1\xc1\x80\x0a\x42\x15\xd4\x80\x0c\xd8\x60\x40\xc5"
"\xc0\x6e\x6a\xa0\xb0\x81\x84\x83\x34\x00\x1f\x1f\xb8\x41\x40\xdc"
"\x67\x20\x2a\x00\x54\xad\xc1\x10\x92\x0d\xda\x86\x7c\x77\xf0\x06"
"\x81\x6c\x83\xb6\x21\x1f\x1d\xc0\x41\x80\x86\xb6\xd1\x88\x40\x28"
"\x10\x17\x07\x03\x2a\x06\x7f\x83\x83\x29\x0e\x06\x54\x5c\xbe\x06"
"\x07\x53\x1c\x0c\xa8\xb8\x7c\x0d\x0e\x9a\x38\x88\x08\x04\x62\x20"
"\xc1\x17\x54\x70\x45\x2a\xe4\xe6\x04\x90\x10\x1c\x0a\x8c\x4d\x09"
"\xdd\x40\x00\x4a\xe8\x06\xa4\xd0\x80\x4f\x0e\xe2\x20\x18\x62\x50"
"\x00\x21\x08\x06\xd8\xeb\x10\xf2\x91\xc0\xc7\x07\x73\x10\xa0\x0b"
"\x02\x44\xe1\x8d\xca\xe0\x75\xc0\x77\x07\x74\x10\x0c\xa8\x18\xcc"
"\x60\x0e\xc0\xee\x0d\x06\x54\x0c\xcc\x1c\x88\xdd\x1b\x20\x6c\x6f"
"\x14\x75\x01\x8c\x63\xd8\x9b\x81\x76\xc6\x31\xec\x4d\x51\x3b\x03"
"\x19\x02\xbe\xd9\x9b\x14\xec\xcd\x06\x44\x04\xc2\x27\x06\xae\x0e"
"\x06\x54\x0c\x12\x1d\x4c\x75\x30\xa0\x22\x33\xe8\x60\xaa\x83\x01"
"\x15\x99\x43\x07\x4d\x1d\x44\x04\x02\x31\x90\x20\x0c\x2a\xc8\x22"
"\x15\xa2\x73\x02\x48\x08\x0e\x05\xc6\xa6\x84\x74\x20\x00\x25\xa4"
"\x03\x52\x90\xc0\x67\x07\x75\x10\x0c\x31\x28\x80\x10\x04\x03\x0d"
"\x7d\x08\x49\xb1\x01\xf8\xf8\xe0\x0e\x82\x01\x1d\x83\xeb\xb9\x01"
"\x2d\xcc\x81\x1a\xd8\xc1\x80\x8e\x01\xf6\xdc\x40\x0f\xe6\xc0\xb0"
"\x83\x01\x1d\x83\x39\xb8\x01\x1e\xcc\x01\x1b\xd8\x81\xc3\x83\x01"
"\x15\x43\x85\x07\xc6\x1d\x0c\xa8\x18\x22\x3c\x30\xee\x60\x40\xc5"
"\x30\xe0\x81\x71\x07\x28\x08\x1f\x88\x0f\x84\x3a\x10\x48\x10\x04"
"\x15\x0c\x91\x0e\xf2\x39\x01\x24\x04\x87\x02\x64\x93\x82\x3e\x30"
"\x20\x83\x3d\x00\x1f\x1f\xe0\x41\x20\xdf\x01\x1d\xc0\xc7\x07\x7a"
"\x10\xa8\x73\x18\x44\xa5\xc3\x10\x6e\x0f\x06\x54\x0c\x84\x1e\x24"
"\x7b\x30\xa0\x62\xa0\x3f\x3d\x38\x83\x3d\x18\x50\x31\xd8\x9f\x1e"
"\x8c\xc1\x1e\x0c\xa8\x20\x4c\x43\x0f\xaa\x3d\x48\x44\xfc\x80\xc0"
"\x0a\x08\x10\x28\x70\x14\x8c\xb8\x40\x50\x1d\x83\x04\x41\x40\x05"
"\xfe\x1c\x0a\x0c\x46\x41\xfe\x20\x0a\x04\x46\x81\xfe\x1c\x0a\x04"
"\x2e\x73\x14\x0c\x15\x04\x80\x90\x80\x55\x30\x44\x82\xfa\xe7\x04"
"\x90\x10\x1c\x0a\xa2\x4d\x53\x08\xc1\x80\x0c\x2c\xf0\xf1\xc1\x1e"
"\x04\x03\x6a\x08\xbb\x68\x03\xf6\xc8\x03\xbb\xb0\x03\xbb\x90\x03"
"\xbb\xc0\x03\x69\x0f\x06\xd4\x10\x76\xd1\x06\x20\x92\x07\x76\x61"
"\x07\x76\x21\x07\x76\x81\x07\x64\xb0\x07\x03\x6a\x06\x31\x0c\xda"
"\x40\x0c\x83\x3c\xc0\x05\x3b\x60\x09\x39\xe0\x03\x3c\x50\xf6\x40"
"\x09\x83\xa4\xe0\x84\x40\x60\x05\x04\x08\x14\x53\x0a\x46\x5c\x20"
"\x80\xcf\x40\x82\x20\x20\xc4\x85\x0e\x05\x09\xa3\xe0\x85\x10\x05"
"\x02\xa3\x00\x86\x0e\x05\x02\x97\x54\x0a\x86\x0a\x02\x40\x48\xc0"
"\x2a\x18\x22\x39\x20\x04\x02\x2b\x20\x40\xa0\xcc\x52\x30\xe2\x02"
"\xa1\x7d\x1e\x12\x04\x01\x21\x3b\x74\x28\x48\x18\x05\x3c\x84\x28"
"\x10\x18\x05\x3d\x74\x28\x10\xb8\xd8\x52\x30\x54\x10\x00\x42\x02"
"\x56\xc1\x10\x29\x60\xa1\x1b\x48\xc1\xb3\x01\xa9\x13\x23\x10\x58"
"\x01\x01\x02\x45\x9c\x82\x11\x17\x08\xfc\x13\x91\x20\x08\x48\x51"
"\xa3\x43\xc1\xc2\x28\x58\x23\x44\x81\xc0\x28\x60\xa3\x43\x81\xc0"
"\xa5\x9c\x82\xa1\x82\x00\x10\x12\xb0\x0a\x86\x48\x01\x1a\xdd\x40"
"\x0a\x9e\x0d\x40\x6e\x90\x47\x50\xe0\x29\x18\x71\x81\xa0\x42\x10"
"\x09\x82\x80\x12\x3c\x3a\x14\x28\x8c\x82\x3c\x42\x14\x08\x8c\x02"
"\x3d\x3a\x14\x08\x5c\xe6\x29\x18\x2a\x08\x00\x21\x01\xab\x60\x88"
"\x14\xa0\xd1\x0d\xa4\xc0\xd9\x00\x22\x52\x03\x41\x81\xf9\x80\xa4"
"\x21\x16\x02\x1f\x2b\xf4\x41\xa0\x74\x05\x50\x35\x00\xaa\x5c\x68"
"\x08\xf9\x42\x6f\x44\x22\xc3\x57\x42\x06\x70\x44\x8e\x6e\x80\xa3"
"\x60\x78\x7e\xf0\x07\xc1\x80\x8e\x81\x2d\x83\x3e\x28\x50\x61\x1d"
"\x56\xc1\xc1\x82\xa4\xa1\x38\x22\x5f\x2a\x80\x42\x80\x8e\x38\xd2"
"\xf8\x40\x50\x4a\x89\x2c\x5f\x20\xc2\x17\xe2\x03\x81\x41\xa5\xd2"
"\x0c\xa1\x04\x42\x90\x45\x1e\x81\xef\x14\x42\x21\x88\x0f\x84\x47"
"\x8f\xe2\x03\x01\xba\x23\x22\x7c\x81\x08\x5f\x88\x0f\x04\xc9\x8f"
"\xe2\x03\x61\xda\xa3\x22\x10\xa1\x04\x43\x90\xcc\x1e\x81\xef\x14"
"\x44\x21\x88\x0f\x04\x8b\x8f\xe2\x03\xe1\xe2\x23\x22\x7c\x81\x08"
"\x5f\x88\x0f\x84\x0c\x94\xe2\x03\x41\x03\xa5\x22\x10\xa1\x04\x43"
"\x90\x13\x28\x81\xef\x14\x46\x21\x88\x0f\x84\x2e\x94\xe2\x03\xc1"
"\x0b\x25\x22\x7c\x81\x08\x5f\x88\x0f\x04\x30\x28\xa5\xf8\x40\x08"
"\x83\x52\x2a\x02\x11\x4a\x30\x04\xa9\x95\x12\xf8\x4e\x81\x14\x82"
"\xf8\x40\x20\x03\x53\x8a\x0f\x84\x32\x30\x25\x22\x7c\x81\x08\x5f"
"\x88\x0f\x84\x33\x50\xa5\xf8\x40\x40\x03\x55\x2a\x02\x11\x4a\x30"
"\x04\x19\x06\xaa\x04\xbe\x53\x28\x85\x20\x3e\x10\xd6\x60\x95\xe2"
"\x03\x81\x0d\x56\x89\x08\x5f\x20\xc2\x17\xe2\x03\xc1\x0d\x5e\x29"
"\x3e\x10\xde\xe0\x95\x8a\x40\x84\x12\x0c\x41\xa2\xc1\x2b\x81\xef"
"\x14\x4c\x21\x88\x0f\x04\x39\x80\xa5\xf8\x40\x98\x03\x58\x22\xc2"
"\x17\x88\xf0\x85\xf8\x40\xa8\x03\x5a\x8a\x0f\x04\x3b\xa0\xa5\x22"
"\x10\xa1\x04\x43\x70\xa7\x20\xdf\xc0\x0e\xc0\xc7\x0a\xa8\x10\xa0"
"\x3b\x30\x27\x95\x41\x4a\x81\xcf\x0f\x52\x21\x18\x50\x31\x90\x03"
"\x2a\xd0\x68\xf0\x07\x48\x0f\x70\x49\x9d\x2a\x0c\xa8\x18\x88\x54"
"\x48\x54\x21\x3e\x10\xfc\x20\x20\x81\x18\xe2\x03\xe1\x0f\x86\x12"
"\x08\x21\x11\xef\x04\x01\x32\x30\xc0\xb7\x0a\xaa\x10\xc8\x23\x14"
"\xc0\xc7\x0a\x7e\x10\x2c\x54\x20\x20\x40\x06\x31\x65\xbe\x56\x78"
"\x85\x00\xa9\x02\x49\x08\x4a\x85\x00\x54\x00\xa8\x73\x85\x01\x15"
"\x44\xe3\x0a\x6a\x1a\xb4\xc2\x80\x0a\xe0\x70\x05\xa2\x15\x06\x54"
"\x0c\x87\x2b\xb8\x51\x2b\xa8\x20\x80\x32\x04\x21\x3e\x10\x06\x98"
"\x42\x03\x3f\x61\x32\x74\x0a\x06\x64\xc0\x80\xef\x15\x5c\x21\x60"
"\x03\x2a\x86\x04\x16\x68\xc2\x0f\xe2\x03\x41\x16\x02\x12\x04\x21"
"\x3e\x10\x66\x61\x28\x81\x10\x12\x81\x53\x30\x20\x03\x5a\x00\x1f"
"\x2b\xc0\x42\x10\x20\x06\x00\x00\xb3\x00\x00\x00\x5b\x06\x20\x38"
"\x83\x2d\x83\x10\xa4\xc1\x96\x81\x08\xd2\x60\xcb\x70\x04\x6a\xb0"
"\x65\x40\x82\x34\xd8\x32\x60\x41\x1a\x6c\x19\xb2\x20\x0d\xb6\x0c"
"\x65\x10\xa4\xc1\x96\xe1\x0c\x02\x35\xd8\x32\xb8\x41\x90\x06\x5b"
"\x86\x3b\x90\xaa\x2d\x03\x1f\x04\x69\xb0\x65\xf8\x83\x40\x0d\xb6"
"\x0c\xa6\x10\xa4\xc1\x96\x41\x15\x82\x34\xd8\x32\xb4\x42\xa0\x06"
"\x5b\x06\x5a\x08\xd2\x60\xcb\x20\x0e\x41\x1a\x6c\x19\xc8\x21\x50"
"\x83\x2d\xc3\x3a\x04\x69\xb0\x65\xa0\x07\xa9\xda\x32\xe8\x43\x70"
"\x06\x5b\x06\x94\x08\xd4\x60\xcb\x00\x13\x52\x1c\x6c\x19\xcc\x22"
"\x50\x83\x2d\x83\x5b\x48\x72\xb0\x65\xd8\x8b\x40\x0d\xb6\x0c\xa2"
"\x21\xcd\xc1\x96\xc1\x35\x82\x34\xd8\x32\xc0\x46\xa0\x06\x5b\x86"
"\xdb\x08\xd2\x60\xcb\x00\x1e\x52\xb5\x65\x28\x8f\x20\x0d\xb6\x0c"
"\xe8\x11\xa8\xc1\x96\xe1\x3d\x82\x34\xd8\x32\xcc\x47\x90\x06\x5b"
"\x06\xfb\x08\xd4\x60\xcb\xd0\x1f\x41\x1a\x6c\x19\x56\x24\x48\x83"
"\x2d\x43\x8b\x04\x6a\xb0\x65\xa0\x91\x20\x0d\xb6\x0c\x3d\x22\x55"
"\x5b\x86\x31\x09\xce\x60\xcb\x10\x27\x81\x1a\x6c\x19\xf2\x44\xa2"
"\x83\x2d\xc3\xab\x04\x6a\xb0\x65\xb8\x15\xa9\x0e\xb6\x0c\xe4\x12"
"\xa8\xc1\x96\x61\x5d\x24\x3b\xd8\x32\xdc\x4b\x90\x06\x5b\x86\x7c"
"\x09\xd4\x60\xcb\x00\x32\x41\x1a\x6c\x19\x52\x46\xaa\xb6\x0c\x2e"
"\x13\xa4\xc1\x96\x21\x66\x02\x35\xd8\x32\xe0\x4c\x90\x06\x5b\x06"
"\x9e\x09\xd2\x60\xcb\xf0\x33\x81\x1a\x6c\x19\xcc\x26\x48\x83\x2d"
"\x03\xdd\x04\x69\xb0\x65\xb0\x9b\x40\x0d\xb6\x0c\x7d\x13\xa4\xc1"
"\x96\xc1\x74\xa4\x6a\xcb\xc0\x3a\xc1\x19\x6c\x19\x74\x27\x50\x83"
"\x2d\x83\xf8\x48\x77\xb0\x65\xc0\x9f\x40\x0d\xb6\x0c\x20\x24\xe1"
"\xc1\x96\xa1\x85\x02\x35\xd8\x32\xd0\x90\x94\x07\x5b\x06\x30\x0a"
"\xd2\x60\xcb\x20\x46\x81\x1a\x6c\x19\xd2\x28\x48\x83\x2d\x83\x1c"
"\x49\xd5\x96\x21\x8f\x82\x34\xd8\x32\xec\x51\xa0\x06\x5b\x06\x51"
"\x0a\xd2\x60\xcb\x80\x4a\x41\x1a\x6c\x19\x54\x29\x50\x83\x2d\x43"
"\x2c\x05\x69\xb0\x65\xc8\xa5\x20\x0d\xb6\x0c\xbb\x14\xa8\xc1\x96"
"\x41\x9c\x82\x34\xd8\x32\xa4\x53\x90\x06\x5b\x86\x75\x0a\xd4\x60"
"\xcb\x20\x4f\x41\x1a\x6c\x19\xf0\x29\x38\x83\x2d\x83\x4a\x05\x6a"
"\xb0\x65\x58\xa9\x40\x0d\xb6\x0c\x2d\x15\xa8\xc1\x96\xc1\xa5\x02"
"\x35\xd8\x32\xc0\x94\xa4\x07\x5b\x86\x99\x0a\xd4\x60\xcb\x40\x53"
"\x81\x1a\x6c\x19\x6e\x2a\x50\x83\x2d\x03\x4e\x05\x6a\xb0\x65\xd0"
"\x29\x49\x0f\xb6\x0c\x3d\x15\xa8\xc1\x96\xc1\xa7\x02\x35\xd8\x32"
"\x84\x55\xa0\x06\x5b\x06\xb1\x0a\xd4\x60\xcb\x40\x56\x92\x1e\x6c"
"\x19\xce\x2a\x50\x83\x2d\x03\x5a\x05\x6a\xb0\x65\x58\xab\x40\x0d"
"\xb6\x0c\x6c\x15\xa8\xc1\x96\xc1\xad\x24\x3d\xd8\x32\xc4\x55\xa0"
"\x06\x5b\x06\xb9\x0a\xd4\x60\xcb\x50\x57\x81\x1a\x6c\x19\xec\x2a"
"\x50\x83\x2d\x03\x5e\x49\x7a\xb0\x65\xd8\xab\x40\x0d\xb6\x0c\x7c"
"\x15\xa8\xc1\x96\xe1\xaf\x02\x35\xd8\x32\x80\x56\xa0\x06\x5b\x06"
"\xd1\x92\xf4\x60\xcb\x50\x5a\x81\x1a\x6c\x19\x4c\x2b\x50\x83\x2d"
"\x43\x6a\x05\x6a\xb0\x65\x50\xad\x40\x0d\xb6\x0c\xb6\x15\xa8\xc1"
"\x96\x01\xb7\x02\x35\xd8\x32\xec\x96\xb4\x07\x5b\x86\xf4\x0a\xd4"
"\x60\xcb\xe0\x5e\x92\xb5\x65\x90\xaf\x40\x0d\xb6\x0c\xf4\x15\xa8"
"\xc1\x96\xe1\xbe\x24\x3e\x00\x00\x41\x62\x00\x00\xa5\x00\x00\x00"
"\x0b\x86\x00\xe0\xad\x05\x84\x10\x00\xb8\xb5\x60\x08\x00\xd9\x5a"
"\x30\x04\x40\x6c\x2d\x18\x02\x00\xb5\x16\x10\x42\x00\x8c\xd6\x02"
"\x05\x39\x80\x40\x18\x08\xa3\x80\xa9\x05\x47\x31\x00\x01\x21\xa4"
"\xd4\x82\xe8\x71\x00\x24\x48\x04\x65\x58\x08\xa6\x68\x0e\x03\xa5"
"\x16\x44\x8f\x03\x20\x41\x22\x28\xc3\x42\x30\x45\x73\x18\x27\xb5"
"\x80\x10\x80\xa0\xa4\x16\x14\x40\x30\x08\xaa\xb4\xa0\x00\x84\x21"
"\xf0\xa3\x05\x43\x00\xc8\xd1\x82\x21\x00\xd8\x68\xc1\x10\x00\x64"
"\xb4\x60\x08\x00\x31\x5a\x30\x04\x80\x0e\x2d\x18\x02\x20\x86\x16"
"\x14\xc0\x20\x04\x2a\xb4\x60\x08\x00\x10\x5a\x30\x04\xc0\xfd\x2c"
"\x30\x80\x81\x10\x82\xfa\x59\x70\x14\x03\x10\x10\x82\xfc\x2c\x20"
"\x04\x20\x88\x9f\x05\x06\x10\x10\x83\xe0\x3e\x0b\x0a\x40\x18\x82"
"\xf1\x59\x30\x04\xc0\xed\x2c\x38\x00\x61\x08\x88\x22\x76\x16\x18"
"\xc0\x10\x08\x04\xea\x2c\x28\x06\x20\x10\x4e\x67\x01\x11\x00\x82"
"\xe9\x2c\x28\x02\x40\x18\x4a\x67\x01\x11\x00\xc2\xdf\x2c\x20\x84"
"\x00\xd0\x9b\x05\x43\x00\xe4\xcd\x82\x02\x10\x86\x00\x6e\x16\x0c"
"\x01\x40\x36\x0b\x86\x00\xf0\x99\x05\x43\x00\xd8\xcc\x82\x21\x00"
"\x68\x66\xc1\x10\x00\x2c\xb3\x60\x08\x80\x91\x59\x50\x00\x83\x10"
"\xf0\xcb\x82\x21\x00\xe4\x65\xc1\x10\x00\xe9\xb2\xc0\x00\x06\x42"
"\x08\xce\x65\xc1\x51\x0c\x40\x40\x08\xe4\xb2\x80\x10\x80\x60\x5c"
"\x16\x18\x40\x40\x0c\x02\xb8\x2c\x28\x00\x61\x08\x6a\x65\xc1\x10"
"\x00\xa9\xb2\xe0\x00\x84\x21\x20\x8a\x51\x59\x60\x00\x43\x20\x10"
"\x7a\xb2\xa0\x18\x80\x40\xc8\x93\x05\x44\x00\x08\x78\xb2\xa0\x08"
"\x00\x61\xb8\x93\x05\x44\x00\x08\x71\xb2\x80\x10\x02\x80\x4d\x16"
"\x0c\x01\xb0\x26\x0b\x0a\x40\x18\x02\x31\x59\x30\x04\x80\x8d\x2c"
"\x18\x02\x00\x46\x16\x0c\x01\x80\x22\x0b\x86\x00\x30\x91\x05\x43"
"\x00\xf8\xc7\x82\x21\x00\xea\x63\x41\x01\x0c\x42\xe0\x1e\x0b\x86"
"\x00\x20\x8f\x05\x43\x00\xec\xc6\x02\x03\x18\x08\x21\xc8\x8d\x05"
"\x47\x31\x00\x01\x21\xd8\xc6\x02\x42\x00\x82\xda\x58\x60\x00\x01"
"\x31\x08\xb2\xb1\xa0\x00\x84\x21\x38\x8d\x05\x43\x00\xec\xc5\x82"
"\x03\x10\x86\x80\x28\xea\x62\x81\x01\x0c\x81\x40\xb0\xc5\x82\x62"
"\x00\x02\x61\x2d\x16\x10\x01\x20\xa8\xc5\x82\x22\x00\x84\x21\x2d"
"\x16\x10\x01\x20\x8c\xc5\x02\x42\x08\x00\x9f\x58\x30\x04\x40\x4f"
"\x2c\x28\x00\x61\x08\x68\x62\xc1\x10\x00\x28\xb1\x80\x08\x00\x41"
"\x24\x16\x10\x01\x20\xe4\xc3\x82\x09\x08\x04\xa3\x38\x90\x84\x50"
"\x16\x66\x68\x9c\x07\x8a\xda\x61\xc2\x10\x00\xb0\x30\x61\x08\x00"
"\x57\x98\x50\x00\x42\x30\xb0\xc2\x04\x22\x00\x04\x3f\x98\x70\x00"
"\x44\x30\x08\x05\x1f\x4c\x18\x02\x60\x0f\x26\x0c\x01\x80\x07\x13"
"\x88\x00\x10\xee\x60\xc2\x10\x00\x6c\x30\xe1\x00\x88\x60\x10\x8a"
"\x34\x98\x30\x04\x00\x1a\x4c\x18\x02\xa0\x0c\x26\x10\x01\x20\x90"
"\xc1\x84\x21\x00\xb2\x09\x07\x40\x04\x83\x50\x58\x13\x86\x00\xa8"
"\x26\x0c\x01\x20\x4d\x20\x02\x40\x88\x26\x0c\x01\x60\x4c\x18\x02"
"\x40\x00\x00\x00\x00\x00\x00\x00\x61\x28\x00\x00\xe4\x04\x00\x00"
"\x23\x08\x4e\x21\x2c\x10\x00\x00\x25\x00\x00\x00\x44\x94\x46\x89"
"\x94\x02\x0d\x25\x50\x06\x14\x14\x42\x81\xd0\x50\xe0\x03\x74\x8d"
"\x05\x01\x81\x30\x10\x85\x71\x20\x89\xb2\x30\x8d\xf3\x8c\x00\x8c"
"\x05\x0d\xc3\x30\x0c\xc3\x30\x0c\xc3\x30\x0c\xc3\x30\xd0\x50\x20"
"\x74\x8d\x05\x41\x10\x04\x41\x10\x04\x41\x10\x04\x41\x10\x04\xd1"
"\x50\x18\x85\x3f\x30\x1a\x40\xd9\x1c\x04\x2c\xe0\x01\x1e\xe0\xc1"
"\x68\x00\x81\x23\x00\x94\x8d\x45\x00\x81\x30\x8c\x45\x0c\xc3\x30"
"\xd0\x50\x08\x94\x8d\x45\x10\x04\x41\xd0\x50\x04\x44\x14\x46\x81"
"\x14\x0c\x0d\x05\x51\x30\x35\x50\xfe\xff\xff\xff\x1f\x05\x54\x3e"
"\xe5\x40\x41\x0d\x10\x51\x03\xf4\x8d\x00\x90\x38\x02\x00\x00\x00"
"\xe1\x61\x00\x00\x17\x00\x00\x00\x2b\x08\x39\x60\x83\x36\x70\x83"
"\x15\xc4\x1c\xb0\x41\x1b\xb8\xc1\x0a\x82\x0e\xd8\xc0\x0d\xda\x60"
"\x05\x51\x07\x6c\xd0\x06\x6e\xb0\x82\xb0\x03\x36\x68\x03\x37\x58"
"\x41\xdc\x01\x1b\xb8\x41\x1b\xac\x20\xf0\x80\x0d\xda\xc0\x0d\x56"
"\x10\x79\xc0\x06\x6d\xe0\x06\x2b\x08\x3d\x60\x83\x36\x70\x83\x15"
"\xc4\x1e\xb0\x41\x1b\xb8\xc1\x8a\x81\x0f\xd8\xa0\x0d\x56\x0c\x7d"
"\xc0\x06\x6d\x00\x84\x1c\x06\xa2\x02\x40\x89\x38\x10\x83\xf8\x02"
"\x31\x50\xa0\x06\x87\x02\x81\x51\xb0\x06\x88\x02\x81\x51\xc0\x06"
"\x87\x02\x81\x13\x22\x07\x20\x80\x84\x38\x38\x14\x0c\x8c\x02\x39"
"\x40\x14\x08\x8c\x82\x39\x38\x14\x08\x5c\xd8\x21\x18\x84\x1e\x88"
"\x21\x03\x3f\x30\x5f\x30\x04\x2a\x19\x64\x0d\x43\x04\x38\x61\x40"
"\xc5\x40\x04\x89\x30\xa0\x62\x50\x89\xe0\x0c\x84\x01\x15\x03\x4b"
"\x04\x63\x20\x0c\xa8\x20\xa0\xa0\x12\x12\xc1\x07\x20\xb0\x02\x02"
"\x04\xca\x3e\x04\x23\x2e\x10\x34\x83\x04\x41\x40\xc5\x28\x1c\x0a"
"\x0c\x46\x01\x29\x20\x0a\x04\x46\x41\x29\x1c\x0a\x04\x2e\xfe\x10"
"\x0c\x15\x04\x80\x90\x80\x55\x30\x44\x82\x50\xe1\x04\x90\x10\x1c"
"\x0a\xa2\x4d\x13\x2b\xc0\x80\x0c\x2c\xf0\x0d\x42\x30\xa0\x82\xb0"
"\x03\x40\x12\x06\x54\x10\xa4\x00\x90\x81\x30\xa0\x62\xc0\x0b\x40"
"\x11\x92\x90\x0b\x20\x50\x5e\x22\x18\x6a\x18\x24\x2e\x10\xde\x20"
"\x20\x41\x10\xd0\x81\x0b\x87\x02\x84\x51\x90\x0b\x88\x02\x81\x51"
"\xa0\x0b\x87\x02\x81\xcb\x4c\x04\x43\x05\x01\x20\x24\xe0\xe4\x88"
"\x03\x08\x94\x9d\x08\x86\x6a\x06\x89\x0b\x84\x3d\x08\x48\x10\x04"
"\x74\x90\xc3\xa1\x00\x61\x14\x94\x03\xa2\x40\x60\x14\x98\xc3\xa1"
"\x40\xe0\xf2\x13\xc1\x50\x41\x00\x12\x09\xc0\x47\x4c\xc1\x2b\x0e"
"\x3a\x50\xcc\x20\xcb\x0e\x86\x08\x70\xc6\x80\x8a\x81\x28\x12\x63"
"\x40\xc5\x00\x1f\xc5\x19\x18\x03\x2a\x06\xf9\x28\xc6\xc0\x18\x50"
"\x41\x40\x45\x65\x24\xe2\x1d\x40\x60\x05\x04\x08\x14\xb7\x08\x46"
"\x5c\x20\xb4\x82\x41\x82\x20\xa0\xc2\x1e\x0e\x05\x06\xa3\xe0\x1e"
"\x10\x05\x02\xa3\x00\x1f\x0e\x05\x02\x97\xb8\x08\x86\x0a\x02\x40"
"\x48\xc0\x2a\x18\x22\x41\xfb\x70\x02\x48\x08\x0e\x05\xd1\xa6\xe9"
"\x1f\x60\x40\x06\x16\xf8\x0e\x23\x18\x50\x41\xd8\x01\x21\x19\x03"
"\x2a\x08\x55\x20\xc8\xc0\x18\x50\x31\xf8\x08\xa1\x18\x12\x0e\xd2"
"\x00\x7c\x16\x12\x90\xd3\x18\x88\x0a\x00\x55\x6b\x30\x84\x64\x03"
"\x93\x20\x5f\x94\x04\xb2\x0d\x4c\x82\x7c\x8e\x12\xa0\xc1\x24\x34"
"\x22\x10\x0a\xc4\x2d\x03\x2a\x06\x38\x51\xa6\x65\x40\xc5\x05\x23"
"\xca\xb4\x0c\xa8\xb8\x60\x44\x69\x96\x88\x40\x20\x06\x12\x7c\x41"
"\x05\x57\xa4\x62\x25\x4e\x00\x09\xc1\xa1\xc0\xd8\x94\xb4\x04\x04"
"\xa0\xa4\x25\x40\x0a\x0d\xf8\x98\x25\x18\x62\x50\x00\x21\x08\x06"
"\x18\x5a\x10\xf2\x91\xc0\x67\x35\x01\xba\x20\x40\x54\x4c\xa8\x0c"
"\xd0\x02\x7c\x91\x13\x0c\xa8\x18\xcc\xa0\x91\x95\x64\x40\xc5\xc0"
"\x34\xb4\x92\x20\x8c\x26\x14\x75\x01\x8c\x63\xa0\x89\xa1\x2d\xc6"
"\x31\xd0\x44\xe1\x16\x03\x19\x82\x9a\xa0\x89\x14\xd0\xc4\x06\x44"
"\x04\xc2\x27\x06\xee\x19\x50\x31\x48\xce\xf4\x0c\xa8\xc8\x0c\x67"
"\x7a\x06\x54\x64\x8e\xd3\x3c\x11\x81\x40\x0c\x24\x08\x83\x0a\xb2"
"\x48\xc5\x4e\x9c\x00\x12\x82\x43\x81\xb1\x29\xe9\x09\x08\x40\x49"
"\x4f\x80\x14\x24\xf0\x41\x4f\x30\xc4\xa0\x00\x42\x10\x0c\xb4\xd0"
"\x20\x24\xc5\x06\xe0\xb3\xa2\x60\x40\xc7\x00\x32\x08\x2d\x34\x6a"
"\x00\x0d\xe8\x18\x44\x06\xd1\x83\xc6\x80\x06\x74\x0c\xe6\x80\xe0"
"\x41\xc3\x06\x90\x93\x06\x54\x0c\x95\x64\x44\x03\x2a\x86\x48\x32"
"\xa2\x01\x15\xc3\x20\x19\x11\x0a\xf4\x02\xe2\x03\xa1\x0e\x04\x12"
"\x04\x41\x05\x43\xa4\xa3\x2f\x4e\x00\x09\xc1\xa1\x00\xd9\xa4\x84"
"\x06\x0c\xc8\x60\x0f\xc0\x67\x49\x81\x7c\x07\x74\x00\x9f\x45\x05"
"\xea\x1c\x06\x51\xe9\x30\x84\xab\x06\x54\x0c\x04\x95\x54\x03\x2a"
"\x06\xb3\xa1\xce\xa0\x1a\x50\x31\xa0\x0d\x35\x06\xd5\x80\x0a\xc2"
"\x34\xa8\xaa\x4a\x84\x6a\x80\xc0\x0a\x08\x10\x28\x29\x12\x8c\xb8"
"\x40\x40\x0b\x83\x04\x41\x40\x45\x6c\x1c\x0a\x0c\x46\x81\x6c\x20"
"\x0a\x04\x46\xc1\x6c\x1c\x0a\x04\x2e\x2c\x12\x0c\x15\x04\x80\x90"
"\x80\x55\x30\x44\x82\x6c\xe3\x04\x90\x10\x1c\x0a\xa2\x4d\x93\x6e"
"\xc0\x80\x0c\x2c\xf0\x59\x55\x30\xa0\x86\xb0\x8b\x83\x3d\x26\xbb"
"\x80\xec\x82\xb1\x0b\x49\xaa\x06\xd4\x10\x76\x71\x80\xc8\x64\x17"
"\x90\x5d\x30\x76\x21\x91\x41\x35\xa0\x66\xa0\x9d\x83\x76\x26\x5c"
"\x80\x58\x82\xe1\x03\x49\xa9\x92\x70\x1e\x20\x50\x7a\x24\x18\x6a"
"\x18\x24\x2e\x10\xfa\x22\x20\x41\x10\xd0\x61\x1e\x87\x02\x84\x51"
"\x70\x1e\x88\x02\x81\x51\x80\x1e\x87\x02\x81\x4b\x98\x04\x43\x05"
"\x01\x20\x24\xe0\xe4\xc0\x07\x08\x94\x34\x09\x86\x6a\x06\x89\x0b"
"\x84\xd4\x08\x48\x10\x04\x74\xc8\xc7\xa1\x00\x61\x14\xcc\x07\xa2"
"\x40\x60\x14\xd0\xc7\xa1\x40\xe0\xd2\x26\xc1\x50\x41\x00\x12\x09"
"\xc0\x77\x99\x41\xf0\x30\x4d\x34\x14\x33\xc8\x22\x8d\x21\x02\x5c"
"\x36\xa0\x62\x20\xb0\x24\x1b\x50\x31\xb0\x10\x76\x06\xd9\x80\x8a"
"\xc1\x85\xb0\x31\xc8\x06\x54\x10\x10\x56\x65\x89\xe8\x0f\x10\x58"
"\x01\x01\x02\x85\x4f\x82\x11\x17\x08\xbb\x61\x90\x20\x08\xa8\x20"
"\x91\x43\x81\xc1\x28\x28\x11\x44\x81\xc0\x28\x30\x91\x43\x81\xc0"
"\xe5\x4f\x82\xa1\x82\x00\x10\x12\xb0\x0a\x86\x48\x50\x8a\x9c\x00"
"\x12\x82\x43\x41\xb4\x69\x6a\x11\x18\x90\x81\x05\x3e\x2d\x0b\x06"
"\x54\x10\x76\x70\x49\xd9\x80\x0a\x42\x15\x2e\x32\xc8\x06\x54\x0c"
"\x7a\x74\x29\x99\x84\x83\x34\x00\x5f\x1a\x6c\x01\xa9\x95\x81\xa8"
"\x00\x50\xb5\x06\x43\x48\x36\xa0\x11\xf2\x91\x01\x17\xc8\x36\xa0"
"\x11\xf2\x85\x41\x17\xa0\x81\x46\x34\x22\x10\x0a\xc4\x79\x03\x2a"
"\x06\x56\xea\x26\x6f\x40\xc5\xc5\x46\xdd\xe4\x0d\xa8\xb8\xd8\xa8"
"\x6b\xbc\x88\x40\x20\x06\x12\x7c\x41\x05\x57\xa4\x22\x47\x4e\x00"
"\x09\xc1\xa1\xc0\xd8\x94\xec\x08\x04\xa0\x64\x47\x40\x0a\x0d\xf8"
"\x3e\x2f\x18\x62\x50\x00\x21\x08\x06\x98\x9d\x10\xf2\x91\xc0\x97"
"\x06\x60\x10\xa0\x0b\x02\x44\xfd\x88\xca\xc0\x4e\xc0\x47\x06\x61"
"\x10\x0c\xa8\x18\xcc\x00\x0c\xdc\x89\x1b\x50\x31\x30\x60\x00\x4f"
"\x1c\xc2\xc4\x44\x51\x17\xc0\x38\x06\x31\x19\xf6\x64\x1c\x83\x98"
"\x14\x7c\x32\x90\x21\x18\x13\x31\x49\x81\x98\x6c\x40\x44\x20\x7c"
"\x62\xe0\xc4\x60\x40\xc5\x20\x85\xc1\x24\x06\x03\x2a\x32\x23\x0c"
"\x26\x31\x18\x50\x91\x39\x61\xd0\x88\x41\x44\x20\x10\x03\x09\xc2"
"\xa0\x82\x2c\x52\x91\x26\x27\x80\x84\xe0\x50\x60\x6c\x4a\xd6\x04"
"\x02\x50\xb2\x26\x20\x05\x09\x7c\x63\x20\x06\xc1\x10\x83\x02\x08"
"\x41\x30\xd0\x5e\x85\x90\x14\x1b\x80\x2f\x0d\xc8\x20\x18\xd0\x31"
"\xf0\xd4\x46\x0b\x60\xa0\x06\x63\x30\xa0\x63\xf0\xa9\x4d\x0f\xc0"
"\xc0\x18\x83\x01\x1d\x83\x39\x6c\x78\x00\x06\x6c\x30\x06\xae\x0c"
"\x06\x54\x0c\x55\x19\x18\x64\x30\xa0\x62\x88\xca\xc0\x20\x83\x01"
"\x15\xc3\x50\x06\x06\x19\xa0\x00\x55\x20\x3e\x10\xea\x40\x20\x41"
"\x10\x54\x30\x44\x3a\x56\xe5\x04\x90\x10\x1c\x0a\x90\x4d\xca\xab"
"\xc0\x80\x0c\xf6\x00\x7c\x69\x50\x06\x81\x7c\x07\x74\x00\x5f\x1a"
"\x9c\x41\xa0\xce\x61\x10\x95\x0e\x43\x38\x34\x18\x50\x31\x10\x67"
"\x90\xa0\xc1\x80\x8a\x41\xb4\xce\xe0\x0c\xd0\x60\x40\xc5\x40\x5a"
"\x67\x30\x06\x68\x30\xa0\x82\x30\x8d\x33\xa8\xd0\x20\x11\xb8\x02"
"\x02\x2b\x20\x40\xa0\xdc\x4c\x30\xe2\x02\xc1\x4e\x0c\x12\x04\x01"
"\x15\xbf\x72\x28\x30\x18\x05\xe0\x82\x28\x10\x18\x05\xe1\x72\x28"
"\x10\xb8\xe8\x4c\x30\x54\x10\x00\x42\x02\x56\xc1\x10\x09\x22\x97"
"\x13\x40\x42\x70\x28\x88\x36\x4d\xe8\x02\x03\x32\xb0\xc0\x97\x06"
"\x68\x10\x0c\xa8\x21\xec\x42\x63\x0f\x33\xb0\x8b\x31\xb0\x8b\xcf"
"\x2e\xca\x40\x42\x83\x01\x35\x84\x5d\x68\x20\x62\x06\x76\x31\x06"
"\x76\xf1\xd9\x45\x19\x90\x01\x1a\x0c\xa8\x19\xe0\x4b\x83\x2f\x33"
"\xc0\x85\x31\x60\x89\x8f\x0f\xca\x40\x41\x03\x25\x0c\x92\x02\x77"
"\x01\x81\x15\x10\x20\x50\xda\x26\x18\x71\x81\xc0\x2a\x03\x09\x82"
"\x80\x90\x7a\x39\x14\x24\x8c\x02\x7b\x41\x14\x08\x8c\x82\x7b\x39"
"\x14\x08\x5c\xe0\x26\x18\x69\x21\x17\x10\x58\x01\x01\x02\xe5\x6e"
"\x82\x11\x17\x08\xb6\xc2\x90\x20\x08\xa8\xf8\x97\x43\x81\xc1\x28"
"\x00\x19\x44\x81\xc0\x28\x08\x99\x43\x81\xc0\x45\x6f\x82\x91\xaa"
"\x90\x01\x81\x15\x10\x20\x50\x42\x27\x18\x71\x81\x00\x2e\x0c\x09"
"\x82\x80\x8a\x94\x39\x14\x18\x8c\x02\x95\x41\x14\x08\x8c\x82\x95"
"\x39\x14\x08\x5c\x48\x27\x18\x28\x0c\x66\x06\x8a\xea\x04\x23\x2e"
"\x10\xd2\x65\x21\x41\x10\x10\x21\x33\x87\x82\x82\x51\x30\x33\x88"
"\x02\x81\x51\x40\x33\x87\x02\x81\x4b\xeb\x04\x43\x25\x83\xa4\xc0"
"\x66\x40\x60\x05\x04\x08\x94\xda\x09\x46\x5c\x20\xd0\xcb\x40\x82"
"\x20\x20\xa3\x67\x0e\x05\x07\xa3\xc0\x67\x10\x05\x02\xa3\xe0\x67"
"\x0e\x05\x02\x17\xdc\x09\x46\x5a\x58\x06\x04\x56\x40\x80\x40\xf9"
"\x9d\x60\xc4\x05\x82\xbf\x30\x24\x08\x02\x2a\xce\xe6\x50\x60\x30"
"\x0a\xd0\x06\x51\x20\x30\x0a\xd2\xe6\x50\x20\x70\x11\x9f\x60\xa4"
"\x2a\x6d\x40\x60\x05\x04\x08\x94\xf4\x09\x46\x5c\x20\xa0\x0c\x43"
"\x82\x20\xa0\x22\x6e\x0e\x05\x06\xa3\x40\x6e\x10\x05\x02\xa3\x60"
"\x6e\x0e\x05\x02\x17\xf6\x09\x06\x4a\x05\xbd\x81\x22\x3f\xc1\x88"
"\x0b\x84\x98\x59\x48\x10\x04\x44\xe8\xcd\xa1\xa0\x60\x14\xec\x0d"
"\xa2\x40\x60\x14\xf0\xcd\xa1\x40\x60\x14\x80\xce\xa1\x40\x60\x14"
"\x84\x0e\xa2\x40\x60\x14\x88\xce\xa1\x40\x60\x14\x98\xce\xa1\x40"
"\x60\x14\x9c\x0e\xa2\x40\x60\x14\xa0\xce\xa1\x40\x60\x14\xb0\xce"
"\xa1\x40\x60\x14\xb4\x0e\xa2\x40\x60\x14\xb8\xce\xa1\x40\x60\x14"
"\xc8\xce\xa1\x40\x60\x14\xcc\x0e\xa2\x40\x60\x14\xd0\xce\xa1\x40"
"\x60\xa4\x0e\xa0\x03\xc5\x85\x84\xa1\x82\x41\x52\x70\x3b\x20\xb0"
"\x02\x02\x04\x8a\x0d\x05\x23\x2e\x10\xea\x66\x20\x41\x10\xd0\xe1"
"\x3b\x87\x02\x84\x51\xf0\x3b\x88\x02\x81\x51\x00\x3e\x87\x02\x81"
"\x4b\x0e\x05\x43\x05\x01\x20\x24\x60\x15\x10\x91\x1c\xd8\x01\x81"
"\x15\x10\x20\x50\xc6\x28\x18\x71\x81\x20\x3a\x0f\x09\x82\x80\x90"
"\xf5\x39\x14\x24\x8c\x02\xf6\x41\x14\x08\x8c\x82\xf6\x39\x14\x08"
"\x5c\xcc\x28\x18\x2a\x08\x00\x21\x01\xab\x80\x88\x14\xdc\xcf\x0d"
"\xa4\xe0\xd9\x80\xd4\xc9\x0f\x08\xac\x80\x00\x81\x22\x47\xc1\x88"
"\x0b\x84\xd8\x89\x48\x10\x04\xa4\xe8\xcf\xa1\x60\x61\x14\xec\x0f"
"\xa2\x40\x60\x14\xf0\xcf\xa1\x40\xe0\x52\x47\xc1\x50\x41\x00\x08"
"\x09\x58\x05\x44\xa4\x40\x7d\x6e\x20\x05\xcf\x06\xa0\x9b\x60\x1f"
"\x28\xa0\x14\x8c\xb8\x40\xf8\x1d\x88\x04\x41\x40\x09\x0a\x1d\x0a"
"\x14\x46\x41\x0a\x21\x0a\x04\x46\x81\x0a\x1d\x0a\x04\x2e\xa3\x14"
"\x0c\x15\x04\x80\x90\x80\x55\x40\x44\x0a\xee\xe7\x02\x52\xe0\x6c"
"\x80\x8a\x87\x00\x10\x3e\x04\xac\x82\x21\x94\x3a\x04\x80\xe2\x21"
"\x60\x15\x0c\x91\x02\xff\xb9\x81\x14\x14\x1b\xa0\xca\x21\x00\xc4"
"\x0e\x01\xab\x60\x88\x14\xcc\xd0\x0d\xa4\xa0\xd8\x00\x15\x0e\x01"
"\x20\x74\x08\x58\x05\x43\xa4\xe0\x84\x6e\x20\x05\xc5\x06\xa8\xb5"
"\x08\x00\xc9\x45\xc0\x2a\x18\x42\x91\x45\x00\x68\x2d\x02\x56\xc1"
"\x10\x29\x80\xa1\x1b\x48\x41\xb1\x01\xea\x27\x02\x40\x66\x11\xb0"
"\x0a\x86\x48\x41\x19\xdd\x40\x0a\x8a\x0d\x50\x3b\x11\x00\x12\x8b"
"\x80\x55\x30\x44\x0a\x72\xe8\x06\x52\x50\x6c\xc0\x0a\x08\x08\x90"
"\x66\xe0\x47\xe0\x63\x03\x35\x08\x08\x3e\x0d\x04\x05\xe7\x03\xb2"
"\x20\x25\x50\x09\x80\x26\xa4\xd9\x80\x14\x4c\x1b\x90\x02\x6c\x03"
"\x52\x30\x46\x20\xa0\x1c\x22\x52\x80\x46\x17\xa0\x2a\x22\x52\xb0"
"\x46\x37\x90\x86\x60\x03\x54\x47\x44\x0a\x54\xe9\x06\xd2\x10\x6c"
"\x80\x1a\x03\x22\x92\x10\x6c\x80\xc2\x88\x48\x81\x1c\x5d\x80\xfa"
"\x88\x48\x41\x1d\xdd\x40\x1a\x82\x0d\x50\x67\x40\x44\x0a\x68\xe9"
"\x06\xd2\x10\x6c\x80\x6a\x03\x22\x92\x10\x6c\x40\x02\x83\x32\xd8"
"\x80\x14\xac\xc1\x06\xa4\x00\x0e\x36\x20\x05\x7b\x04\x02\xca\x0c"
"\x88\x48\x01\x28\x5d\x80\x6a\x03\x22\x52\x30\x4a\x37\x90\x86\x60"
"\x03\x54\x1d\x10\x91\x02\x71\xba\x81\x34\x04\x1b\xa0\xf6\x80\x88"
"\x24\x04\x1b\x90\xdc\x60\x0e\x36\x20\x05\x79\xb0\x01\x29\xf0\x83"
"\x0d\x98\xc1\x2a\x91\x01\xea\x21\x40\x42\xaa\x24\x4e\x42\x95\xc8"
"\x00\x34\x0a\xaa\xa4\xc9\x08\x62\x40\x0a\xf5\x04\xce\x41\x96\xc8"
"\x00\x74\x0a\xad\xa4\x49\x09\x42\x40\x0a\xf9\x04\x4e\xcd\x96\xc8"
"\x00\x25\x07\x04\xc8\x39\xa8\x25\x71\x76\xb5\x44\x06\x20\x57\xa8"
"\x25\x4d\x5f\x10\x03\x52\x00\x29\x70\x0e\xbd\x44\x06\x20\x59\xc0"
"\x25\x4d\x63\x10\x84\x80\x14\x48\x0a\x74\x6b\x30\xa0\x82\x20\xd1"
"\x40\x0d\x7e\xc4\x14\xd0\x16\x08\x52\x03\x41\x54\x30\x04\xb2\x03"
"\x42\xc8\x5f\x0d\x44\x05\x80\x92\xbe\x22\x06\xc9\x2b\x62\x28\x61"
"\x90\x14\x8c\x14\x08\xac\x80\x00\x81\x22\x5a\xc1\x88\x0b\x04\x63"
"\x20\x41\x10\x90\xa1\x52\x87\x82\x83\x51\xb0\x52\x88\x02\x81\x51"
"\xc0\x52\x87\x02\x81\x4b\x69\x05\x23\x2d\xf9\x04\x02\x2b\x20\x40"
"\xa0\xb0\x56\x30\xe2\x02\x01\x62\x48\x10\x04\x54\xd0\xd4\xa1\xc0"
"\x60\x14\xd4\x14\xa2\x40\x60\x14\xd8\xd4\xa1\x40\xe0\xf2\x5a\xc1"
"\x48\x95\x4d\x81\xc0\x0a\x08\x10\x28\xb6\x15\x8c\xb8\x40\xd0\x18"
"\x12\x04\x01\x15\x3e\x75\x28\x30\x18\x05\x3f\x85\x28\x10\x18\x05"
"\x60\x75\x28\x10\xb8\xe4\x56\x30\x50\x18\xa0\x15\x94\xdf\x0a\x46"
"\x5c\x20\x8c\xc1\x42\x82\x20\x20\xe2\xac\x0e\x05\x05\xa3\x00\xad"
"\x10\x05\x02\xa3\x20\xad\x0e\x05\x02\x17\xf1\x0a\x86\x0a\x02\x40"
"\x48\xc0\x32\x68\x29\xf3\xe1\x41\x1b\x04\xec\x99\x82\x1b\xd4\x03"
"\xa2\x83\x7c\x90\xf7\x06\x70\xb0\x0a\x03\x4a\x06\x7a\x0d\xdc\x80"
"\x5e\x03\x38\x60\x09\x3a\x20\x89\x3b\x70\xa5\x80\xea\xe0\xa5\x58"
"\x06\xac\x40\xa2\x80\x15\xf6\xbd\x41\x1c\x04\xaf\x0e\xe4\x80\x15"
"\x06\x54\x0c\x8d\x1c\xf0\x6b\x10\x07\x2a\x20\x00\x1d\x01\xa8\x60"
"\x88\xf8\x40\xe8\x87\x20\x3e\x10\x82\xb7\x2a\xc2\x4d\x85\x12\xdc"
"\x54\x48\x06\x4f\x41\x80\x0c\x62\x01\x7c\x73\x20\x07\xc1\x33\x05"
"\x3a\x88\x85\xf7\x06\x75\x00\x0b\x03\x2a\x06\xb2\xa0\x03\x96\x0d"
"\xe2\xc0\xd9\xc1\x80\x8a\x41\xa8\x83\xc5\x0e\x54\x40\x00\x82\x02"
"\x50\xc1\x10\xf1\x81\x60\x12\x41\x09\x7c\x2a\xa4\x02\xad\x20\x40"
"\x06\xb5\x00\xbe\x3b\xb0\x83\xe0\x99\xc2\x1b\xd4\xc2\x33\x85\x3c"
"\x50\x89\x75\x0d\x11\x90\x02\xb5\xba\x01\x45\x06\x01\xa0\x35\x08"
"\x58\x05\x43\xa4\xe0\xaf\x6e\x40\xc9\x41\x00\x28\x0f\x02\x56\xc1"
"\x10\x29\x98\xab\x1b\x50\xa0\x10\x00\x3a\x85\x80\x55\x30\x44\x22"
"\x82\x0d\x48\x49\xb0\x01\xc9\x09\x36\x60\x06\x71\x41\x06\x8c\x6e"
"\xf8\x2d\xb9\x08\xd2\x10\xc4\x40\x0a\xc4\x42\x06\x50\xb0\x57\x3a"
"\xba\x21\x7f\xd6\xa5\x40\x42\x00\x2a\x00\x14\x85\x83\x59\xc8\x1b"
"\x05\x3d\x68\x07\xe4\x0b\x7b\xc5\x32\x68\x07\x12\x05\xed\xb0\x6f"
"\x14\xf6\x20\x40\x67\x21\x0e\x80\x82\x23\x64\x40\x5a\xe4\x1b\x05"
"\x3e\x08\x1e\x28\xf4\x01\x3c\x0c\xa8\x18\xaa\x3e\xd0\xdd\x80\x0f"
"\x54\x40\x40\x7c\x20\x28\x42\x7c\x20\x04\xbc\x45\x84\x2f\x10\xe1"
"\x0b\xa8\x29\x40\x05\x43\xc4\x07\x02\x5c\x04\xf1\x81\x10\x88\x57"
"\x11\x8c\x50\x82\x22\x24\xe5\xb5\x20\x40\x06\xf9\x00\x3e\x3f\xe8"
"\x83\xe0\x99\xc2\x1f\xe4\xc3\x1b\x05\x50\xc0\x87\x01\x15\x03\x7d"
"\xfc\x81\xfc\x06\x7c\xe0\x42\x61\x40\xc5\x20\x80\xc2\x13\x0a\x2a"
"\x20\x20\x3e\x10\x2e\x81\x04\x62\x40\xd8\x00\x2a\x18\x22\x3e\x10"
"\xf6\x22\x28\x01\x11\xd2\xd1\x5b\x10\x20\x83\x7f\x00\x9f\x28\x84"
"\x42\xf0\x4c\x61\x14\xfe\x61\x40\xcb\x60\xc2\x41\x1e\x98\x70\xa0"
"\x07\x26\x1c\xec\x01\x8a\xfc\x01\x88\x88\x82\x23\x85\x01\x15\xc3"
"\x43\x0a\xc2\x28\xc4\x07\x02\x18\x04\x24\x08\xc2\x1a\x08\x08\x40"
"\x62\x10\x80\x0a\x86\x88\x0f\x84\xd2\x08\x4a\x50\x84\x74\xfc\x17"
"\x0c\xc8\xa0\x35\xc0\x67\x0a\xa4\x10\x0c\xa8\x18\x96\x52\x30\x8b"
"\x37\x58\x01\x01\x01\xc8\x16\x02\x50\xc1\x10\xf1\x81\xc0\x1a\x41"
"\x09\x62\x2c\xa4\xc2\xc4\x60\x40\x06\xb4\x01\x3e\x53\x28\x85\x20"
"\xbd\x04\x8c\x41\x80\x0c\xf4\x03\x7c\x6c\xb0\x06\x41\x80\x18\x00"
"\xaa\x00\x00\x00\x5b\x06\x20\x38\x83\x2d\x83\x10\xa4\xc1\x96\x61"
"\x08\xd2\x60\xcb\x10\x05\x69\xb0\x65\x90\x82\x34\xd8\x32\x78\x41"
"\x1a\x6c\x19\xc0\x20\x50\x83\x2d\xc3\x19\x04\x69\xb0\x65\x80\x03"
"\xa9\xda\x32\xd4\x41\x90\x06\x5b\x06\x3c\x08\xd4\x60\xcb\xf0\x07"
"\x41\x1a\x6c\x19\x46\x21\x48\x83\x2d\x83\x29\x04\x6a\xb0\x65\x68"
"\x85\x20\x0d\xb6\x0c\xbb\x10\xa4\xc1\x96\xa1\x17\x02\x35\xd8\x32"
"\x90\x43\x90\x06\x5b\x86\x76\x90\xaa\x2d\xc3\x3c\x04\x67\xb0\x65"
"\x08\x89\x40\x0d\xb6\x0c\x29\x21\xc5\xc1\x96\xe1\x27\x02\x35\xd8"
"\x32\x9c\x85\x24\x07\x5b\x06\xba\x08\xd4\x60\xcb\xb0\x17\xd2\x1c"
"\x6c\x19\x4e\x23\x48\x83\x2d\x43\x6a\x04\x6a\xb0\x65\x80\x8d\x20"
"\x0d\xb6\x0c\xb9\x21\x55\x5b\x06\xdf\x08\xd2\x60\xcb\x10\x1e\x81"
"\x1a\x6c\x19\xd0\x23\x48\x83\x2d\x03\x7b\x04\x69\xb0\x65\x78\x8f"
"\x40\x0d\xb6\x0c\xf6\x11\xa4\xc1\x96\x81\x44\x82\x34\xd8\x32\x98"
"\x48\xa0\x06\x5b\x86\x16\x09\xd2\x60\xcb\x60\x23\x52\xb5\x65\xe0"
"\x91\xe0\x0c\xb6\x0c\x6a\x12\xa8\xc1\x96\x41\x4e\x24\x3a\xd8\x32"
"\xa0\x4a\xa0\x06\x5b\x06\x58\x91\xea\x60\xcb\xd0\x2b\x81\x1a\x6c"
"\x19\xc8\x45\xb2\x83\x2d\x03\xbc\x04\x69\xb0\x65\x90\x97\x40\x0d"
"\xb6\x0c\xf9\x12\xa4\xc1\x96\x41\x64\xa4\x6a\xcb\x90\x32\x41\x1a"
"\x6c\x19\x56\x26\x50\x83\x2d\x83\xcc\x04\x69\xb0\x65\xa8\x99\x20"
"\x0d\xb6\x0c\x37\x13\xa8\xc1\x96\xc1\x67\x82\x34\xd8\x32\x84\x4d"
"\x90\x06\x5b\x86\xb1\x09\xd4\x60\xcb\xa0\x36\x41\x1a\x6c\x19\xd8"
"\x26\x48\x83\x2d\x83\xdb\x04\x6a\xb0\x65\xa8\x9b\x20\x0d\xb6\x0c"
"\x79\x13\xa4\xc1\x96\x61\x6f\x02\x35\xd8\x32\x88\x4e\x90\x06\x5b"
"\x86\xd2\x09\xd2\x60\xcb\x70\x3a\x81\x1a\x6c\x19\x5c\x27\x48\x83"
"\x2d\x43\xec\x04\x69\xb0\x65\x98\x9d\x40\x0d\xb6\x0c\xba\x13\xa4"
"\xc1\x96\x81\x77\x82\x34\xd8\x32\xf8\x4e\xa0\x06\x5b\x06\xff\x09"
"\xd2\x60\xcb\x20\x42\x41\x1a\x6c\x19\x48\x28\x50\x83\x2d\xc3\x0a"
"\x05\x69\xb0\x65\x88\xa1\x20\x0d\xb6\x0c\x33\x14\xa8\xc1\x96\x41"
"\x87\x82\x34\xd8\x32\x88\x51\x90\x06\x5b\x06\x32\x0a\xd4\x60\xcb"
"\xb0\x46\x41\x1a\x6c\x19\xe4\x28\x48\x83\x2d\x03\x1d\x05\x6a\xb0"
"\x65\xd8\xa3\x20\x0d\xb6\x0c\xe8\x14\x9c\xc1\x96\x21\xae\x82\x33"
"\xd8\x32\xcc\x55\x90\x06\x5b\x06\xba\x0a\xd2\x60\xcb\x80\x57\x41"
"\x1a\x6c\x19\xf4\x2a\x50\x83\x2d\x43\x68\x05\x69\xb0\x65\x20\xad"
"\x20\x0d\xb6\x0c\xa6\x15\xa8\xc1\x96\xa1\xb5\x82\x34\xd8\x32\xc0"
"\x56\x90\x06\x5b\x06\xd9\x0a\xd4\x60\xcb\x90\x5b\x41\x1a\x6c\x19"
"\x76\x2b\x48\x83\x2d\x43\x6f\x05\x6a\xb0\x65\x20\xaf\x20\x0d\xb6"
"\x0c\xfa\x15\xa8\xc1\x96\x61\xbf\x02\x35\xd8\x32\xf8\x97\x74\x07"
"\x5b\x06\x14\x0b\xd4\x60\xcb\xb0\x62\x12\x1e\x6c\x19\xea\x2c\x50"
"\x83\x2d\x83\x9d\x05\x6a\xb0\x65\xd8\xb3\x40\x0d\xb6\x0c\x7c\x16"
"\xa8\xc1\x96\xe1\xcf\xa4\x3c\xd8\x32\x9c\x5a\xa0\x06\x5b\x86\x55"
"\x0b\xd4\x60\xcb\xe0\x6a\x92\x1e\x6c\x19\x68\x2d\x50\x83\x2d\x43"
"\xae\x05\x6a\xb0\x65\xe0\x35\x69\x0f\xb6\x0c\xe2\x16\xa8\xc1\x96"
"\xa1\xdc\x24\x3e\xd8\x32\xa0\x9b\xc4\x01\x00\x00\x41\x62\x00\x00"
"\xa6\x00\x00\x00\x0b\x86\x00\x50\xb5\x05\x43\x00\x94\xda\x82\x21"
"\x00\x46\x6d\x01\x21\x00\x01\x9f\x2d\x18\x02\x20\xcf\x16\x0c\x01"
"\xf0\x66\x0b\x08\x01\x08\x7c\x6c\x01\x21\x00\x41\x8f\x2d\x18\x02"
"\xc0\xc6\x16\x0c\x01\x40\x62\x0b\x86\x00\xe0\xaf\x05\x84\x00\x04"
"\xf1\xb5\x60\x08\x80\xf7\x5a\x50\x08\x40\x30\x90\xd7\x82\x42\x00"
"\x82\x41\xb7\x16\x14\x02\x10\x0c\xb0\xb5\xa0\x00\x82\x41\x30\xad"
"\x05\x43\x00\x94\xd6\x82\x63\x28\x08\x21\x00\xfa\x6a\xc1\x10\x00"
"\x70\xb5\x80\x08\x04\x80\xad\x16\x14\x83\x10\x00\x66\xb5\xc0\x18"
"\x84\x00\x20\x70\x6a\xc1\x51\x10\xc2\x00\x04\xfd\xb4\x60\x08\x00"
"\x7e\x5a\x30\x04\x00\x3e\x2d\x30\x84\x00\x18\x88\x7b\x5a\x30\x04"
"\xc0\x2c\x2d\x28\x80\x60\x10\x74\x68\x01\x11\x00\x02\x0e\x2d\x20"
"\x04\x20\x00\xa1\x05\x85\x00\x04\xc3\xfd\x2c\x28\x04\x20\x18\xda"
"\x67\x41\x21\x00\xc1\x30\x3e\x0b\x0a\x20\x18\x84\xdc\x59\x50\x08"
"\x40\x30\xe0\xce\x82\x21\x00\x60\x67\x41\x21\x00\xc1\xf0\x3a\x0b"
"\x0a\x01\x08\x86\xd2\x59\x50\x08\x40\x30\xec\xcd\x82\x02\x08\x06"
"\x21\x6e\x16\x14\x80\x30\x04\x65\xb3\x60\x08\x80\x9c\x59\x30\x04"
"\xc0\xcc\x2c\x18\x02\x60\x65\x16\x0c\x01\x90\x32\x0b\x86\x00\x08"
"\x99\x05\x43\x00\xe0\xcb\x82\x02\x18\x84\x20\x5e\x16\x0c\x01\x70"
"\x2e\x0b\x86\x00\xf0\x95\x05\x06\x30\x10\x42\xc0\x2b\x0b\x8e\x62"
"\x00\x02\x42\xc8\x95\x05\x84\x00\x04\xb8\xb2\xc0\x00\x02\x62\x10"
"\x6a\x65\x41\x01\x08\x43\xa0\x2a\x0b\x86\x00\xf0\x93\x05\x07\x20"
"\x0c\x01\x51\xe0\xc9\x02\x03\x18\x02\x81\x78\x93\x05\xc5\x00\x04"
"\x82\x9b\x2c\x20\x02\x40\x68\x93\x05\x45\x00\x08\x03\x9b\x2c\x20"
"\x02\x40\x30\x93\x05\x84\x10\x00\x61\xb2\x60\x08\x00\x30\x59\x50"
"\x00\xc2\x10\xdc\xc8\x82\x21\x00\x56\x64\xc1\x10\x00\x25\xb2\x60"
"\x08\x80\xfe\x58\x30\x04\xc0\x7e\x2c\x18\x02\x60\x3e\x16\x0c\x01"
"\xa0\x1e\x0b\x0a\x60\x10\x82\xf1\x58\x30\x04\x40\x6e\x2c\x18\x02"
"\x00\x36\x16\x18\xc0\x40\x08\x81\x6b\x2c\x38\x8a\x01\x08\x08\x61"
"\x35\x16\x10\x02\x10\xa8\xc6\x02\x03\x08\x88\x41\x38\x8d\x05\x05"
"\x20\x0c\x01\x5f\x2c\x18\x02\x00\x2e\x16\x1c\x80\x30\x04\x44\xa1"
"\x16\x0b\x0c\x60\x08\x04\x22\x2c\x16\x14\x03\x10\x08\x60\xb1\x80"
"\x08\x00\xe1\x27\x16\x14\x01\x20\x0c\x3e\xb1\x80\x08\x00\x01\x27"
"\x16\x10\x42\x00\xcc\xc4\x82\x21\x00\x64\x62\x41\x01\x08\x43\x90"
"\x12\x0b\x86\x00\xe8\x87\x05\x44\x00\x08\xf7\xb0\x60\x08\x00\x78"
"\x58\x60\x01\x81\xb0\x0c\x44\xc1\x18\x07\xd2\x28\xce\x03\x25\x91"
"\x34\x51\xe8\x30\x21\x01\x82\x82\x38\x06\xc1\x30\x85\x09\x43\x00"
"\x94\xc2\x84\x21\x00\x48\x61\x82\x11\x00\xc2\x40\x8c\xc2\x84\x21"
"\x00\xfa\x60\xc2\x10\x00\x72\x30\xa1\x08\x00\x61\x78\x83\x09\x43"
"\x00\xac\xc1\x84\x03\x20\x82\x41\x28\xd2\x60\xc2\x10\x00\x68\x30"
"\x61\x08\x80\x32\x98\x40\x04\x80\x40\x06\x13\x86\x00\xc8\x26\x1c"
"\x00\x11\x0c\x42\x61\x4d\x18\x02\xa0\x9a\x30\x04\x80\x34\x81\x08"
"\x00\x21\x9a\x30\x04\x80\x31\x61\x08\x00\x01\x00\x00\x00\x00\x00"
"\x61\x28\x00\x00\x79\x01\x00\x00\x23\x08\xb4\xb0\x40\x00\x00\x00"
"\x1d\x00\x00\x00\x44\x94\x46\x89\x94\x02\x0d\x25\x50\x06\x14\x14"
"\x42\x81\xd0\x50\xe0\x03\x74\x8d\x05\x01\x81\x30\x10\x85\x71\x20"
"\x89\xb2\x30\x8d\xf3\x8c\x00\x8c\x05\x0d\xc3\x30\x0c\xc3\x30\x0c"
"\xc3\x30\x0c\xc3\x30\xd0\x50\x20\x74\x8d\x05\x41\x10\x04\x41\x10"
"\x04\x41\x10\x04\x41\x10\x04\xd1\x50\x18\x85\x3f\x30\x1a\x40\xd9"
"\x1c\x04\x2c\xe0\x01\x1e\xe0\xc1\x68\x00\x81\x23\x00\x94\x8d\x45"
"\x00\x81\x30\x8c\x45\x0c\xc3\x30\xd0\x50\x08\x94\x8d\x45\x10\x04"
"\x41\xd0\x50\x10\x00\x00\x00\x00\xe1\x61\x00\x00\x06\x00\x00\x00"
"\x2b\x08\x39\x60\x83\x36\x70\x83\x15\xc4\x1c\xb0\x41\x1b\xb8\xc1"
"\x0a\x82\x0e\xd8\xc0\x0d\xda\x00\xc4\x16\x06\xa2\x02\x40\x09\x2d"
"\x10\x23\x05\x60\x00\x02\xc5\x16\x82\xa1\x84\x41\xe2\x02\x81\x08"
"\x48\x10\x04\x42\x0b\xc4\x40\x01\x18\x1c\x0a\x04\x46\x41\x18\x20"
"\x0a\x04\x46\x81\x18\x1c\x0a\x04\x56\x41\x00\x28\x09\x38\x39\x6a"
"\x00\x02\x88\x48\x83\x43\x41\xc1\x28\x50\x03\x44\x81\xc0\x28\x58"
"\x83\x43\x81\xc0\x85\x1c\x82\x41\xd8\x81\x18\x32\xb0\x03\xf3\x05"
"\x43\xa0\x92\x41\xd6\x30\x44\x80\x13\x06\x54\x0c\x44\x90\x08\x03"
"\x2a\x06\x7d\x08\xce\x40\x18\x50\x31\xf0\x43\x30\x06\xc2\x80\x0a"
"\x02\x0a\x2a\x21\x11\x74\x00\x02\x2b\x20\x40\xa0\xcc\x43\x30\xe2"
"\x02\x01\x0c\x0c\x12\x04\x01\x15\x7b\x70\x28\x30\x18\x05\x7c\x80"
"\x28\x10\x18\x05\x7d\x70\x28\x10\xb8\xd8\x43\x30\x54\x10\x00\x42"
"\x02\x56\xc1\x10\x09\x02\x85\x13\x40\x42\x70\x28\x88\x36\x4d\xa4"
"\x00\x03\x32\xb0\xc0\x37\x08\xc1\x80\x0a\xc2\x0e\x00\x49\x18\x50"
"\x41\x90\x02\x40\x06\xc2\x80\x8a\x01\x2d\x00\x45\x48\x42\x2c\x80"
"\x40\x39\x89\x60\xa8\x61\x90\xb8\x40\xa8\x83\x80\x04\x41\x40\x07"
"\x2c\x1c\x0a\x10\x46\x41\x2c\x20\x0a\x04\x46\x81\x2c\x1c\x0a\x04"
"\x2e\x2b\x11\x0c\x15\x04\x80\x90\x80\x93\xa3\x0b\x20\x50\x66\x22"
"\x18\xaa\x19\x24\x2e\x10\x42\x21\x20\x41\x10\xd0\xc1\x0b\x87\x02"
"\x84\x51\xd0\x0b\x88\x02\x81\x51\xe0\x0b\x87\x02\x81\xcb\x4d\x04"
"\x43\x05\x01\x48\x24\x00\x1f\x31\x05\xaf\x38\xe8\x40\x31\x83\x2c"
"\x3b\x18\x22\xc0\x19\x03\x2a\x06\xa2\x48\x8c\x01\x15\x03\x78\x14"
"\x67\x60\x0c\xa8\x18\xc4\xa3\x18\x03\x63\x40\x05\x01\x15\x95\x91"
"\x88\x73\x00\x81\x15\x10\x20\x50\xcc\x22\x18\x71\x81\x30\x0b\x06"
"\x09\x82\x80\x0a\x77\x38\x14\x18\x8c\x82\x77\x40\x14\x08\x8c\x02"
"\x78\x38\x14\x08\x5c\xd2\x22\x18\x2a\x08\x00\x21\x01\xab\x60\x88"
"\x04\xcd\xc3\x09\x20\x21\x38\x14\x44\x9b\xa6\x7b\x80\x01\x19\x58"
"\xe0\x3b\x8c\x60\x40\xc5\xa0\x22\x84\x61\x48\x37\x38\x03\xf0\x59"
"\x48\x40\xfa\x62\x20\x2a\x00\x54\xa5\xc1\x10\x52\x0d\xf8\x81\x7c"
"\x51\x12\xc8\x35\xe0\x07\xf2\x39\x4a\x80\x06\x7e\xd0\x88\x40\x28"
"\x10\xb7\x0c\xa8\x18\x78\x44\x99\x96\x01\x15\x17\x7f\x28\xd3\x32"
"\xa0\xe2\xe2\x0f\xa5\x59\x22\x02\x81\x18\x48\xf0\x05\x15\x5c\x91"
"\x8a\x90\x38\x01\x24\x04\x87\x02\x63\x53\x32\x12\x10\x80\x92\x91"
"\x00\x29\x34\xe0\x63\x96\x60\x88\x41\x01\x84\x20\x18\x60\x3e\x41"
"\xc8\x47\x02\x9f\xd5\x04\xe8\x82\x00\x51\x27\xa1\x32\xf0\x09\xf0"
"\x45\x4e\x30\xa0\x62\x30\x83\xc6\x4f\x92\x01\x15\x03\xd3\x80\x4a"
"\x82\x30\x95\x50\xd4\x05\x30\x8e\x41\x25\x86\xb1\x18\xc7\xa0\x12"
"\x05\x59\x0c\x64\x08\x56\x42\x25\x52\xa0\x12\x1b\x10\x11\x08\x9f"
"\x18\xb8\x67\x40\xc5\x20\x39\xd3\x33\xa0\x22\x33\x9c\xe9\x19\x50"
"\x91\x39\x4e\xf3\x44\x04\x02\x31\x90\x20\x0c\x2a\xc8\x22\x15\x31"
"\x71\x02\x48\x08\x0e\x05\xc6\xa6\x64\x26\x20\x00\x25\x33\x01\x52"
"\x90\xc0\x07\x3d\xc1\x10\x83\x02\x08\x41\x30\xd0\xee\x82\x90\x14"
"\x1b\x80\xcf\x8a\x82\x01\x1d\x03\xbb\x20\xb4\xd0\xa8\x01\x34\xa0"
"\x63\x70\x17\x44\x0f\x1a\x03\x1a\xd0\x31\x98\x03\x82\x07\x0d\x1b"
"\x40\x4e\x1a\x50\x31\x54\x92\x11\x0d\xa8\x18\x22\xc9\x88\x06\x54"
"\x0c\x83\x64\x44\x28\x80\x0b\x88\x0f\x84\x3a\x10\x48\x10\x04\x15"
"\x0c\x91\x8e\xb9\x38\x01\x24\x04\x87\x02\x64\x93\x72\x17\x30\x20"
"\x83\x3d\x00\x9f\x25\x05\xb2\x1d\xcc\x01\x7c\x16\x15\xa8\x72\x18"
"\x44\x9d\xc3\x10\xae\x1a\x50\x31\x10\x54\x52\x0d\xa8\x18\x64\x86"
"\x3a\x83\x6a\x40\xc5\x40\x33\xd4\x18\x54\x03\x2a\x08\xd1\xa0\xaa"
"\x2a\x11\xa0\x01\x02\x2b\x20\x40\xa0\xfc\x47\x30\xe2\x02\x81\x2d"
"\x0c\x12\x04\x01\x15\xa7\x71\x28\x30\x18\x05\xa8\x81\x28\x10\x18"
"\x05\xa9\x71\x28\x10\xb8\x88\x48\x30\x54\x10\x00\x42\x02\x56\xc1"
"\x10\x09\x62\x8d\x13\x40\x42\x70\x28\x88\x36\x4d\xb0\x01\x03\x32"
"\xb0\xc0\x67\x55\xc1\x80\x9a\x81\x6f\x0e\xbe\x99\x50\x82\xa1\x05"
"\x08\x0f\x24\xa3\x92\x78\x01\x17\xe0\xcb\xae\x80\xd8\xc8\x40\x50"
"\xd0\x12\xa0\x02\x40\xd5\x5c\x10\xe1\xb0\x01\x15\x44\x83\x89\xce"
"\x35\xa0\x02\x38\x30\xe3\x1a\x50\x31\x1c\x18\x74\xa9\x20\x80\x32"
"\x04\x21\x3e\x10\x06\xde\x40\x43\x6a\x60\x32\xcc\x03\x06\x64\x80"
"\x80\x2f\xc3\x02\x16\x20\x06\x00\x30\x00\x00\x00\x5b\x06\x20\x38"
"\x83\x2d\x83\x10\xa4\xc1\x96\x81\x08\xd2\x60\xcb\x70\x04\x6a\xb0"
"\x65\x40\x82\x34\xd8\x32\x60\x41\x1a\x6c\x19\xb2\x20\x0d\xb6\x0c"
"\x65\x10\xa4\xc1\x96\xe1\x0c\x02\x35\xd8\x32\xb8\x41\x90\x06\x5b"
"\x86\x3b\x90\xaa\x2d\x03\x1f\x04\x69\xb0\x65\xf8\x83\x40\x0d\xb6"
"\x0c\xa6\x10\xa4\xc1\x96\x41\x15\x82\x34\xd8\x32\xb4\x42\xa0\x06"
"\x5b\x06\x5a\x08\xd2\x60\xcb\x20\x0e\x41\x1a\x6c\x19\xc8\x21\x50"
"\x83\x2d\xc3\x3a\x04\x69\xb0\x65\xa0\x07\xa9\xda\x32\xe0\x43\x70"
"\x06\x5b\x06\x93\x08\xd4\x60\xcb\xe0\x12\x52\x1c\x6c\x19\xc8\x22"
"\x50\x83\x2d\x03\x5b\x48\x72\xb0\x65\xc8\x8b\x40\x0d\xb6\x0c\xa0"
"\x21\xcd\xc1\x96\x81\x35\x82\x34\xd8\x32\xb8\x46\xa0\x06\x5b\x86"
"\xda\x08\xd2\x60\xcb\xe0\x1b\x52\xb5\x65\x10\x8f\xe0\x0c\xb6\x0c"
"\xeb\x11\xa8\xc1\x96\x01\x3e\x24\x0b\x00\x00\x00\x41\x62\x00\x00"
"\x35\x00\x00\x00\x0b\x86\x00\xf0\x91\x05\x43\x00\xf4\xc8\x02\x22"
"\x10\x80\x16\x59\x30\x04\x40\x88\x2c\x18\x02\x60\x3f\x16\x0c\x01"
"\x30\x1f\x0b\x86\x00\x88\x8f\x05\x43\x00\xb0\xc7\x82\x21\x00\xd2"
"\x63\xc1\x10\x00\xe0\xb1\xa0\x00\x06\x21\xc8\x8d\x05\x44\x00\x08"
"\xb2\xb1\x60\x08\x80\xd7\x58\x30\x04\x80\x69\x2c\x30\x80\x81\x10"
"\x02\xd2\x58\x70\x14\x03\x10\x10\x42\x68\x2c\x20\x04\x20\x00\x8d"
"\x05\x06\x10\x10\x83\xd0\x17\x0b\x88\x40\x00\xe8\x62\xc1\x10\x00"
"\x68\xb1\xa0\x08\x00\x61\x10\x8b\x05\x44\x00\x08\x39\xb1\xa0\x18"
"\x80\x40\xc0\x89\x05\x44\x00\x08\x37\xb1\xa0\x08\x00\x61\xb0\x89"
"\x05\x44\x00\x08\x30\xb1\x80\x10\x02\x60\x25\x16\x0c\x01\xa0\x12"
"\x0b\x0a\x40\x18\x82\x90\x58\x30\x04\x40\x3d\x2c\x20\x02\x40\x78"
"\x87\x05\x44\x00\x08\xe6\x30\x61\x08\x00\x6c\xc2\x01\x10\xc1\x20"
"\x14\xd6\x84\x21\x00\xaa\x09\x43\x00\x48\x13\x88\x00\x10\xa2\x09"
"\x43\x00\x18\x13\x86\x00\x10\x00\x00\x00\x00\x00\x61\x28\x00\x00"
"\x0f\x01\x00\x00\x23\x08\xb0\xb0\x40\x00\x00\x00\x06\x00\x00\x00"
"\x34\x94\x00\x11\xa5\x51\x22\xa5\x40\x43\x11\x94\x01\x11\x05\x52"
"\x30\x34\x14\x10\x39\x35\x00\x00\x04\x15\x06\xa2\x02\x40\x89\x29"
"\x10\x83\x88\x02\x31\x94\x30\x48\x0a\x1e\x10\x58\x01\x01\x02\x65"
"\x15\x82\x11\x17\x08\xc6\x40\x82\x20\x20\x43\x3a\x14\x1c\x8c\x82"
"\x09\x51\x20\x30\x0a\xa8\x43\x81\xc0\xc5\x15\x82\xa1\x82\x00\x10"
"\x12\xb0\x0a\x88\x48\x0e\x06\x02\x2b\x20\x40\xa0\xe0\x42\x30\xe2"
"\x02\x61\x7a\x48\x10\x04\x84\x7c\x87\x82\x84\x51\x00\x06\x88\x02"
"\x81\x51\x10\x06\x87\x02\x81\xcb\x2e\x04\x43\x05\x01\x20\x24\x60"
"\x15\x10\x91\x02\x36\xb8\x81\x14\x3c\x1b\x90\x3a\x33\x00\x81\x15"
"\x10\x20\x50\xce\x21\x18\x71\x81\x20\x06\x11\x09\x82\x80\x14\x37"
"\x38\x14\x2c\x8c\x82\x37\x40\x14\x08\x8c\x02\x38\x38\x14\x08\x5c"
"\xd4\x21\x18\x2a\x08\x00\x21\x01\xab\x80\x88\x14\xc8\xc1\x0d\xa4"
"\xe0\xd9\x00\xe4\x06\x7e\x00\xa5\x1e\x82\x11\x17\x08\x70\x00\x91"
"\x20\x08\x28\xe1\x83\x43\x81\xc2\x28\xe8\x03\x44\x81\xc0\x28\xf0"
"\x83\x43\x81\xc0\x05\x1f\x82\xa1\x82\x00\x10\x12\xb0\x0a\x88\x48"
"\xc1\x1f\x5c\x40\x0a\x9c\x0d\x20\x25\x41\x0c\x19\xbc\x82\xf9\x02"
"\x22\x50\xd0\x20\x6b\x18\x22\xc0\x09\x03\x2a\x06\x22\x48\x84\x01"
"\x15\x03\x5b\x04\x67\x20\x0c\xa8\x18\xdc\x22\x18\x03\x61\x40\x05"
"\xa1\x05\x95\x90\x08\x58\x00\x81\x15\x10\x20\x50\x58\x22\x18\x71"
"\x81\x70\x0a\x06\x09\x82\x80\x8a\x59\x38\x14\x18\x8c\x02\x5a\x40"
"\x14\x08\x8c\x82\x5a\x38\x14\x08\x5c\x5e\x22\x18\x2a\x08\x00\x21"
"\x01\xab\x60\x88\x04\xe1\xc2\x09\x20\x21\x38\x14\x44\x9b\x26\x70"
"\x80\x01\x19\x58\xe0\x1b\x84\x80\xec\x44\x30\x64\xb0\x0e\xe0\x2b"
"\x8e\x80\xf4\x44\x30\x64\xd0\x0e\xe0\xbb\x8e\x40\x1e\xef\x00\xbe"
"\xcb\x08\x14\x42\x80\xb3\x06\x54\x0c\xe2\x41\x48\xc3\x80\x0a\xc2"
"\x15\x08\x30\x18\x06\x54\x10\xe0\x40\xc8\xc1\x40\xc4\x82\x18\x2a"
"\x18\x44\x9a\xc1\x3c\x80\x8f\x42\x02\x62\x16\x00\x91\x81\x3d\x80"
"\x0b\x0d\x86\x08\x58\x69\x30\x44\x80\x4b\x06\x54\x10\xf0\x81\xcc"
"\xc3\x34\xa0\x82\x90\x90\x50\x98\x06\x54\x10\x16\xf2\x0a\xd3\x53"
"\x2c\x36\x50\xc2\x20\x8e\x19\x02\xa1\xff\xff\xff\xff\xc3\xe0\x0e"
"\x47\x0a\xde\x21\x03\x5c\x33\xa0\x62\x30\x94\x84\x19\x50\x31\x90"
"\x88\x72\x06\xcc\x80\x8a\xc1\x44\x94\x31\x60\x06\x54\x10\x8e\x52"
"\x31\x89\xe0\x07\x10\x58\x01\x01\x02\x05\x2f\x82\x11\x17\x08\xf3"
"\x60\x90\x20\x08\xa8\xf8\x87\x43\x81\xc1\x28\x00\x09\x44\x81\xc0"
"\x28\x08\x89\x43\x81\xc0\x65\x2f\x82\xa1\x82\x00\x10\x12\xb0\x0a"
"\x86\x48\x10\x49\x9c\x00\x12\x82\x43\x41\xb4\x69\x62\x09\x18\x90"
"\x41\x07\xbe\x85\x09\x06\x54\x0c\x6e\xb0\x24\xcd\x80\x8a\x01\x4e"
"\x96\x33\x68\x06\x54\x0c\x72\xb2\x8c\x41\x33\xa0\x82\xc0\x96\xaa"
"\x49\x84\x4c\x80\xc0\x0a\x08\x10\x28\xae\x11\x8c\xb8\x40\x48\x09"
"\x83\x04\x41\x40\x45\x4d\x1c\x0a\x0c\x46\x81\x4d\x20\x0a\x04\x46"
"\xc1\x4d\x1c\x0a\x04\x2e\xb1\x11\x0c\x15\x04\x80\x90\x80\x55\x30"
"\x44\x82\x74\xe2\x04\x90\x10\x1c\x0a\xa2\x4d\x93\x58\xc0\x80\x0c"
"\xe4\x00\x7c\x4e\x13\xc8\xa1\x2d\x40\x49\xe4\x01\x38\xba\xa1\x27"
"\x02\xe1\x45\x4f\xf0\x26\x08\x0f\x48\x1e\x0c\x44\x06\x07\xf8\xa4"
"\x29\x50\x1e\x01\xce\x52\x1f\x01\xce\x4a\x79\x00\x17\x10\x20\x83"
"\x72\x00\x1f\x95\x04\xb2\x14\xec\x02\x7c\x57\x15\x28\x53\x20\xc0"
"\x59\x03\x5a\x08\xa1\x82\x09\x83\x89\x14\x49\x5d\x92\xa2\x1e\xc1"
"\x70\x17\x0b\x10\x03\x00\x00\x00\x2e\x00\x00\x00\x5b\x06\x20\x38"
"\x83\x2d\x83\x10\xa4\xc1\x96\x61\x08\xd2\x60\xcb\x70\x04\x69\xb0"
"\x65\x48\x02\x35\xd8\x32\x40\x41\x1a\x6c\x19\xac\x20\x0d\xb6\x0c"
"\x58\xa0\x06\x5b\x86\x2f\x48\x83\x2d\xc3\x19\x04\x69\xb0\x65\x48"
"\x83\x40\x0d\xb6\x0c\x70\x10\xa4\xc1\x96\xe1\x0e\x82\x34\xd8\x32"
"\xe4\x41\xa0\x06\x5b\x06\x50\x08\xd2\x60\xcb\x60\x0a\x41\x1a\x6c"
"\x19\x64\x21\x48\x83\x2d\x03\x2d\x04\x6a\xb0\x65\xd8\x85\x20\x0d"
"\xb6\x0c\xe4\x20\x55\x5b\x86\x72\x08\xd4\x60\xcb\x80\x0e\x81\x1a"
"\x6c\x19\xe4\x21\x48\x83\x2d\x83\x4a\x04\x69\xb0\x65\x60\x89\x40"
"\x0d\xb6\x0c\x33\x11\xa4\xc1\x96\x81\x27\xa4\x6a\xcb\x30\x16\x41"
"\x1a\x6c\x19\xca\x22\x50\x83\x2d\x03\x5b\x04\x69\xb0\x65\xa8\x0b"
"\xa9\xda\x32\xec\x45\x70\x06\x5b\x06\xd2\x90\xba\x2d\x83\x6a\x04"
"\x69\x00\x00\x00\x41\x62\x00\x00\x1c\x00\x00\x00\x0b\x0a\x21\x00"
"\x06\xf1\x58\x50\x08\x03\x10\xf0\xc6\x82\x21\x00\x68\x63\xc1\x10"
"\x00\xb0\xb1\xa0\x00\x84\x21\x30\x8d\x05\x44\x00\x08\x7d\xb1\x60"
"\x08\x00\xbd\x58\x50\x08\x01\x30\x80\xc5\x82\x02\x10\x86\x40\x27"
"\x16\x0c\x01\xe0\x12\x0b\x86\x00\x40\x89\x05\x04\x20\x04\xfb\xb0"
"\xa0\x00\x82\x41\x78\x85\x05\x43\x00\xb8\xc2\x84\x02\x10\x86\xe0"
"\x9a\x60\x10\x42\x00\x0c\xd6\x84\x21\x00\xa6\x09\x43\x00\x34\x13"
"\x86\x00\x60\x26\x0c\x01\x90\x4c\x18\x02\x40\x00\x00\x00\x00\x00"
"\x61\x28\x00\x00\x39\x01\x00\x00\x23\x08\xae\xb0\x40\x00\x00\x00"
"\x1d\x00\x00\x00\x44\x94\x46\x89\x94\x02\x0d\x25\x50\x06\x14\x14"
"\x42\x81\xd0\x50\xe0\x03\x74\x8d\x05\x01\x81\x30\x10\x85\x71\x20"
"\x89\xb2\x30\x8d\xf3\x8c\x00\x8c\x05\x0d\xc3\x30\x0c\xc3\x30\x0c"
"\xc3\x30\x0c\xc3\x30\xd0\x50\x20\x74\x8d\x05\x41\x10\x04\x41\x10"
"\x04\x41\x10\x04\x41\x10\x04\xd1\x50\x18\x85\x3f\x30\x1a\x40\xd9"
"\x1c\x04\x2c\xe0\x01\x1e\xe0\xc1\x68\x00\x81\x23\x00\x94\x8d\x45"
"\x00\x81\x30\x8c\x45\x0c\xc3\x30\xd0\x50\x08\x94\x8d\x45\x10\x04"
"\x41\x90\x53\x03\x34\x14\x04\x00\xe1\x61\x00\x00\x06\x00\x00\x00"
"\x2b\x08\x39\x60\x83\x36\x70\x83\x15\xc4\x1c\xb0\x41\x1b\xb8\xc1"
"\x0a\x82\x0e\xd8\xc0\x0d\xda\x00\xe4\x16\x06\xa2\x02\x40\x49\x2d"
"\x10\x23\x05\x61\x00\x02\xe5\x16\x82\xa1\x84\x41\xe2\x02\x81\x08"
"\x48\x10\x04\x52\x0b\xc4\x40\x41\x18\x1c\x0a\x04\x46\x81\x18\x20"
"\x0a\x04\x46\xc1\x18\x1c\x0a\x04\x2e\xbc\x10\x0c\x15\x04\x80\x92"
"\x80\x93\xb3\x06\x20\x50\xc8\x21\x18\xca\x19\x24\x2e\x10\xa2\x80"
"\x04\x41\x40\x47\x1b\x1c\x0a\x10\x46\x81\x1b\x20\x0a\x04\x46\xc1"
"\x1b\x1c\x0a\x04\x2e\xe8\x10\x0c\x15\x04\x80\x90\x80\x65\x22\x80"
"\x2f\x80\x02\x32\x0f\xc4\x90\x41\x1f\x98\x4f\x20\x02\xf5\x0c\xb2"
"\x86\x21\x02\xdc\x30\xa0\x62\x20\x84\x64\x18\x50\x31\xa0\x84\x70"
"\x06\xc3\x80\x8a\x41\x25\x84\x31\x18\x06\x54\x10\x96\x50\x0d\x89"
"\xd8\x03\x10\x58\x01\x01\x02\x45\x1f\x82\x11\x17\x08\x66\x60\x90"
"\x20\x08\xa8\x10\x85\x43\x81\xc1\x28\x18\x05\x44\x81\xc0\x28\x20"
"\x85\x43\x81\xc0\xa5\x1f\x82\xa1\x82\x00\x10\x12\xb0\x0a\x86\x48"
"\xd0\x29\x9c\x00\x12\x82\x43\x41\xb4\x69\x5a\x05\x18\x90\x81\x05"
"\x3e\x62\x08\x06\x54\x0c\x72\x11\x18\x83\x94\x03\x35\x00\xdf\x54"
"\x04\x24\x26\x06\xa2\x02\x40\x15\x1b\x0c\x21\xdb\x00\x16\xc8\xe7"
"\x18\x81\x74\x03\x58\x20\xdf\x72\x04\x68\x80\x05\x8d\x08\x84\x02"
"\x71\xc8\x80\x8a\x81\x34\x8e\x09\x19\x50\x71\x91\xc5\x31\x21\x03"
"\x2a\x2e\xb2\x38\x1a\x24\x22\x10\x88\x81\x04\x5f\x50\xc1\x15\xa9"
"\xa8\x85\x13\x40\x42\x70\x28\x30\x36\x25\xb7\x00\x01\x28\xb9\x05"
"\x90\x42\x03\xbe\x04\x09\x86\x18\x14\x40\x08\x82\x01\x26\x0f\x84"
"\x7c\x24\xf0\x4d\x4a\x80\x2e\x08\x10\xb5\x0b\x2a\x03\x79\x00\x9f"
"\xb3\x04\x03\x2a\x06\x33\x50\xcc\xc3\x18\x50\x31\x30\x0a\x7a\x18"
"\x08\xf3\x05\x45\x5d\x00\xe3\x18\x7c\x61\xb8\x87\x71\x0c\xbe\x50"
"\xe0\xc3\x40\x86\xe0\x17\x7c\x21\x05\xbe\xb0\x01\x11\x81\xf0\x89"
"\x81\x63\x06\x54\x0c\xd2\x32\x31\x03\x2a\x32\x63\x99\x98\x01\x15"
"\x99\xb3\x34\x4c\x44\x20\x10\x03\x09\xc2\xa0\x82\x2c\x52\x51\x0e"
"\x27\x80\x84\xe0\x50\x60\x6c\x4a\xce\x01\x02\x50\x72\x0e\x20\x05"
"\x09\x7c\x0d\x13\x0c\x31\x28\x80\x10\x04\x03\x6d\x25\x08\x49\xb1"
"\x01\xf8\x26\x27\x18\xd0\x31\xd0\x48\x41\x0b\x8a\x1a\x34\x03\x3a"
"\x06\x1b\x29\xf4\x40\x31\x9a\x01\x1d\x83\x39\x14\x78\xa0\xb0\x41"
"\xe3\x9e\x01\x15\x43\xf5\x18\xce\x80\x8a\x21\x7a\x0c\x67\x40\xc5"
"\x30\x3c\x86\x83\x02\x92\x80\xf8\x40\xa8\x03\x81\x04\x41\x50\xc1"
"\x10\xe9\x38\x89\x13\x40\x42\x70\x28\x40\x36\x29\x2b\x01\x03\x32"
"\xd8\x03\xf0\x4d\x4f\x20\xe3\x21\x1d\xc0\x37\x45\x81\x42\x87\x41"
"\x94\x3a\x0c\xe1\xa4\x01\x15\x03\x11\x25\xd2\x80\x8a\x41\x4f\xa2"
"\x33\x90\x06\x54\x0c\x7c\x12\x8d\x81\x34\xa0\x82\x40\x8d\xa8\x92"
"\x12\x41\x13\x20\xb0\x02\x02\x04\xca\x6c\x04\x23\x2e\x10\xfe\xc1"
"\x20\x41\x10\x50\xb1\x13\x87\x02\x83\x51\xc0\x13\x88\x02\x81\x51"
"\xd0\x13\x87\x02\x81\x8b\x6d\x04\x43\x05\x01\x20\x24\x60\x15\x0c"
"\x91\x20\xb0\x38\x01\x24\x04\x87\x82\x68\xd3\x44\x16\x30\x20\x03"
"\x0b\x7c\x93\x14\x0c\xa8\x19\xc8\x85\x20\x17\x08\x25\x12\x5a\x68"
"\xf0\xe0\x31\x24\x64\x0f\x22\xb1\x32\x98\x0b\x50\xb6\x44\x49\x80"
"\xa3\x1b\x6c\x22\x10\x9e\x45\x05\xa4\x3d\x06\xa2\x02\x40\x15\x4a"
"\x10\xe1\xaa\x01\x15\x44\x53\xb9\x0b\x35\xa0\x02\x38\x2a\x83\x1a"
"\x50\x31\x1c\x15\x45\xa9\x20\x80\x32\x04\x21\x3e\x10\x06\xb9\x40"
"\x83\x4f\x60\x32\xf8\x02\x06\x64\x80\x80\xcf\xaa\x02\x16\x20\x06"
"\x26\x00\x00\x00\x5b\x06\x20\x38\x83\x2d\x83\x10\xa4\xc1\x96\x81"
"\x08\xd2\x60\xcb\x70\x04\x6a\xb0\x65\x40\x82\x34\xd8\x32\x3c\x41"
"\x1a\x6c\x19\xa6\x20\x0d\xb6\x0c\x56\xa0\x06\x5b\x86\x2e\x48\x83"
"\x2d\x83\x18\x04\x69\xb0\x65\x70\x83\x20\x0d\xb6\x0c\x70\x10\xa8"
"\xc1\x96\xe1\x0e\x82\x34\xd8\x32\x80\x82\x54\x6d\x19\x48\x21\x38"
"\x83\x2d\x83\x2c\x04\x6a\xb0\x65\xd0\x05\x29\x0e\xb6\x0c\xf0\x10"
"\xa8\xc1\x96\x01\x1f\x24\x39\xd8\x32\x94\x44\xa0\x06\x5b\x06\x96"
"\x90\xe6\x60\xcb\x80\x13\x41\x1a\x6c\x19\x74\x22\x50\x83\x2d\x43"
"\x58\x04\x69\xb0\x65\x50\x0b\xa9\xda\x32\xc4\x45\x70\x06\x5b\x86"
"\xbc\x08\xd4\x60\xcb\xe0\x17\x92\x05\x00\x00\x00\x41\x62\x00\x00"
"\x2d\x00\x00\x00\x0b\x86\x00\xa0\x8f\x05\x43\x00\xcc\xc7\x02\x22"
"\x10\x80\xf0\x58\x30\x04\x40\x6d\x2c\x18\x02\xe0\x35\x16\x0c\x01"
"\x70\x1a\x0b\x86\x00\x28\x8d\x05\x43\x00\x80\xc6\x82\x21\x00\xfa"
"\x62\xc1\x10\x00\x74\xb1\xa0\x00\x06\x21\x68\x8b\x05\x44\x00\x08"
"\x66\xb1\x60\x08\x80\xb1\x58\x30\x04\x80\x4e\x2c\x30\x80\x81\x10"
"\x02\x9c\x58\x70\x14\x03\x10\x10\x42\x4d\x2c\x20\x04\x20\xa0\x89"
"\x05\x06\x10\x10\x83\x10\x13\x0b\x88\x40\x00\x50\x62\xc1\x10\x00"
"\xfc\xb0\xa0\x08\x00\x61\x98\x87\x05\x44\x00\x08\xea\xb0\xe0\x20"
"\x8a\x01\x08\x84\x74\x58\x50\x00\x42\x30\xa0\xc3\x82\x22\x00\x84"
"\xe1\x1c\x16\x14\x80\x10\x0c\xe0\x30\x61\x08\x80\x6a\xc2\x01\x10"
"\xc1\x20\x14\xd3\x84\x21\x00\xa4\x09\x43\x00\x3c\x13\x88\x00\x10"
"\x9c\x09\x43\x00\x0c\x00\x00\x00\x00\x00\x00\x00\x61\x28\x00\x00"
"\x1c\x49\x00\x00\x23\x08\xec\x32\x08\x0b\x04\x00\x68\x00\x00\x00"
"\x34\x94\xf3\x03\x05\x25\x40\x43\x09\x10\x51\x14\x34\x14\x41\x19"
"\x10\x51\x20\x05\x43\x43\xe9\x10\x51\x1a\x25\x52\x0a\x05\x44\x43"
"\x01\xff\xff\xff\x3f\xd0\x37\x1a\x40\xe5\x08\x00\x99\x23\x00\x34"
"\x14\x48\x01\xd1\x39\x02\x40\x43\xe1\x14\xfe\xff\xff\xff\x03\x85"
"\xa3\x01\x04\x8e\x00\x10\x3a\x1a\x40\x43\x21\x50\x3a\x02\x40\x44"
"\xe1\x50\x50\x03\x45\x50\x06\x85\x50\x0a\xc5\x50\x0e\x05\x51\x16"
"\x85\x51\x1a\xc5\x51\x1e\x05\x52\x22\x45\x52\x26\x85\x52\x2a\xc5"
"\x52\x2e\x45\x51\x12\x05\x53\x32\x45\x53\x36\x85\x43\x43\x41\x14"
"\xf8\xff\xff\xff\x03\x5d\x63\x41\x40\x20\x0c\x44\x61\x1c\x48\xa2"
"\x2c\x4c\xe3\x3c\x23\x00\x63\x41\xc3\x30\x0c\xc3\x30\x0c\xc3\x30"
"\x0c\xc3\x30\x0c\x63\x41\x10\x04\x41\x10\x04\x41\x10\x04\x41\x10"
"\x04\x41\x34\x14\xc6\x68\x00\x65\x73\x10\x20\x81\x07\x78\x80\x07"
"\xa3\x01\x63\x11\x40\x20\x0c\x63\x11\xc3\x30\x0c\x63\x11\x04\x41"
"\x10\x34\x14\xf8\x40\xe1\x0f\x90\x33\x02\x40\x44\x19\x50\x50\x3e"
"\xa5\x53\x3c\x55\x55\x54\x65\x55\x58\xa5\x55\x5c\xe5\x55\x60\x25"
"\x56\x64\x65\x56\x68\xa5\x56\x6c\xe5\x56\x70\x25\x47\xd0\x08\x00"
"\x39\x35\x40\xd2\x08\x00\x05\x05\x54\x42\x45\x54\x46\x85\x54\x4a"
"\xc5\x54\x4e\x05\x55\x52\x44\xd4\x00\x0d\x05\xfc\xff\xff\xff\x51"
"\x22\xf4\x8d\x00\xd0\x50\x42\x25\x56\x80\x01\x25\x18\x50\xa2\x01"
"\x05\x1c\x50\xc2\x01\x25\x1e\x50\x80\x02\x25\x28\x50\xa2\x02\x05"
"\x2c\x50\xc2\x02\x25\x2e\x50\x80\x03\x25\x38\x50\xa2\x03\x05\x53"
"\xf0\xff\xff\xff\x1f\x24\x8e\x00\xd0\x50\x03\x05\x57\x60\x05\x3c"
"\x50\xa0\x01\x05\x1e\x50\xa0\x02\x05\x2e\x50\xa0\x03\x05\x3f\x40"
"\xdb\x68\x00\xa9\x23\x00\xb4\x8d\x85\x00\x08\x84\x81\x01\x1a\xc0"
"\x01\x1e\xd0\x50\x0a\xe5\x41\x44\x61\xd0\x50\xfe\xff\xff\xff\x1f"
"\xe5\x53\x0e\x44\x14\x43\x1d\xd4\x43\x7d\xd0\x50\x21\x00\x00\x00"
"\xe1\x61\x00\x00\x17\x01\x00\x00\x22\x47\xc8\x90\x51\x0a\x04\x05"
"\xc5\x02\x00\x00\x73\x68\x6f\x72\x74\x6c\x6f\x6e\x67\x20\x64\x6f"
"\x75\x62\x6c\x65\x2b\x08\x3a\x60\x83\x36\x70\x83\x15\x44\x1d\xb0"
"\x41\x1b\xb8\xc1\x0a\xc2\x0e\xd8\xc0\x0d\xda\x60\x85\x70\x07\x6c"
"\xb0\x82\xc0\x03\x36\x68\x03\x37\x58\x41\xe4\x01\x1b\xb4\x81\x1b"
"\xac\x20\xf4\x80\x0d\xdc\xa0\x0d\x56\x10\x7b\xc0\x06\x6d\xe0\x06"
"\x2b\x08\x3e\x60\x83\x36\x70\x83\x15\x44\x1f\xb0\x81\x1b\xb4\xc1"
"\x0a\xc2\x0f\xd8\xa0\x0d\xdc\x60\x05\xf1\x07\x6c\xd0\x06\x6e\xb0"
"\x82\x00\x05\x36\x70\x83\x36\x58\x41\x84\x02\x1b\xb4\x81\x1b\xac"
"\x20\x44\x81\x0d\xda\xc0\x0d\x56\x10\xa3\xc0\x06\x6e\xd0\x06\x2b"
"\x08\x52\x60\x83\x36\x70\x83\x15\x44\x29\xb0\x41\x1b\xb8\xc1\x0a"
"\xc2\x14\xd8\xc0\x0d\xda\x60\x05\x71\x0a\x6c\xd0\x06\x6e\xb0\x82"
"\x40\x05\x36\x68\x03\x37\x58\x41\xa4\x02\x1b\xb8\x41\x1b\xac\x20"
"\x54\x81\x0d\xda\xc0\x0d\x56\x10\xab\xc0\x06\x6d\xe0\x06\x2b\x08"
"\x56\x60\x03\x37\x68\x83\x15\x44\x2b\xb0\x41\x1b\xb8\xc1\x0a\xc2"
"\x15\xd8\xa0\x0d\xdc\x60\x05\xf1\x0a\x6c\xe0\x06\x6d\xb0\x82\x80"
"\x05\x36\x68\x03\x37\x58\x41\xc4\x02\x1b\xb4\x81\x1b\xac\x20\x64"
"\x81\x0d\xdc\xa0\x0d\x56\x10\xb3\xc0\x06\x6d\xe0\x06\x2b\x08\x5a"
"\x60\x83\x36\x70\x83\x15\x44\x2d\xb0\x81\x1b\xb4\xc1\x0a\xc2\x16"
"\xd8\xa0\x0d\xdc\x60\x05\x71\x0b\x6c\xd0\x06\x6e\xb0\x82\xc0\x05"
"\x36\x70\x83\x36\x58\x41\xe4\x02\x1b\xb4\x81\x1b\xac\x20\x74\x81"
"\x0d\xda\xc0\x0d\x56\x10\xbb\xc0\x06\x6e\xd0\x06\x2b\x0a\x5e\x60"
"\x83\x37\x68\x03\x37\x58\x51\xf4\x02\x1b\xbc\x41\x1b\xb8\xc1\x8a"
"\xc2\x17\xd8\xe0\x0d\xdc\xa0\x0d\x56\x10\xbf\xc0\x06\x6d\xe0\x06"
"\x2b\x08\x70\x60\x83\x36\x70\x83\x15\x44\x38\xb0\x81\x1b\xb4\xc1"
"\x0a\x42\x1c\xd8\xa0\x0d\xdc\x60\x05\x31\x0e\x6c\xd0\x06\x6e\xb0"
"\x82\x20\x07\x36\x70\x83\x36\x58\x41\x94\x03\x1b\xb4\x81\x1b\xac"
"\x20\xcc\x81\x0d\xda\xc0\x0d\x56\x10\xe7\xc0\x06\x6e\xd0\x06\x2b"
"\x08\x74\x60\x83\x36\x70\x83\x15\x44\x3a\xb0\x41\x1b\xb8\xc1\x0a"
"\x42\x1d\xd8\xc0\x0d\xda\x60\x05\xb1\x0e\x6c\xd0\x06\x6e\xb0\x82"
"\x60\x07\x36\x68\x03\x37\x58\x41\xb4\x03\x1b\xb8\x41\x1b\xac\x20"
"\xdc\x81\x0d\xda\xc0\x0d\x56\x10\xef\xc0\x06\x6d\xe0\x06\x2b\x08"
"\x78\x60\x03\x37\x68\x83\x15\x44\x3c\xb0\x41\x1b\xb8\xc1\x0a\x42"
"\x1e\xd8\xa0\x0d\xdc\x60\xc5\x30\x0f\x6c\xd0\x06\x2b\x08\x7a\x60"
"\x03\x37\x68\x83\x15\x44\x3d\xb0\x41\x1b\xb8\xc1\x0a\xc2\x1e\xd8"
"\xa0\x0d\xdc\x60\x05\x71\x0f\x6c\xe0\x06\x6d\xb0\x82\xc0\x07\x36"
"\x68\x03\x37\x58\x41\xe4\x03\x1b\xb4\x81\x1b\xac\x20\xf4\x81\x0d"
"\xdc\xa0\x0d\x56\x10\xfb\xc0\x06\x6e\xd0\x06\x2b\x08\x7e\x60\x83"
"\x36\x70\x83\x15\x44\x3f\xb0\x41\x1b\xb8\xc1\x0a\xc2\x1f\xd8\xc0"
"\x0d\xda\x60\x05\xf1\x0f\x6c\xd0\x06\x6e\xb0\x82\x00\x09\x36\x68"
"\x03\x37\x58\x41\x84\x04\x1b\xb8\x41\x1b\xac\x20\x44\x82\x0d\xda"
"\xc0\x0d\x56\x10\x23\xc1\x06\x6d\xe0\x06\x2b\x08\x92\x60\x03\x37"
"\x68\x83\x15\x44\x49\xb0\x41\x1b\xb8\xc1\x0a\xc2\x24\xd8\xa0\x0d"
"\xdc\x60\x05\x71\x12\x6c\xe0\x06\x6d\xb0\x82\x40\x09\x36\x68\x03"
"\x37\x58\x41\xa4\x04\x1b\xb4\x81\x1b\xac\x20\x54\x82\x0d\xdc\xa0"
"\x0d\x56\x10\x2b\xc1\x06\x6d\xe0\x06\x2b\x08\x96\x60\x83\x36\x70"
"\x83\x15\x44\x4b\xb0\x81\x1b\xb4\xc1\x0a\xc2\x25\xd8\xa0\x0d\xdc"
"\x60\x05\xf1\x12\x6c\xd0\x06\x6e\xb0\x82\x80\x09\x36\x70\x83\x36"
"\x58\x41\xc4\x04\x1b\xb4\x81\x1b\xac\x20\x64\x82\x0d\xda\xc0\x0d"
"\x56\x10\x33\xc1\x06\x6e\xd0\x06\x2b\x08\x9a\x60\x83\x36\x70\x83"
"\x15\x44\x4d\xb0\x41\x1b\xb8\xc1\x0a\xc2\x26\xd8\xc0\x0d\xda\x60"
"\x05\x71\x13\x6c\xd0\x06\x6e\xb0\x82\xc0\x09\x36\x68\x03\x37\x58"
"\x41\xe4\x04\x1b\xb8\x41\x1b\xac\x20\x74\x82\x0d\xda\xc0\x0d\x56"
"\x10\x3b\xc1\x06\x6d\xe0\x06\x2b\x08\x9e\x60\x03\x37\x68\x83\x15"
"\x44\x4f\xb0\x41\x1b\xb8\xc1\x0a\xc2\x27\xd8\xa0\x0d\xdc\x60\x05"
"\xf1\x13\x6c\xe0\x06\x6d\xb0\x82\x00\x0b\x36\x68\x03\x37\x58\x41"
"\x84\x05\x1b\xb4\x81\x1b\xac\x18\xc4\x82\x0d\xda\x60\x05\x31\x16"
"\x6c\xd0\x06\x6e\xb0\x82\x20\x0b\x36\x68\x03\x37\x58\x41\x94\x05"
"\x1b\xb8\x41\x1b\xac\x20\xcc\x82\x0d\xda\xc0\x0d\x56\x10\x67\xc1"
"\x06\x6d\xe0\x06\x2b\x08\xb4\x60\x03\x37\x68\x83\x15\x44\x5a\xb0"
"\x41\x1b\xb8\xc1\x0a\x42\x2d\xd8\xa0\x0d\xdc\x60\x05\xb1\x16\x6c"
"\xd0\x06\x6e\xb0\x82\x60\x0b\x36\x68\x03\x37\x58\x31\xb4\x05\x1b"
"\xb4\xc1\x8a\xc1\x2d\xd8\xa0\x0d\x56\x10\x6f\xc1\x06\x6d\xe0\x06"
"\x2b\x08\xb8\x60\x83\x36\x70\x83\x15\x44\x5c\xb0\x81\x1b\xb4\xc1"
"\x0a\x42\x2e\xd8\xa0\x0d\xdc\x60\x05\x31\x17\x6c\xd0\x06\x6e\xb0"
"\x82\xa0\x0b\x36\x70\x83\x36\x58\x41\xd4\x05\x1b\xb4\x81\x1b\xac"
"\x20\xec\x82\x0d\xda\xc0\x0d\x56\x10\x77\xc1\x06\x6e\xd0\x06\x2b"
"\x08\xbc\x60\x83\x36\x70\x83\x15\x44\x5e\xb0\x41\x1b\xb8\xc1\x0a"
"\x42\x2f\xd8\xc0\x0d\xda\x60\x85\xb0\x17\x6c\xb0\x61\x90\x03\x33"
"\xa8\x36\x0c\x7c\xc1\x17\xd5\x86\x61\x0e\xcc\xa0\xda\x30\xf8\x85"
"\x5f\x54\x00\x00\x63\x22\xc6\x80\xe0\x83\x50\x18\x13\x41\x06\x04"
"\x1f\x90\xc2\x98\x08\x32\x20\xf8\x80\x14\x48\x6e\x04\x41\x06\x66"
"\x01\x3e\x21\x08\x86\x18\x18\x52\x08\x82\x01\xf5\x17\x64\xf1\x13"
"\x4e\x28\xbc\x21\x16\xa3\xe4\x46\x59\x0c\x37\x0c\xa8\x18\x60\x45"
"\x28\x46\x69\x40\x45\xe0\x27\x42\x4d\x1f\xa3\x94\x84\x9f\x80\x01"
"\xe2\x1b\x41\x90\xc1\x5a\x80\xaf\x20\x82\x21\x06\x86\x14\x82\x60"
"\x40\x91\x46\x58\x0c\xae\x90\x04\x5b\x80\x64\x3c\x06\x42\xc0\x83"
"\x18\x0f\x31\x06\x25\x00\xaa\x84\x41\x52\x70\x16\x20\xb0\x02\x02"
"\x04\x4a\x79\x04\x23\x2e\x10\x88\x81\x04\x41\x50\x01\x11\xc9\x50"
"\x0b\x10\x58\x01\x01\x02\x45\x3d\x82\x11\x17\x08\xc9\x41\x82\x20"
"\xa8\x80\x88\x14\xd8\xc5\x0d\xa4\xe0\xd8\x80\xd4\xc0\x05\x08\xac"
"\x80\x00\x81\x12\x1f\xc1\x88\x0b\x04\x28\x21\x41\x10\x54\x40\x44"
"\x0a\xe8\xe2\x06\x52\x70\x6c\x00\xb2\x40\x03\xca\x7d\x04\x23\x2e"
"\x10\x2c\x84\x04\x41\x50\x01\x11\x29\xc8\x8b\x0b\x48\x81\xb1\x01"
"\x05\x3f\x82\xa1\x8c\x41\x52\x10\x1a\x20\xb0\x02\x02\x04\xca\x7f"
"\x04\x23\x2e\x10\xbc\x81\x04\x41\x50\x01\x11\xc9\x20\x0d\x10\x58"
"\x01\x01\x02\x85\x44\x82\x11\x17\x08\x63\x70\x90\x20\x08\x2a\x20"
"\x22\x05\xb0\x71\x03\x29\x38\x36\x20\x35\xaa\x01\x02\x2b\x20\x40"
"\xa0\xac\x48\x30\xe2\x02\x41\x0d\x12\x12\x04\x41\x05\x44\xa4\xc0"
"\x35\x6e\x20\x05\xc7\x06\x20\x38\xc8\x0d\x28\x31\x12\x8c\xb8\x40"
"\x80\x03\x84\x04\x41\x50\x01\x11\x29\x98\x8d\x0b\x48\x81\xb1\x01"
"\x25\x46\x82\xa1\x8c\x41\x4a\x8c\x04\x84\xe4\x48\x10\x64\x60\x1e"
"\xe0\x43\x8e\x60\x88\x81\x21\x85\x20\x18\x50\xff\x41\x1e\x03\xe9"
"\x91\x81\x10\x1d\x21\x86\x43\x06\x74\x10\x96\x21\x1c\xf6\x50\x0c"
"\xe8\x18\xf4\xc1\x30\x0e\x7d\x28\x86\x18\x18\x13\x08\x82\x01\x32"
"\x23\xbb\x91\x0a\x2a\x00\x34\x0d\xe9\x01\x02\xe5\x47\x82\xa1\x88"
"\x41\xe2\x02\x61\x08\x48\x10\x04\xd2\x23\xc4\x40\x01\x78\x1c\x0a"
"\x04\x46\x41\x78\x20\x0a\x04\x46\x81\x78\x1c\x0a\x04\x2e\x64\x12"
"\x0c\x15\x04\x80\x92\x80\xc9\x99\x10\xc3\x25\x03\x2a\x08\xf8\x41"
"\x72\x22\x1b\x50\x41\x10\x48\x93\xa1\x60\x3d\x0e\x05\x02\xa3\x80"
"\x3d\x10\x05\x02\xa3\xa0\x3d\x0e\x05\x02\xab\x20\x00\xb9\x04\xe0"
"\xab\x94\x40\x2a\x22\x62\xbe\x05\x0b\xd6\x32\x44\x80\x64\x44\x84"
"\x7c\x4c\x13\x0c\xe8\x18\x60\x68\x39\xa2\x3e\xa0\x06\x74\x04\xfe"
"\xb3\xb4\x41\xb4\x0b\x94\xbb\xe4\x53\x1f\xe4\x93\x9c\x00\x15\xf5"
"\xa1\xe3\x18\xea\x23\x61\x91\x81\x0c\x81\x7d\xd4\x87\x7b\x06\x54"
"\x0c\x3c\xe4\x5c\xcf\x80\x0a\x33\x60\x1f\x27\x7a\x06\x54\x98\x81"
"\xfb\x38\xd1\x13\x3f\x0e\xee\x10\x23\x43\x7c\x20\x04\xf8\x41\x84"
"\x2f\x10\xe1\x0b\x52\x40\x40\x29\x24\x20\x42\x84\x45\x88\xb0\x69"
"\xf1\x0f\x08\x90\xc1\x03\x3e\xe8\x09\xd0\x40\xec\xd0\x83\x20\x50"
"\xc1\xb9\x32\x10\x11\x50\x05\x41\xc8\x4a\x03\x9f\x15\x05\x68\x23"
"\x11\x95\x81\x98\x80\x8f\x91\x82\x01\x15\x03\x1c\x44\xa6\xd4\x0c"
"\xa8\x08\x94\x88\x8e\x1a\x19\x90\x09\x88\xc0\x00\x45\x74\x1c\x03"
"\x8a\x90\xc1\x99\x0c\x64\x08\x52\x04\x45\xc6\x31\xa0\x08\x91\x26"
"\x03\x19\x82\x14\x51\x11\x37\x0d\xa8\x18\x20\xe9\x99\x06\x54\xa0"
"\x01\x21\x2d\x53\xfc\x38\xa8\x44\x9b\x08\x24\x08\x83\x0c\x0e\x10"
"\x11\xc1\x0e\x3d\x08\x82\x74\xc0\x08\x04\xc8\xa0\x01\x1f\x35\x05"
"\x6a\x48\x57\x06\x32\x02\xaa\x20\x08\x19\xc5\x01\xf8\x2c\x26\x28"
"\xe5\x62\x07\x43\xf5\x41\x00\x28\x78\x13\x70\xdb\x80\x8e\xc0\x0e"
"\x20\x84\x7a\x2e\x19\xe8\x09\xf8\x32\x2c\x18\x50\x31\x34\x17\x3a"
"\x30\x03\x2a\x82\xe4\x42\x07\x26\x7e\x1c\x76\xc2\x4f\x04\x12\x04"
"\x41\x06\x7d\x00\x8e\x6e\x00\x15\x22\x48\xc6\x9d\xc0\x80\x0c\xfa"
"\x00\x7c\xd6\x15\xa8\x54\x18\x24\x6e\x1c\xc4\xa2\x54\x82\x12\x8c"
"\x42\x48\xab\x20\x2a\x20\xe0\xb2\x01\x15\x84\x80\xe1\x84\x25\x03"
"\x32\x31\x9f\x96\x04\xc5\x5e\x4e\x61\xb8\x6d\x40\x45\x00\x06\x15"
"\x2a\x69\x43\x0c\x8c\x09\x04\xc1\x00\x81\x97\x3c\x39\x0b\xd2\x2f"
"\x41\x90\x81\xaa\x80\xaf\xe3\x02\x35\x0c\x31\xc4\xc0\x90\x42\x10"
"\x0c\x28\x72\x31\x95\xc0\x75\x83\xe9\x83\x80\xa8\xcb\x20\x0f\x46"
"\x49\x14\x3e\x5f\x38\x83\x5f\x38\x05\x70\x00\x89\x70\x30\x0f\x71"
"\x90\x91\x71\xe8\x17\x72\x40\x9b\x72\x48\x1d\x73\x98\x9f\x73\x30"
"\x25\x74\xb8\xa7\x74\xb0\x29\x75\xa8\xad\x75\x70\x2f\x76\x10\xb1"
"\x76\xb0\x31\x77\x70\xb5\x77\xf0\x39\x78\x20\xbf\x78\xf0\xe4\x61"
"\x06\x83\x79\x48\xc3\x80\x1e\xe8\x30\xa8\x07\x3e\x0c\xec\xa1\x0f"
"\x83\x7b\xe0\xc5\x00\x1f\x4c\x32\x20\x22\x33\x10\x15\x00\x4a\x40"
"\x86\x18\x84\x5f\x88\xa1\x84\x41\x52\x70\x2a\x20\xb0\x02\x02\x04"
"\x4a\xc9\x04\x23\x2e\x10\x8c\x81\x04\x41\x40\x06\xa9\x1c\x0a\x0e"
"\x46\x41\xa9\x20\x0a\x04\x46\x81\xa9\x1c\x0a\x04\x2e\x28\x13\x0c"
"\x15\x04\x80\x90\x80\x55\x40\x44\x72\x64\x05\x04\x56\x40\x80\x40"
"\x91\x99\x60\xc4\x05\xc2\xf4\x90\x20\x08\x08\x89\x95\x43\x41\xc2"
"\x28\x90\x15\x44\x81\xc0\x28\x98\x95\x43\x81\xc0\xa5\x66\x82\xa1"
"\x82\x00\x10\x12\xb0\x0a\x88\x48\x81\xb9\xdc\x40\x0a\x9e\x0d\x48"
"\x1d\xb8\x80\xc0\x0a\x08\x10\x28\x61\x13\x8c\xb8\x40\x10\x83\x88"
"\x04\x41\x40\x0a\xb8\x1c\x0a\x16\x46\x41\xb8\x20\x0a\x04\x46\x81"
"\xb8\x1c\x0a\x04\x2e\x64\x13\x0c\x15\x04\x80\x90\x80\x55\x40\x44"
"\x0a\xd8\xe5\x06\x52\xf0\x6c\x00\x72\x03\x7c\x81\xf2\x36\xc1\x88"
"\x0b\x04\x38\x80\x48\x10\x04\x94\xb8\xcb\xa1\x40\x61\x14\xbc\x0b"
"\xa2\x40\x60\x14\xc0\xcb\xa1\x40\xe0\x22\x37\xc1\x50\x41\x00\x08"
"\x09\x58\x05\x44\xa4\x20\x5f\x2e\x20\x05\xce\x06\x90\xbf\x21\x86"
"\x0c\x52\xc6\x7c\xfd\x07\x82\x41\x40\x44\x67\x20\x2a\x00\x94\x80"
"\x0e\x31\x52\xc0\x32\x20\x50\x44\x27\x18\x4a\x18\x24\x2e\x10\x88"
"\x80\x04\x41\x20\xa0\x43\x0c\x14\x8c\xcc\xa1\x40\x60\x14\x90\x0c"
"\xa2\x40\x60\x14\x94\xcc\xa1\x40\x60\x15\x04\x80\x92\x80\x93\x63"
"\x33\x20\x50\x5e\x27\x18\x88\x60\x99\x43\x41\xc1\x28\x68\x19\x44"
"\x81\xc0\x28\x70\x99\x43\x81\xc0\x05\x76\x82\x41\x70\x87\x18\x32"
"\x10\x1b\xf3\x81\x01\x19\x04\x2a\x19\x64\x0d\x43\x04\x38\x31\x18"
"\x02\x91\xff\xff\xff\xff\xc3\xd0\x32\x47\x0a\x5c\x26\x03\x96\x31"
"\x44\x80\x1b\x83\x01\x15\x83\x02\x06\x89\x18\x0c\xa8\x18\x70\x0d"
"\x0c\xce\x40\x0c\x06\x54\x0c\xba\x06\x06\x63\x20\x06\x03\x2a\x08"
"\x0b\x0c\x2a\x31\x48\x04\xd9\x80\xc0\x0a\x08\x10\x28\xe2\x13\x8c"
"\xb8\x40\x18\x03\x83\x04\x41\x40\x45\xd8\x1c\x0a\x0c\x46\x81\xd8"
"\x20\x0a\x04\x46\xc1\xd8\x1c\x0a\x04\x2e\xe5\x13\x0c\x15\x04\x80"
"\x90\x80\x55\x30\x44\x82\xdc\xe6\x04\x90\x10\x1c\x0a\xa2\x4d\x13"
"\xdd\xc0\x80\x0c\x32\xf0\x85\x81\x18\x04\x03\x2a\x06\x38\x08\x83"
"\x64\x0c\x06\x54\x0c\x24\x17\x06\x67\x30\x06\x03\x2a\x06\x93\x0b"
"\x83\x31\x18\x83\x01\x15\x04\x16\x06\xd5\x18\x24\x42\x6f\x40\x60"
"\x05\x04\x08\x14\xfc\x09\x46\x5c\x20\xe4\x81\x41\x82\x20\xa0\xe2"
"\x6e\x0e\x05\x06\xa3\x00\x6f\x10\x05\x02\xa3\x20\x6f\x0e\x05\x02"
"\x97\xfd\x09\x86\x0a\x02\x40\x48\xc0\x2a\x18\x22\x41\xa4\x73\x02"
"\x48\x08\x0e\x05\xd1\xa6\x49\x75\x60\x40\x06\x6c\x00\x3e\x32\x18"
"\x83\x60\x40\xc5\xe0\x76\x9f\x1c\x8c\xc1\x80\x8a\x01\xee\x3e\x64"
"\x0c\xa4\x29\xf8\x01\xf8\x46\xa9\x0c\x02\x02\x43\x03\x41\x01\x01"
"\x2a\x00\x54\x85\x02\x11\x88\x30\xc0\x99\xc1\x80\x0a\xa2\x31\x03"
"\xbc\x2b\x83\x01\x15\xc0\x61\x06\x48\x19\x0c\xa8\x18\x0e\x33\x30"
"\xca\x40\x05\x01\x94\x21\x08\xf1\x81\x30\xe0\x0e\x1a\xc6\x06\x93"
"\x11\x3e\x30\x20\x83\x04\x7c\xa3\x64\x06\x01\xe1\xa1\x81\xa8\x00"
"\x50\xa2\x43\xc4\x48\x81\xf9\x80\x40\xe1\xa1\x60\x28\x61\x90\xb8"
"\x40\x20\x02\x12\x04\x81\xe8\x10\x31\x50\xd0\x3b\x87\x02\x81\x51"
"\xe0\x3b\x88\x02\x81\x51\xf0\x3b\x87\x02\x81\x55\x10\x00\x4a\x02"
"\x4e\x0e\xfc\x80\x00\x22\xcc\xe7\x50\x50\x30\x0a\xce\x07\x51\x20"
"\x30\x0a\xd0\xe7\x50\x20\x70\x51\xa3\x60\x10\x39\x22\x86\x0c\xf8"
"\xc7\x7c\x68\xa0\x06\x81\x4a\x06\x59\xc3\x10\x01\x2e\x0d\x06\x54"
"\x0c\x04\x1a\x24\x69\x30\xa0\x62\x30\xc1\x00\x0d\xce\x20\x0d\x06"
"\x54\x0c\x28\x18\xa0\xc1\x18\xa4\xc1\x80\x0a\x02\x42\x83\x2a\x0d"
"\x12\xb1\x3f\x20\xb0\x02\x02\x04\x4a\x1e\x05\x23\x2e\x10\xc0\xc0"
"\x20\x41\x10\x50\x81\x3f\x87\x02\x83\x51\x90\x3f\x88\x02\x81\x51"
"\xa0\x3f\x87\x02\x81\x0b\x1f\x05\x43\x05\x01\x20\x24\x60\x15\x0c"
"\x91\xa0\x12\x3a\x01\x24\x04\x87\x82\x68\xd3\xb4\x42\x30\x20\x03"
"\x0b\x7c\x6a\x90\x06\xc1\x80\x0a\xc2\x0e\xce\x40\x4a\x83\x01\x15"
"\x04\x29\x9c\x01\x19\xa4\xc1\x80\x8a\x81\x0e\x83\x33\x50\xd2\x00"
"\x0d\x29\x74\x28\x20\x18\x05\x2a\x84\x28\x10\x18\x05\x2b\x74\x28"
"\x10\x38\x21\x3a\x04\x02\x65\x96\x82\x81\x04\x18\x3a\x14\x0c\x8c"
"\x82\x18\x42\x14\x08\x8c\x02\x19\x3a\x14\x08\x5c\x68\x29\x18\x6f"
"\x0d\xf2\x20\x0d\xd4\x31\xc8\x5a\x83\x21\x02\x9c\x1d\x10\x70\x1a"
"\x88\x0a\x00\x5d\x6e\x30\x44\x80\x7c\x03\x34\x22\x5f\x1b\xb8\x41"
"\x30\xa0\x63\xe0\xc5\x80\x0d\x12\x39\x98\x83\x3a\x18\xd0\x31\xf8"
"\x62\xc0\x06\x63\x20\x07\xb7\x50\x07\x03\x3a\x86\x7f\x60\x83\x32"
"\x90\x83\x38\xa8\x03\x77\x07\x72\x0e\xc4\x88\x7c\x73\xf0\x06\x01"
"\x4a\xe0\x47\x23\x82\x01\x21\xfd\xff\xff\xff\x61\x70\x70\x30\xa0"
"\x62\x40\xc7\xe0\x0d\x26\x38\x18\x50\x71\x91\xdf\x1b\x4c\x70\x30"
"\xa0\xe2\x22\xbf\x37\x68\xe0\x20\x22\x10\x88\x81\x04\x5f\x50\xc1"
"\x15\xa9\xa8\x9f\x13\x40\x42\x70\x28\x30\x36\x25\x63\x04\x01\x28"
"\xc1\x1f\x90\x42\x03\xbe\x38\x80\x83\x60\x88\x41\x01\x84\x20\x18"
"\x60\xa4\x44\xc8\x07\x03\x1f\x1e\xc8\x41\x30\x04\x62\xf6\xff\xff"
"\xff\x87\x01\x02\x90\xc6\x3f\x2a\x03\x52\x02\x5f\x1b\xcc\x41\x30"
"\xa0\x62\x30\x03\x39\x50\xc9\xc0\x0d\x06\x54\x0c\x8c\x1c\xb0\x64"
"\xe0\x06\xc8\x4b\x23\x1d\x02\x91\xfb\xff\xff\xff\xc3\x10\x00\xe3"
"\x18\x40\x68\x48\xa5\x71\x0c\x20\x54\xa8\xd2\x40\x86\x20\x84\xd6"
"\x28\x05\x21\xb4\x01\x11\xc1\x20\x06\xbe\xff\xff\xff\x3f\x0c\x8e"
"\x0e\x06\x54\x0c\xd2\x1c\x4c\x74\x30\xa0\x22\x33\xe6\x60\xa2\x83"
"\x01\x15\x99\x33\x07\x0d\x1d\x44\x04\x02\x31\x90\x20\x0c\x2a\xc8"
"\x22\x15\x28\x74\x02\x48\x08\x0e\x05\xc6\xa6\xa4\x8e\x20\x00\x25"
"\x2b\x04\x52\x90\xc0\x57\x07\x74\x10\x0c\x31\x28\x80\x10\x04\x03"
"\xad\x97\x08\x49\xc9\x01\xf8\xf0\xa0\x0d\x82\x01\x15\x03\x3a\xac"
"\x41\x62\x07\x03\x2a\x06\xbd\x0c\xd6\xe0\x0c\xec\x60\x40\xc5\xc0"
"\x97\xc1\x1a\x8c\x81\x1d\x0c\xa8\x20\xe0\x61\x0d\x2a\x3b\x48\x44"
"\x2d\x81\xc0\x0a\x08\x10\x28\x33\x15\x8c\xb8\x40\xd0\x07\x83\x04"
"\x41\x40\x85\x2c\x1d\x0a\x0c\x46\xc1\x2c\x21\x0a\x04\x46\x01\x2d"
"\x1d\x0a\x04\x2e\x36\x15\x0c\x15\x04\x80\x90\x80\x55\x30\x44\x82"
"\x7e\xe9\x04\x90\x10\x1c\x0a\xa2\x4d\x53\x39\xc1\x80\x0c\x50\x01"
"\x7c\x6c\x60\x07\xc1\x80\x8a\xa1\xba\x03\x94\x68\x83\x01\x15\x43"
"\x74\x07\x28\xd1\x06\x03\x2a\x86\xe1\x0e\x50\xa2\x0d\x50\xa0\x4e"
"\x10\x1f\x08\xab\x20\x90\x20\x08\x2a\x18\x22\x1d\xeb\x74\x02\x48"
"\x08\x0e\x05\xc8\x26\x25\x9e\x60\x40\x06\xb1\x00\x3e\x3c\xb8\x83"
"\x60\x40\xc7\xc0\x0f\x71\x80\x0a\x75\x60\xdc\x81\x0a\x00\x75\x79"
"\x30\xa0\x02\x10\xf0\x80\x3f\x03\x35\x50\x2b\x41\x84\xac\x89\x96"
"\x00\xdf\x28\xe9\x41\xa0\x5a\x62\x08\xe9\x12\xbc\x44\xbe\x51\xd8"
"\x83\x40\xbe\xc4\x2c\x91\x0f\x14\xf8\x20\x40\x03\x1e\xa9\xeb\x83"
"\x01\x15\x83\x8b\x06\x7c\x30\xf5\xc1\x80\x8a\x4b\x25\x03\x3e\x98"
"\xfa\x60\x40\xc5\xa5\x92\x01\x1f\x34\x7d\x10\x11\x08\xca\x40\x82"
"\x2f\xa8\xe0\x8a\x54\xa0\xd2\x09\x20\x21\x38\x14\x18\x9b\x12\x7b"
"\x82\x00\x94\xac\x12\x48\x81\x01\x9f\x1f\xf4\x41\x30\xc4\xa0\x00"
"\x42\x10\x0c\xb0\x9b\x22\xa4\x13\x81\xaf\x14\xfe\x20\x88\x08\x84"
"\xea\x41\xd3\x2b\xa9\x0c\x6e\x0a\x7c\xa3\x00\x0a\xc1\x80\x8a\x81"
"\x0c\xfe\x00\x4e\x83\x3d\x18\x50\x31\x30\x7f\x20\xa7\xc1\x1e\xa0"
"\x6b\x95\x34\x22\x10\xb6\x60\x1c\xc3\x2c\x0d\x3c\x35\x8e\x61\x96"
"\x8a\x9e\x1a\xc8\x10\xd0\x92\x3f\xa5\x80\x96\x36\xc0\x85\xc2\x80"
"\x8a\x01\x02\x85\x29\x14\x06\x54\x64\x04\x28\x4c\xa1\x30\xa0\x22"
"\x63\x40\xa1\x09\x85\x88\x40\x18\x83\x81\x04\x61\x50\x41\x16\xa9"
"\xd0\xa5\x13\x40\x42\x70\x28\x30\x36\x25\x27\x05\x01\x28\xe9\x25"
"\x90\x42\x04\x3e\x51\x08\x85\x60\x88\x41\x01\x84\x20\x18\x68\x6f"
"\x45\xc8\x49\x0d\xc0\x57\x0a\xa3\x10\x0c\xe8\x18\x78\x35\xd0\x03"
"\x58\xf8\x03\x34\x10\x85\x01\x1d\x83\xaf\x06\x7a\x80\x07\x7f\x60"
"\x88\xc2\x80\x0e\x00\x1c\xf4\xc0\x0e\xfe\x40\x0d\x44\xc1\x91\xc2"
"\x80\x8a\x61\x22\x05\x63\x14\x06\x54\x0c\x0d\x29\x18\xa3\x30\xa0"
"\x02\x68\x48\xc1\x18\x05\x12\x04\x41\x05\x43\xa4\x02\xad\x4e\x00"
"\x09\xc1\xa1\xc0\xd8\xf8\x40\x30\xdc\x2a\x25\x6f\x05\x03\x32\xc0"
"\x03\xf0\x95\x02\x29\x04\x03\x3a\x06\x59\xf0\x03\x30\x10\x05\x84"
"\x14\xc8\x7c\x0d\x04\x05\x64\x01\x2a\x00\xd4\x99\xc2\x80\x0a\xa2"
"\x31\x05\x7d\x0d\x4a\x61\x40\x05\x70\x98\x02\x51\x0a\x03\x2a\x86"
"\xc3\x14\x98\x52\x50\x41\x00\x65\x08\x42\x7c\x20\x0c\x79\x85\x06"
"\x92\xc2\x64\x88\x16\x0c\xc8\xc0\x14\xc0\x37\x4a\xa6\x10\x90\xfe"
"\x1a\x88\x0a\x00\x25\xfb\x45\x8c\x14\x9c\x16\x08\x94\xfe\x0a\x86"
"\x12\x06\x89\x0b\x04\x22\x20\x41\x10\xc8\x7e\x11\x03\x05\x7e\x75"
"\x28\x10\x18\x05\x7f\x85\x28\x10\x18\x05\xa0\x75\x28\x10\xb8\x88"
"\x58\x30\x54\x10\x00\x4a\x02\x4e\x4e\x6c\x81\x40\x51\xb1\x60\x28"
"\x67\x90\xb8\x40\x88\x02\x12\x04\x01\x1d\xaa\x75\x28\x40\x18\x05"
"\xab\x85\x28\x10\x18\x05\xac\x75\x28\x10\xb8\xb8\x58\x30\x54\x10"
"\x80\x64\xee\x4a\x94\x89\x00\x8e\x6e\x08\x6a\x4a\x78\xa8\xc0\x0b"
"\x01\xd1\x31\x62\xc8\x80\xbc\xcc\x97\x0a\xab\x10\x28\x68\x90\x35"
"\x0c\x11\xe0\x54\x61\x40\xc5\x40\xa4\x42\xa2\x0a\x03\x2a\x06\xdb"
"\x0d\x52\xe1\x0c\x54\x61\x40\xc5\x80\xbb\x41\x2a\x8c\x81\x2a\x0c"
"\xa8\x20\xb0\x54\xa8\x54\x21\x11\xe3\x05\x02\x2b\x20\x40\xa0\x84"
"\x59\x30\xe2\x02\xe1\x0c\x0c\x12\x04\x01\x15\xe0\x75\x28\x30\x18"
"\x05\xe1\x85\x28\x10\x18\x05\xe2\x75\x28\x10\xb8\x90\x59\x30\x54"
"\x10\x00\x42\x02\x56\xc1\x10\x09\x6a\xaf\x13\x40\x42\x70\x28\x88"
"\x36\x4d\xf3\x05\x03\x32\xb0\xc0\xb7\x0a\xaa\x10\x0c\xa8\x20\xfc"
"\x00\x15\x24\x55\x18\x50\x41\xc8\x02\x2a\x90\x81\x2a\x0c\xa8\x18"
"\x48\x38\x40\x05\x45\x15\xd0\x10\x5f\x87\x02\x82\x51\x20\x5f\x88"
"\x02\x81\x51\x30\x5f\x87\x02\x81\x13\x22\x62\x20\x50\xf6\x2c\x18"
"\x48\xc0\xaf\x43\xc1\xc0\x28\xc8\x2f\x44\x81\xc0\x28\xd0\xaf\x43"
"\x81\xc0\x85\xcf\x82\xf1\x58\xa1\x15\xd2\x40\x1d\x83\xac\x35\x18"
"\x22\xc0\xe1\x02\x41\xb5\x81\xb8\x5d\x20\xa9\x36\x10\x15\x00\xba"
"\xde\x60\x88\x00\x09\x07\x31\x46\xbe\x57\x80\x85\x60\x40\xc7\xe0"
"\xc6\x81\x2b\x24\xb4\x30\x07\xb7\x30\xa0\x63\x80\xe3\xc0\x15\xc6"
"\x80\x16\x6e\xe1\x16\x06\x74\x0c\xff\xe0\x0a\x65\x40\x0b\x71\x70"
"\x0b\x2e\x17\x24\x1d\xac\x18\xf9\x6a\x21\x16\x02\xa4\xe4\x96\x46"
"\x04\x03\x42\xfa\xff\xff\xff\xc3\xe0\x64\x61\x40\xc5\xa0\xc7\x41"
"\x2c\x4c\xb2\x30\xa0\xe2\xb2\xdb\x20\x16\x26\x59\x18\x50\x71\xd9"
"\x6d\x10\x0b\x8d\x2c\x44\x04\x02\x31\x90\xe0\x0b\x2a\xb8\x22\x15"
"\xbe\x75\x02\x48\x08\x0e\x05\xc6\xa6\x84\xc5\x20\x00\x25\xe1\x05"
"\x52\x68\xc0\x37\x0b\xb2\x10\x0c\x31\x28\x80\x10\x04\x03\xac\xcd"
"\x08\xf9\x64\xe0\xd3\x05\x5a\x08\x86\x40\xcc\xfe\xff\xff\xff\x30"
"\x40\x00\xda\xca\x4b\x65\xd0\x66\xe0\x7b\x85\x5a\x08\x06\x54\x0c"
"\x66\x40\x0b\xbc\x1c\xc0\xc2\x80\x8a\x81\xa1\x05\x5f\x0e\x60\x01"
"\x7d\x32\xa6\x43\x20\x72\xff\xff\xff\x7f\x18\x02\x60\x1c\x43\x7a"
"\x0d\x72\x36\x8e\x21\xbd\x8a\x39\x1b\xc8\x10\xa8\x17\x8d\xa5\x40"
"\xbd\x36\x20\x22\x18\xc4\xc0\xf7\xff\xff\xff\x87\xc1\xd9\xc2\x80"
"\x8a\x41\xaa\x85\xc9\x16\x06\x54\x64\x46\x2d\x4c\xb6\x30\xa0\x22"
"\x73\x6a\xa1\xb1\x85\x88\x40\x20\x06\x12\x84\x41\x05\x59\xa4\x22"
"\xbe\x4e\x00\x09\xc1\xa1\xc0\xd8\x94\xf8\x18\x04\xa0\x84\xbe\x40"
"\x0a\x12\xf8\x6e\xc1\x16\x82\x21\x06\x05\x10\x82\x60\xa0\x99\x1a"
"\x21\xa9\x39\x00\x9f\x2e\xbc\x42\x30\xa0\x62\x50\x07\x56\x48\x70"
"\x61\x40\xc5\xc0\xd2\x01\x2b\x9c\x01\x2e\x0c\xa8\x18\x5c\x3a\x60"
"\x85\x31\xc0\x85\x01\x15\x84\x3c\xb0\x42\x85\x0b\x89\xf0\x33\x10"
"\x58\x01\x01\x02\x85\xdf\x82\x11\x17\x08\x22\x61\x90\x20\x08\xa8"
"\xd8\xb3\x43\x81\xc1\x28\xe0\x33\x44\x81\xc0\x28\xe8\xb3\x43\x81"
"\xc0\xe5\xdf\x82\xa1\x82\x00\x10\x12\xb0\x0a\x86\x48\x10\xaa\x9d"
"\x00\x12\x82\x43\x41\xb4\x69\x72\x35\x18\x90\x41\x2a\x80\xcf\x15"
"\x70\x21\x18\x50\x31\x54\xb9\x80\x12\xaf\x30\xa0\x62\x88\x72\x01"
"\x25\x5e\x61\x40\xc5\x30\xe4\x02\x4a\xbc\x02\x0a\x66\x0d\xe2\x03"
"\x61\x15\x04\x12\x04\x41\x05\x43\xa4\x83\xd6\x4e\x00\x09\xc1\xa1"
"\x00\xd9\xa4\xe8\x1a\x0c\xc8\x20\x16\xc0\xa7\x0b\xb9\x10\x0c\xe8"
"\x18\xf8\x61\x16\x50\xe1\x16\x8c\x5c\x50\x01\xa0\x6e\x17\x06\x54"
"\x0c\x6e\xd1\x0a\x6c\xa1\x0b\x03\x2a\x00\xd8\x0e\x5a\x81\xd0\x05"
"\x24\xa4\x03\xa8\x00\x50\x65\x13\x43\x0c\x31\x40\xa2\x10\x04\x83"
"\x67\xe5\x08\x21\xf0\x31\x37\x4a\xea\x26\x88\x78\xbf\xd0\x0b\x2b"
"\x21\xc3\x22\x27\xc0\xf7\x0e\xbe\x10\x28\x9c\x18\x44\xe9\xc4\x10"
"\xce\x1d\x88\xd9\x11\x43\x06\xf0\x66\x3e\x70\x08\x87\x40\xf1\xc4"
"\x20\x6b\x18\x22\xc0\xb1\xc3\x80\x0a\x42\x4d\x7e\xe1\x24\xd8\x61"
"\x40\x05\xe1\x27\xbf\x50\x0f\xec\x30\xa0\x62\x80\xef\xe0\x17\x5e"
"\x82\x1d\xe4\x5a\x8c\x05\xf8\xde\x41\x1c\x02\x02\x77\x03\x51\x01"
"\xa0\xaa\x2c\x86\x90\x66\x51\x6b\xe4\x1b\x07\x72\x08\x06\x74\x0c"
"\xfc\x1d\x88\x43\x82\x0e\x73\xb0\x0e\x03\x3a\x06\xff\x0e\xc4\x61"
"\x0c\xd0\xe1\x16\xd6\x61\x40\xc7\x00\x89\x43\x19\xa0\x43\x1c\xac"
"\x83\x6b\x07\xa9\x16\xaf\x46\xbe\x74\x28\x87\x00\x19\x74\xa6\x11"
"\x81\x80\x2c\xce\x1c\x06\x54\x0c\x28\x1e\x94\xc3\x64\x0e\x03\x2a"
"\x2e\x92\x0e\xca\x61\x32\x87\x01\x15\x17\x49\x07\xe5\xd0\x98\x43"
"\x44\x20\x10\x03\x09\xbe\xa0\x82\x2b\x52\x51\x6a\x27\x80\x84\xe0"
"\x50\x60\x6c\x4a\xe6\x0d\x02\x50\x82\x6a\x20\x85\x06\x7c\xe7\x60"
"\x0e\xc1\x10\x83\x02\x08\x41\x30\xc0\x68\x8e\x90\x4f\x05\xbe\x77"
"\x40\x87\x00\x69\x10\xa0\x8b\xd5\x54\x06\x34\x07\xbe\x71\x48\x87"
"\x60\x40\xc5\x60\x06\xe8\xa0\xe6\x01\x39\x0c\xa8\x18\x18\x74\x60"
"\xf3\x80\x1c\xd0\x86\x6a\x8a\xc0\x20\x80\x71\x0c\xb0\x36\xe4\xdc"
"\x38\x06\x58\x2b\x74\x6e\x20\x43\x10\x6b\xfb\x96\x82\x58\xdb\x80"
"\x88\x40\x10\x83\x32\x70\xea\x30\xa0\x62\x90\xd2\x61\x52\x87\x01"
"\x15\x99\x91\x0e\x93\x3a\x0c\xa8\xc8\x9c\x74\x68\xd4\x21\x22\x10"
"\x88\x81\x04\x61\x50\x41\x16\xa9\xc0\xb5\x13\x40\x42\x70\x28\x30"
"\x36\x25\x25\x07\x01\x28\xd9\x35\x90\x82\x04\xbe\x75\x50\x87\x60"
"\x88\x41\x01\x84\x20\x18\x68\x6d\x47\x48\xea\x0d\xc0\xf7\x0e\xe3"
"\x10\x0c\xa8\x18\xe0\x01\x1c\x12\x76\x18\x50\x31\xe8\x7a\x00\x0e"
"\x67\xc0\x0e\x03\x2a\x06\x5e\x0f\xc0\x61\x0c\xd8\x61\x40\x05\xc1"
"\x33\xe0\x50\xb1\x43\x22\xca\x0e\x04\x56\x40\x80\x40\x19\xbf\x60"
"\xc4\x05\x42\x7a\x18\x24\x08\x02\x2a\xc4\xee\x50\x60\x30\x0a\xc6"
"\x0e\x51\x20\x30\x0a\xc8\xee\x50\x20\x70\x31\xbf\x60\xa8\x20\x00"
"\x84\x04\xac\x82\x21\x12\xf4\x76\x27\x80\x84\xe0\x50\x10\x6d\x9a"
"\xea\x0e\x06\x64\xc0\x0a\xe0\x0b\x07\x76\x08\x06\x54\x0c\x55\x3b"
"\xa0\xc4\x38\x0c\xa8\x18\xa2\x76\x40\x89\x71\x18\x50\x31\x0c\xed"
"\x80\x12\xe3\x80\x02\xbd\x83\xf8\x40\x58\x05\x81\x04\x41\x50\xc1"
"\x10\xe9\xd8\xbb\x13\x40\x42\x70\x28\x40\x36\x29\xa1\x07\x03\x32"
"\x88\x05\xf0\xbd\x43\x3b\x04\x03\x2a\x06\xbe\xf0\x85\xc4\x1d\x06"
"\x54\x0c\x3e\x1f\xf8\xc2\x19\xb8\xc3\x80\x8a\x01\xec\x03\x5f\x18"
"\x03\x77\x18\x50\x41\x80\x8f\x2f\x54\xee\x90\x88\xd3\x03\x81\x15"
"\x10\x20\x50\x4a\x30\x08\x46\x5c\x20\xac\x88\x41\x82\x20\xa0\x82"
"\xf4\x0e\x05\x06\xa3\xa0\xf4\x10\x05\x02\xa3\xc0\xf4\x0e\x05\x02"
"\x17\x14\x0c\x82\xa1\x82\x00\x10\x12\xb0\x0a\x86\x48\x50\xec\x9d"
"\x00\x12\x82\x43\x41\xb4\x69\xba\x3d\x18\x90\x81\x3c\x80\xef\x1d"
"\xdc\x21\x18\x50\x43\xf0\x46\x38\x98\x50\x2f\xf0\xc6\x3a\xf0\xc6"
"\x39\xf0\x46\x3b\x48\xee\x30\xa0\x86\xe0\x8d\x70\xd0\xa1\x5e\xe0"
"\x8d\x75\xe0\x8d\x73\xe0\x8d\x76\x20\x03\x77\x18\x50\x33\xb0\x7e"
"\x10\x0e\xac\x1f\xf4\x02\x3e\xac\x03\x5b\x9c\x83\x1d\xb4\x83\xe2"
"\x0e\x68\xa8\xbd\x43\x01\xc1\x28\xb0\x3d\x44\x81\xc0\x28\xb8\xbd"
"\x43\x81\xc0\x09\x31\x3f\x10\x28\x3f\x18\x04\x03\x09\xbc\x77\x28"
"\x18\x18\x05\xbd\x87\x28\x10\x18\x05\xbe\x77\x28\x10\xb8\x80\x61"
"\x10\x0c\x82\x86\x01\x31\x64\x20\x7f\xe6\x83\x07\x7f\x08\x54\x32"
"\xc8\x1a\x86\x08\x70\xfb\x40\xdc\x30\x18\x88\x0a\x00\x5d\xc6\x10"
"\x01\xf2\xb0\x3f\xf2\xc9\xc3\x3c\x04\x03\x3a\x06\xfc\x0f\xe2\x21"
"\xb9\x87\x39\xd0\x87\x01\x1d\x83\xfe\x07\xf1\x30\x06\xf7\x70\x0b"
"\xfa\x30\xa0\x63\xf8\x87\x78\x28\x83\x7b\x88\x03\x7d\x70\xfc\x20"
"\x17\xf8\x23\x1f\x3e\xd0\x43\x80\x12\xbf\xd3\x88\x60\x40\x48\xff"
"\xff\xff\x7f\x18\x5c\x3d\x0c\xa8\x18\x48\x50\xa0\x87\xa9\x1e\x06"
"\x54\x5c\x20\x1f\xd0\xc3\x54\x0f\x03\x2a\x2e\x90\x0f\xe8\xa1\xa9"
"\x87\x88\x40\x20\x06\x12\x7c\x41\x05\x57\xa4\x62\xf4\x4e\x00\x09"
"\xc1\xa1\xc0\xd8\x94\xc4\x1f\x04\xa0\xc4\xf4\x40\x0a\x0d\xf8\xec"
"\xa1\x1e\x82\x21\x06\x05\x10\x82\x60\x80\xc9\x60\x40\xc8\x07\x03"
"\x5f\x3f\xdc\x43\x30\x04\x62\xf6\xff\xff\xff\x87\x01\x02\x90\xa6"
"\x7a\x2a\x03\x19\x0c\xc0\x27\x0f\xf8\x10\x0c\xa8\x18\xcc\xe0\x1e"
"\xcc\x50\x98\x87\x01\x15\x03\x73\x0f\x68\x28\xcc\x03\xf2\xee\x4f"
"\x87\x40\xe4\xfe\xff\xff\xff\x30\x04\xc0\x38\x06\xd7\x1b\x6e\x30"
"\x18\xc7\xe0\x7a\x05\x0e\x06\x03\x19\x82\xd7\xcb\xbf\x14\xbc\xde"
"\x06\x44\x04\x83\x18\xf8\xfe\xff\xff\xff\x30\xb8\x7c\x18\x50\x31"
"\x48\xf8\x30\xe5\xc3\x80\x8a\xcc\xc0\x87\x29\x1f\x06\x54\x64\x0e"
"\x3e\x34\xf9\x10\x11\x08\xc4\x40\x82\x30\xa8\x20\x8b\x54\xd8\xde"
"\x09\x20\x21\x38\x14\x18\x9b\x92\x11\x0c\x20\x00\x25\xb9\x07\x52"
"\x90\xc0\xa7\x0f\xf9\x10\x0c\x31\x28\x80\x10\x04\x03\x6d\x0d\x03"
"\x42\x52\x72\x00\xbe\x7e\x90\x87\x60\x40\xc5\x80\x0e\xf0\x90\xec"
"\xc3\x80\x8a\xc1\x16\x05\x78\x38\x83\x7d\x18\x50\x31\xe0\xa2\x00"
"\x0f\x63\xb0\x0f\x03\x2a\x08\x7a\x80\x87\x6a\x1f\x12\x31\x86\x01"
"\x08\xac\x80\x00\x81\x12\x8e\x41\x30\xe2\x02\xe1\x5c\x0c\x12\x04"
"\x01\x15\x60\x18\x1c\x0a\x0c\x46\x41\x18\x06\x88\x02\x81\x51\x20"
"\x86\xc1\xa1\x40\xe0\x42\x8e\x41\x30\x54\x10\x00\x42\x02\x56\xc1"
"\x10\x09\x6a\xc3\xe0\x04\x90\x10\x1c\x0a\xa2\x4d\xd3\x1c\x06\x30"
"\x20\x03\x54\x00\x5f\x3c\xec\x43\x30\xa0\x62\xa8\xf8\x01\x25\xe4"
"\x61\x40\xc5\x10\xf1\x03\x4a\xc8\xc3\x80\x8a\x61\xe0\x07\x94\x90"
"\x07\x14\xe0\x61\x00\xf1\x81\xb0\x0a\x02\x09\x82\xa0\x82\x21\xd2"
"\x91\x87\xc1\x09\x20\x21\x38\x14\x20\x9b\x94\x3f\x0c\x60\x40\x06"
"\xb1\x00\xbe\x7e\xe0\x87\x60\x40\xc7\xc0\x0f\xf6\x80\x0a\xfa\x60"
"\xf0\x83\x0a\x00\x75\xfe\x30\xa0\x02\x10\xfa\x01\x27\x85\x77\x90"
"\x21\x93\x2f\xe0\x1b\xa5\x7f\x08\x06\x54\x10\xcd\x3f\xe8\xa4\xe0"
"\x0f\x03\x2a\x80\xe3\x1f\x0c\x7f\x18\x50\x31\x1c\xff\x80\x1b\xfe"
"\xa0\x82\x00\xca\x10\x84\xf8\x40\x18\x52\x31\x40\x03\x0d\x06\x98"
"\x0c\x59\x0c\x60\x40\x06\xe9\x01\xbe\x51\xfa\x87\x80\xb4\x64\x30"
"\x10\x15\x00\x4a\x56\x32\x20\x46\x0a\x6e\x31\x00\x81\xd2\x92\x41"
"\x30\x94\x30\x48\x5c\x20\x10\x01\x09\x82\x40\x56\x32\x20\x06\x0a"
"\x5c\x31\x38\x14\x08\x8c\x82\x57\x0c\x10\x05\x02\xa3\x00\x16\x83"
"\x43\x81\xc0\x45\x26\x83\x60\xa8\x20\x00\x94\x04\x9c\x9c\x70\x0c"
"\x40\xa0\xe8\x64\x10\x0c\xe5\x0c\x12\x17\x08\x51\x40\x82\x20\xa0"
"\x43\x17\x83\x43\x01\xc2\x28\xd8\xc5\x00\x51\x20\x30\x0a\x78\x31"
"\x38\x14\x08\xac\x82\x00\x10\x12\x70\xd2\xc6\x30\x00\x81\x62\x96"
"\x41\x30\x10\x31\x8e\xc1\xa1\xa0\x60\x14\x90\x63\x80\x28\x10\x18"
"\x05\xe5\x18\x1c\x0a\x04\x2e\x67\x19\x04\x83\xbc\x65\x40\x0c\x19"
"\xe4\x63\x60\xbe\x90\x18\x89\x40\x25\x83\xac\x61\x88\x00\x27\x12"
"\x03\x2a\x06\x22\x24\x12\x91\x18\x50\x31\x80\xa8\x10\x12\x67\x20"
"\x12\x03\x2a\x06\x11\x15\x42\x62\x0c\x44\x62\x40\x05\x01\x85\x44"
"\x25\x12\x89\xc0\xc7\x00\x04\x56\x40\x80\x40\xb1\xcb\x20\x18\x71"
"\x81\xc0\x06\x06\x09\x82\x80\x8a\x7a\x0c\x0e\x05\x06\xa3\xc0\x1e"
"\x03\x44\x81\xc0\x28\xb8\xc7\xe0\x50\x20\x70\xc9\xcb\x20\x18\x2a"
"\x08\x00\x21\x01\xab\x60\x88\x04\x89\x64\x70\x02\x48\x08\x0e\x05"
"\xd1\xa6\x09\x25\x03\x18\x90\x81\x05\xbe\x91\x10\x89\x60\x40\x05"
"\x61\x07\x20\x21\x89\xc4\x80\x0a\x82\x14\x40\x82\x0c\x44\x62\x40"
"\xc5\xe0\xa6\x02\x48\x28\x22\x21\xe3\xc0\x14\x03\x30\x0d\x35\x19"
"\x80\x40\x59\xcd\x20\x18\x8a\x18\x24\x2e\x10\x44\x21\x20\x41\x10"
"\x10\xb2\x92\xc1\xa1\x20\x61\x14\xb0\x64\x80\x28\x10\x18\x05\x2d"
"\x19\x1c\x0a\x04\x2e\xaf\x19\x04\x43\x05\x01\x20\x24\xe0\xf4\xf8"
"\x64\x00\x02\xe5\x36\x83\x60\xa8\x66\x90\xb8\x40\x70\x85\x80\x04"
"\x41\x40\xc7\x4d\x06\x87\x02\x84\x51\x80\x93\x01\xa2\x40\x60\x14"
"\xe4\x64\x70\x28\x10\xb8\xec\x66\x10\x0c\x15\x04\x20\x91\x00\x7c"
"\x24\xa1\x13\xd9\x2b\x09\x9a\x08\x9e\x49\xa0\x44\x1d\x28\x66\x90"
"\x75\x07\x43\x04\xb8\x93\x18\x50\x31\x10\x26\x91\x9c\xc4\x80\x8a"
"\x01\x5d\x05\x93\x38\x83\x93\x18\x50\x31\xa8\xab\x60\x12\x63\x70"
"\x12\x03\x2a\x08\xc8\x24\xaa\x93\x48\x04\x5b\x06\x20\xb0\x02\x02"
"\x04\x8a\x7a\x06\xc1\x88\x0b\x04\x70\x30\x48\x10\x04\x54\xa4\x65"
"\x70\x28\x30\x18\x05\x6a\x19\x20\x0a\x04\x46\xc1\x5a\x06\x87\x02"
"\x81\x4b\x7b\x06\xc1\x50\x41\x00\x08\x09\x58\x05\x43\x24\xc8\x2e"
"\x83\x13\x40\x42\x70\x28\x88\x36\x4d\x7c\x19\xc0\x80\x0c\x2c\xf0"
"\xa1\xc4\x49\x04\x03\x2a\x06\x99\x15\x4a\xc2\x38\x09\xe9\x06\x67"
"\x00\xbe\x9b\x48\x89\x80\x84\x68\x30\x10\x15\x00\xaa\xd2\x60\x08"
"\xa9\x06\x66\x19\x90\x4f\x26\x54\x22\x90\x6b\xd0\x93\x01\xf9\x5e"
"\x62\x25\x02\x34\x88\x64\xa0\x11\x81\x50\x20\x8e\x25\x06\x54\x0c"
"\x64\x2b\xac\xc4\xc4\x12\x03\x2a\x2e\x30\x15\x56\x62\x62\x89\x01"
"\x15\x17\x98\x0a\x2b\xd1\xb0\x44\x44\x20\x10\x03\x09\xbe\xa0\x82"
"\x2b\x52\x31\x93\xc1\x09\x20\x21\x38\x14\x18\x9b\x92\xd0\x0c\x20"
"\x00\x25\x36\x19\x80\x14\x1a\xf0\xb5\x04\x4b\x04\x43\x0c\x0a\x20"
"\x04\xc1\x00\x13\xcf\x80\x90\x8f\x04\xbe\x9b\x70\x89\x00\x5d\x10"
"\x20\x4a\x27\x03\x95\x81\x78\x06\xe0\x93\x89\x97\x08\x06\x54\x0c"
"\x66\xe0\x12\xa6\x2b\xa8\xc4\x80\x8a\x81\x71\x09\xd4\x15\x54\x02"
"\x61\x36\x19\x28\xea\x02\x18\xc7\xe0\x93\xc1\x70\x9e\xc1\x38\x06"
"\x9f\x0c\x0a\xf4\x0c\x06\x32\x04\x3f\x19\xa4\x66\x90\x82\x9f\x0c"
"\x36\x20\x22\x10\x3e\x31\x70\x30\x31\xa0\x62\x90\x5e\x62\x82\x89"
"\x01\x15\x99\xf1\x12\x13\x4c\x0c\xa8\xc8\x9c\x97\x68\x60\x22\x22"
"\x10\x88\x81\x04\x61\x50\x41\x16\xa9\x30\xcb\xe0\x04\x90\x10\x1c"
"\x0a\x8c\x4d\xc9\x6c\x06\x10\x80\x92\xb4\x0c\x40\x0a\x12\xf8\x62"
"\x02\x26\x82\x21\x06\x05\x10\x82\x60\xa0\xed\x67\x40\x48\x8a\x0d"
"\xc0\x77\x13\x32\x11\x0c\xe8\x18\xe8\x57\x48\x09\x5a\x70\x09\x35"
"\x88\x89\x01\x1d\x83\xfd\x0a\x29\xa1\x07\x2e\x61\xc4\xc4\x80\x8e"
"\xc1\x1c\x52\x02\x0f\x5c\x82\x0d\x62\xc2\xcd\xc4\x80\x8a\xa1\x9a"
"\x09\x43\x26\x06\x54\x0c\xd1\x4c\x18\x32\x31\xa0\x62\x18\x66\xc2"
"\x90\x09\x14\xd4\x67\x00\xf1\x81\x50\x07\x02\x09\x82\xa0\x82\x21"
"\xd2\x61\x9f\xc1\x09\x20\x21\x38\x14\x20\x9b\x14\xfe\x0c\x60\x40"
"\x06\x7b\x00\xbe\x9b\x98\x89\x40\xb6\x83\x39\x80\xef\x26\x6a\x22"
"\x50\xe5\x30\x88\x3a\x87\x21\x9c\x4d\x0c\xa8\x18\x88\x9a\x48\x6c"
"\x62\x40\xc5\xa0\xc3\x42\x4d\x9c\x81\x4d\x0c\xa8\x18\x78\x58\xa8"
"\x89\x31\xb0\x89\x01\x15\x84\x68\xd4\x44\x65\x13\x89\x28\xd1\x00"
"\x04\x56\x40\x80\x40\x19\xd5\x20\x18\x71\x81\x90\x17\x06\x09\x82"
"\x80\x0a\x11\x0d\x0e\x05\x06\xa3\x60\x44\x03\x44\x81\xc0\x28\x20"
"\xd1\xe0\x50\x20\x70\x31\xd5\x20\x18\x2a\x08\x00\x21\x01\xab\x60"
"\x88\x04\xbd\x68\x70\x02\x48\x08\x0e\x05\xd1\xa6\xa9\x46\x03\x18"
"\x90\x81\x05\xbe\x9b\xb0\x89\x60\x40\xcd\x40\xca\x02\x4a\x90\xb2"
"\x40\x13\x28\xd1\x12\xb4\x10\x13\x78\x30\x13\x86\x4d\xc8\x7f\xd0"
"\xcf\x80\x7c\x38\x91\x13\x81\x12\x08\x50\x01\xb4\x26\x00\x15\x10"
"\xab\x82\x21\xdc\x78\xa8\x43\x5a\x13\x80\x0a\x86\x75\xe3\xf1\x76"
"\x42\x2d\xf8\xe1\xf1\x84\x4f\xc0\x85\x3a\x89\x41\x96\x5c\x0c\x11"
"\xe0\x7a\x62\x40\xc5\x40\xf0\x44\xd2\x13\x03\x2a\x06\x5f\x16\x78"
"\xe2\x0c\x7a\x62\x40\xc5\x00\xce\x02\x4f\x8c\x41\x4f\x0c\xa8\x20"
"\x4c\x84\x27\xaa\x9e\x48\xc4\x99\x06\x20\xb0\x02\x02\x04\x4a\xb9"
"\x06\xc1\x88\x0b\x84\xdd\x30\x48\x10\x04\x54\x90\x69\x70\x28\x30"
"\x18\x05\x65\x1a\x20\x0a\x04\x46\x81\x99\x06\x87\x02\x81\x0b\xba"
"\x06\xc1\x50\x41\x00\x08\x09\x58\x05\x43\x24\x28\x4e\x83\x13\x40"
"\x42\x70\x28\x88\x36\x4d\x77\x1a\xc0\x80\x0c\x2c\xf0\xf9\x44\x4f"
"\x04\x03\x2a\x08\x36\xd9\x09\xa9\x27\x06\x54\x10\xa0\xb2\x13\x64"
"\xd0\x13\x03\x2a\x06\x96\x16\x76\x42\xe9\x09\xb9\x16\x64\x01\xbe"
"\xb6\xf8\x89\x80\xf8\x6b\x30\x10\x15\x00\xaa\xcc\x62\x08\x79\x16"
"\x63\x1a\x90\x0f\x2d\xc0\x22\x90\x68\xa1\xa3\x01\xf9\xca\x22\x2c"
"\x02\x34\xfc\x67\xa0\x11\x81\x50\x20\x4e\x2c\x06\x54\x0c\x3e\x2d"
"\x84\xc5\x24\x16\x03\x2a\x2e\x1d\x16\xc2\x62\x12\x8b\x01\x15\x97"
"\x0e\x0b\x61\xd1\x88\x45\x44\x20\x10\x03\x09\xbe\xa0\x82\x2b\x52"
"\x01\xa3\xc1\x09\x20\x21\x38\x14\x18\x9b\x12\x3f\x0d\x20\x00\x25"
"\x33\x1a\x80\x14\x1a\xf0\x8d\x85\x58\x04\x43\x0c\x0a\x20\x04\xc1"
"\x00\xfb\xd5\x80\x90\x8f\x04\xbe\xb6\x20\x8b\x00\x5d\x10\x20\xea"
"\x46\x03\x95\xc1\xaf\x06\xe0\x43\x8b\xb2\x08\x06\x54\x0c\x66\x40"
"\x16\xa0\x2d\x80\xc5\x80\x8a\x81\x21\x0b\xd1\x16\xc0\x02\x61\x33"
"\x1a\x28\xea\x02\x18\xc7\xb0\xa3\xc1\x40\xae\xc1\x38\x86\x1d\x0d"
"\x8a\x72\x0d\x06\x32\x04\x3c\x1a\x98\x6a\x90\x02\x1e\x0d\x36\x20"
"\x22\x10\x3e\x31\x70\x66\x31\xa0\x62\x90\xca\x62\x32\x8b\x01\x15"
"\x99\x51\x16\x93\x59\x0c\xa8\xc8\x9c\xb2\x68\xcc\x22\x22\x10\x88"
"\x81\x04\x61\x50\x41\x16\xa9\x18\xd3\xe0\x04\x90\x10\x1c\x0a\x8c"
"\x4d\x09\xac\x06\x10\x80\x12\x33\x0d\x40\x0a\x12\xf8\xce\xc2\x2c"
"\x82\x21\x06\x05\x10\x82\x60\xa0\xe1\x6b\x40\x48\x8a\x0d\xc0\xd7"
"\x16\x68\x11\x0c\xe8\x18\xdc\x5b\xf8\x09\x5a\x20\x0b\x35\x38\x8b"
"\x01\x1d\x03\x7c\x0b\x3f\xa1\x07\x64\x61\x9c\xc5\x80\x8e\xc1\x1c"
"\x7e\x02\x0f\xc8\x82\x0d\xce\xc2\xa5\xc5\x80\x8a\xa1\x4a\x0b\x03"
"\x2d\x06\x54\x0c\x51\x5a\x18\x68\x31\xa0\x62\x18\xd2\xc2\x40\x0b"
"\x14\xc8\x6b\x00\xf1\x81\x50\x07\x02\x09\x82\xa0\x82\x21\xd2\x31"
"\xaf\xc1\x09\x20\x21\x38\x14\x20\x9b\x94\x7c\x0d\x60\x40\x06\x7b"
"\x00\xbe\xb6\x48\x8b\x40\xaa\xc7\x78\x80\xaf\x2d\xd6\x22\x50\xe2"
"\x31\x88\x22\x8f\x21\x1c\x5b\x0c\xa8\x18\x88\xb5\x48\xd8\x62\x40"
"\xc5\x40\xe3\xc2\x5a\x9c\x01\x5b\x0c\xa8\x18\x6c\x5c\x58\x8b\x31"
"\x60\x8b\x01\x15\x04\xdf\xac\x45\xc5\x16\x89\x10\xd9\x00\x04\x56"
"\x40\x80\x40\x01\xdd\x20\x18\x71\x81\x60\x27\x06\x09\x82\x80\x8a"
"\x7f\x0d\x0e\x05\x06\xa3\x00\x64\x03\x44\x81\xc0\x28\x08\xd9\xe0"
"\x50\x20\x70\x19\xdd\x20\x18\x2a\x08\x00\x21\x01\xab\x60\x88\x04"
"\xb1\x6c\x70\x02\x48\x08\x0e\x05\xd1\xa6\x49\x66\x03\x18\x90\x81"
"\x05\xbe\xb6\x60\x8b\x60\x40\x0d\x61\x17\x3e\x21\x3e\x6a\x61\x17"
"\x67\x61\x17\x63\x61\x17\x69\x21\xb1\xc5\x80\x1a\xc2\x2e\x7c\xc2"
"\x7e\xd4\xc2\x2e\xce\xc2\x2e\xc6\xc2\x2e\xd2\x82\x0c\xd8\x62\x40"
"\xcd\x20\xea\x82\x4f\x88\xba\xa0\x16\xb8\x70\x16\x2c\x31\x16\x7c"
"\x90\x16\x0a\x5b\x24\xc1\x67\x03\x10\x28\xb4\x1b\x04\x43\x0d\x83"
"\xc4\x05\xc2\xaa\x04\x24\x08\x02\x3a\x68\x36\x38\x14\x20\x8c\x82"
"\x9a\x0d\x10\x05\x02\xa3\xc0\x66\x83\x43\x81\xc0\x05\x77\x83\x60"
"\xa8\x20\x00\x84\x04\x9c\x9c\xb3\x0d\x40\xa0\x80\x6f\x10\x0c\xd5"
"\x0c\x12\x17\x08\xb7\x12\x90\x20\x08\xe8\x00\xdb\xe0\x50\x80\x30"
"\x0a\xc2\x36\x40\x14\x08\x8c\x02\xb1\x0d\x0e\x05\x02\x17\xf2\x0d"
"\x82\xa1\x82\x00\x24\x12\x80\xcf\x2d\xfa\x22\x78\x6f\x11\x17\x7e"
"\xa2\x98\x41\x16\xa8\x0c\x11\xe0\xe0\x62\x40\xc5\x40\xbc\x45\x02"
"\x17\x03\x2a\x06\x7d\x17\xde\xe2\x0c\xe0\x62\x40\xc5\xc0\xef\xc2"
"\x5b\x8c\x01\x5c\x0c\xa8\x20\xa0\xb7\xa8\xe0\x22\x11\x75\x1b\x80"
"\xc0\x0a\x08\x10\x28\xf3\x1b\x04\x23\x2e\x10\xd2\xc5\x20\x41\x10"
"\x50\x21\xb7\xc1\xa1\xc0\x60\x14\xcc\x6d\x80\x28\x10\x18\x05\x74"
"\x1b\x1c\x0a\x04\x2e\xf6\x1b\x04\x43\x05\x01\x20\x24\x60\x15\x0c"
"\x91\xa0\xbf\x0d\x4e\x00\x09\xc1\xa1\x20\xda\x34\x95\x6e\x00\x03"
"\x32\xb0\xc0\x17\x17\x70\x11\x0c\xa8\x18\xc8\x5e\x70\x0b\x03\x2e"
"\xa4\x1b\x9c\x01\xf8\x40\x43\x2e\x02\xa2\xc2\xc1\x40\x54\x00\xa8"
"\x4a\x83\x21\xa4\x1a\xbc\x6d\x40\xbe\xbd\x98\x8b\x40\xae\x81\xd9"
"\x06\xe4\xc3\x0b\xba\x08\xd0\xb0\xb2\x81\x46\x04\x42\x81\xb8\xba"
"\x18\x50\x31\xd8\xbd\x40\x17\x53\x5d\x0c\xa8\xb8\xe4\x5c\xa0\x8b"
"\xa9\x2e\x06\x54\x5c\x72\x2e\xd0\x45\x53\x17\x11\x81\x40\x0c\x24"
"\xf8\x82\x0a\xae\x48\x05\xcf\x06\x27\x80\x84\xe0\x50\x60\x6c\x4a"
"\x54\x37\x80\x00\x94\xfc\x6c\x00\x52\x68\xc0\x67\x17\x75\x11\x0c"
"\x31\x28\x80\x10\x04\x03\x6c\x7d\x03\x42\x3e\x12\xf8\x40\xe3\x2e"
"\x02\x74\x41\x80\xa8\xb1\x0d\x54\x06\xeb\x1b\x80\x6f\x2f\xf0\x22"
"\x18\x50\x31\x98\xc1\x5d\xe0\xbe\x30\x17\x03\x2a\x06\xe6\x2e\x74"
"\x5f\x98\x0b\x84\xfd\x6c\xa0\xa8\x0b\x60\x1c\xc3\xd9\x06\x03\xfc"
"\x06\xe3\x18\xce\x36\x28\xe2\x37\x18\xc8\x10\xa0\x6d\x20\xbb\x41"
"\x0a\xd0\x36\xd8\x80\x88\x40\xf8\xc4\xc0\xe5\xc5\x80\x8a\x41\xc2"
"\x8b\x29\x2f\x06\x54\x64\x06\x5e\x4c\x79\x31\xa0\x22\x73\xf0\xa2"
"\xc9\x8b\x88\x40\x20\x06\x12\x84\x41\x05\x59\xa4\xe2\x6d\x83\x13"
"\x40\x42\x70\x28\x30\x36\x25\xbc\x1b\x40\x00\x4a\xe4\x36\x00\x29"
"\x48\xe0\xd3\x8b\xbc\x08\x86\x18\x14\x40\x08\x82\x81\x46\xc2\x01"
"\x21\x29\x36\x00\x1f\x68\xec\x45\x30\xa0\x63\x30\xc1\x41\x2e\x68"
"\xe1\x2e\xd4\x40\x2f\x06\x74\x0c\x28\x38\xc8\x85\x1e\xdc\x85\xa1"
"\x17\x03\x3a\x06\x73\x90\x0b\x3c\xb8\x0b\x36\xd0\x0b\xc7\x17\x03"
"\x2a\x86\x8a\x2f\x8c\xbd\x18\x50\x31\x44\x7c\x61\xec\xc5\x80\x8a"
"\x61\xe0\x0b\x63\x2f\x50\xe0\xbf\x01\xc4\x07\x42\x1d\x08\x24\x08"
"\x82\x0a\x86\x48\xc7\xff\x06\x27\x80\x84\xe0\x50\x80\x6c\x52\x4a"
"\x38\x80\x01\x19\xec\x01\xf8\x40\x83\x2f\x02\xd9\x0e\xe6\x00\x3e"
"\xd0\xf0\x8b\x40\x95\xc3\x20\xea\x1c\x86\x70\x7f\x31\xa0\x62\x20"
"\xfc\x22\xf9\x8b\x01\x15\x03\x1b\x0e\x7e\x71\x06\x7f\x31\xa0\x62"
"\x70\xc3\xc1\x2f\xc6\xe0\x2f\x06\x54\x10\xa2\xe1\x17\xd5\x5f\x24"
"\xc2\x85\x03\x10\x58\x01\x01\x02\x85\x95\x83\x60\xc4\x05\x82\xe8"
"\x18\x24\x08\x02\x2a\x56\x38\x38\x14\x18\x8c\x02\x16\x0e\x10\x05"
"\x02\xa3\xa0\x85\x83\x43\x81\xc0\xe5\x95\x83\x60\xa8\x20\x00\x84"
"\x04\xac\x82\x21\x12\x84\xc3\xc1\x09\x20\x21\x38\x14\x44\x9b\x26"
"\x1f\x0e\x60\x40\x06\x16\xf8\x40\xe3\x2f\x82\x01\x35\x83\x2d\x0e"
"\x71\x61\x8b\x43\x5f\xa0\x84\x5d\xd0\x82\x5e\xe0\x01\x5f\x18\x7f"
"\x31\x98\x33\x08\x4a\x67\x3c\xce\x21\x34\xd0\x41\x34\xd2\xa1\x34"
"\xd4\xc1\x34\xd6\x21\x35\xd8\x41\x35\xda\xa1\x35\xdc\xc1\x35\xde"
"\x21\x36\xe0\x81\x36\xe2\xa1\x36\xe8\x01\x37\xea\x61\x37\xec\x81"
"\x37\xee\xa1\x37\xf0\x01\x3c\x56\x22\x3c\x58\x42\x3c\x50\xb0\x12"
"\xe0\xc6\x43\xa6\x0c\x09\x07\xe4\x1b\x0d\xd2\x08\x54\x4b\x10\xa0"
"\x08\x02\x94\x00\xad\x12\xa0\x45\x42\x00\x2a\x20\x56\x05\x43\xb8"
"\xf1\x50\x34\x21\xad\x5a\xa4\x45\x42\x00\x2a\x18\xd6\x8d\x07\xc2"
"\x09\x27\xdc\x78\x48\x9b\x89\xe1\x80\x7c\xa7\x81\x1a\x81\xd2\x09"
"\x02\x54\x44\x80\x12\xa0\x55\x02\xb4\x48\x08\x42\x05\xc4\xaa\x60"
"\x08\x37\x1e\x2a\x2c\xa4\x55\x98\xb4\x48\x08\x42\x05\xc3\xba\xf1"
"\x40\x5b\x59\x88\x1b\x0f\x39\x36\x3e\x1c\x90\x6f\x35\x58\x23\x50"
"\x67\x41\x80\xf2\x08\x50\x02\xb4\x4a\x80\x16\x09\x81\xa8\x80\x58"
"\x15\x0c\xe1\xc6\x43\xb9\x85\xb4\xaa\x0c\xa4\x45\x42\x20\x2a\x18"
"\xd6\x8d\x07\x92\x0b\x34\x18\x37\x1e\x12\x6e\xd6\x38\x20\xdf\x6b"
"\xc0\x46\xa0\xe8\x82\x00\xb5\x06\x04\x20\x21\x20\x15\x0c\xe2\xc6"
"\x03\xe1\x85\x1b\x90\x1b\x0f\x69\x37\x71\x1c\x90\x4f\x36\x66\x23"
"\x50\x7a\x41\x80\x8a\x03\x02\x94\x00\xad\x12\xa0\x45\x42\x40\x2a"
"\x20\x56\x05\x43\xb8\xf1\x50\xa1\x21\xad\xc2\x03\x69\x91\x10\x90"
"\x0a\x86\x75\xe3\x81\x4a\x63\x0f\xca\x8d\x87\x1c\x1d\x3f\x0e\xc8"
"\x67\x1b\xb7\x11\xa8\xd3\x20\x40\xf9\x01\x01\x48\x08\x4c\x05\x83"
"\xb8\xf1\x40\xab\x11\x0a\xe6\xc6\x43\xa6\x0e\x29\x07\xe4\xcb\x0d"
"\xdd\x08\x54\x6b\x10\xa0\x48\x81\x00\x25\x40\xab\x04\x68\x91\x10"
"\x90\x0a\x06\x52\x01\x64\x86\x80\x21\x06\x07\x10\x82\x60\x10\xc5"
"\x74\x10\x08\x86\x0a\x88\x55\xc1\x10\x6e\x3c\x14\x6e\x48\xab\x5e"
"\x41\x5a\x24\x04\xa4\x82\x81\x54\x20\x99\x21\x60\x88\xc1\x01\x84"
"\x20\x18\x4c\x39\x1d\x04\x82\xa1\x82\x61\xdd\x78\x20\xf0\xb0\x85"
"\x73\xe3\x81\xc2\xe3\x16\xd0\x8d\x87\xfc\x1d\x5d\x0e\xc8\xe7\x1b"
"\xbf\x11\xa8\xf1\x20\x40\xe9\x02\x01\x48\x08\x52\x05\x83\xb8\xf1"
"\x40\xe7\xd1\x0b\xe9\xc6\x03\xf9\x02\x7a\xa8\x1b\x0f\xf4\x0b\xe9"
"\xb1\x6e\x3c\x10\x38\xa8\x07\xbb\xf1\x18\xd0\x1e\x0c\xa8\x85\x13"
"\xa2\x95\x13\x38\x3a\x80\x06\x68\x84\x06\x5c\x8c\x06\x5a\x90\x86"
"\x59\x94\x86\x4d\x9c\x86\x4b\xa0\x06\x4b\xa4\x06\x3f\xac\x06\x3d"
"\xb0\x86\x3c\xb4\x06\x3a\xbc\x86\x39\xc0\x86\x2d\xc8\x86\x2b\xcc"
"\x06\x2b\xd0\x86\x28\xd8\x06\x28\xdc\x06\x1a\xe4\x06\xa6\x1b\xd6"
"\x6e\x50\xbc\xa1\xf8\x06\xf2\x1b\x06\x78\x10\xe1\x21\x88\x87\x14"
"\xa3\x1d\x02\xdf\x28\x91\x47\x40\x48\x3b\x18\x08\x0a\xf0\x07\x54"
"\x00\xa8\xf2\x21\x22\x5c\x79\x0c\xa8\x20\x9a\xf2\xf0\xd1\x81\x3c"
"\x06\x54\x00\x47\x79\x18\xe4\x31\xa0\x62\x38\xca\x03\x22\x0f\x15"
"\x04\x50\x86\x20\xc4\x07\xc2\xb0\xd2\x01\x1a\x6c\x39\xc0\x64\xd0"
"\x74\x00\x03\x32\x40\xc0\x37\x4a\xe5\x11\x90\xd7\x0e\x06\xa2\x02"
"\x40\x49\x6b\x07\xc4\x48\x41\x4e\x07\x20\x50\x5e\x3b\x08\x86\x12"
"\x06\x89\x0b\x04\x22\x20\x41\x10\x48\x6b\x07\xc4\x40\x01\x4c\x07"
"\x87\x02\x81\x51\x10\xd3\x01\xa2\x40\x60\x14\xc8\x74\x70\x28\x10"
"\xb8\xd0\x76\x10\x0c\x15\x04\x80\x92\x80\x93\x33\xd6\x01\x08\x14"
"\xde\x0e\x82\xa1\x9c\x41\xe2\x02\x21\x0a\x48\x10\x04\x74\xf0\x74"
"\x70\x28\x40\x18\x05\x3d\x1d\x20\x0a\x04\x46\x81\x4f\x07\x87\x02"
"\x81\x0b\x78\x07\xc1\x50\x41\x00\x29\x23\xe7\x00\x04\xca\x79\x07"
"\xc1\x50\xcc\x20\x71\x81\xc0\x05\x24\x08\x02\x32\xce\x3a\x38\x14"
"\x1c\x8c\x02\xb4\x0e\x10\x05\x02\xa3\x20\xad\x83\x43\x81\xc0\x2a"
"\x08\x00\x21\x01\xa7\x32\xe0\xeb\x00\x04\x10\x01\xd7\xc1\xa1\xa0"
"\x60\x14\xc4\x75\x80\x28\x10\x18\x05\x72\x1d\x1c\x0a\x04\x2e\xf4"
"\x1d\x04\x83\xf0\x77\x40\x0c\x19\x98\x76\x60\xbe\xf3\x48\x8f\x40"
"\x25\x83\xac\x61\x88\x00\x87\x1e\x03\x2a\x06\xe2\x3c\x12\xf4\x18"
"\x50\x31\xe8\xec\x70\x1e\x67\x80\x1e\x03\x2a\x06\x9e\x1d\xce\x63"
"\x0c\xd0\x63\x40\x05\x01\x9d\x47\x85\x1e\x89\x28\xed\x00\x04\x56"
"\x40\x80\x40\x19\xf1\x20\x18\x71\x81\x70\x07\x06\x09\x82\x80\x0a"
"\xd1\x0e\x0e\x05\x06\xa3\x60\xb4\x03\x44\x81\xc0\x28\x20\xed\xe0"
"\x50\x20\x70\x31\xf1\x20\x18\x2a\x08\x00\x21\x01\xab\x60\x88\x04"
"\xbd\x76\x70\x02\x48\x08\x0e\x05\xd1\xa6\xa9\xb6\x03\x18\x90\x81"
"\x05\xbe\xf4\x40\x8f\x60\x40\x05\x61\x07\xe6\x21\xa1\xc7\x80\x0a"
"\x82\x14\xcc\x83\x0c\xd0\x63\x40\xc5\x80\xba\x83\x79\x28\xe8\x91"
"\x84\xf0\x0e\x40\xa0\xdc\x78\x10\x0c\x35\x0c\x12\x17\x08\xac\x10"
"\x90\x20\x08\xe8\xb8\xed\xe0\x50\x80\x30\x0a\x70\x3b\x40\x14\x08"
"\x8c\x82\xdc\x0e\x0e\x05\x02\x97\x1d\x0f\x82\xa1\x82\x00\x10\x12"
"\x70\x72\xd4\x3b\x00\x81\x32\xe6\x41\x30\x54\x33\x48\x5c\x20\xe0"
"\x42\x40\x82\x20\xa0\x63\xbc\x83\x43\x01\xc2\x28\x20\xef\x00\x51"
"\x20\x30\x0a\xca\x3b\x38\x14\x08\x5c\xce\x3c\x08\x86\x0a\x02\x90"
"\x48\x00\x3e\xf5\xc8\x8f\xe0\xad\x47\x7b\xd0\x81\x62\x06\x59\x76"
"\x30\x44\x80\x63\x8f\x01\x15\x03\xb1\x1e\x09\x7b\x0c\xa8\x18\x40"
"\x78\x58\x8f\x33\x60\x8f\x01\x15\x83\x08\x0f\xeb\x31\x06\xec\x31"
"\xa0\x82\x80\xd6\xa3\x62\x8f\x44\xe0\x77\x00\x02\x2b\x20\x40\xa0"
"\xd8\x79\x10\x8c\xb8\x40\x50\x07\x83\x04\x41\x40\x45\x7d\x07\x87"
"\x02\x83\x51\x60\xdf\x01\xa2\x40\x60\x14\xdc\x77\x70\x28\x10\xb8"
"\xe4\x79\x10\x0c\x15\x04\x80\x90\x80\x55\x30\x44\x82\x44\x3c\x38"
"\x01\x24\x04\x87\x82\x68\xd3\x84\xe2\x01\x0c\xc8\xc0\x02\x5f\x7b"
"\xb0\x47\x30\xa0\x82\xb0\x03\xf5\x90\xd8\x63\x40\x05\xa1\x0a\xea"
"\x41\x06\xec\x31\xa0\x62\x70\xe3\x41\x3d\x14\xf6\x90\x70\x90\x06"
"\xe0\xe3\x0f\xf7\x08\xc8\xab\x07\x03\x51\x01\xa0\x6a\x0d\x86\x90"
"\x6c\x40\xdf\x01\xf9\xee\xe3\x3d\x02\xd9\x06\xeb\x1d\x90\x8f\x3e"
"\xe0\x23\x40\x03\x6c\x07\x1a\x11\x08\x05\xe2\xe2\x63\x40\xc5\x00"
"\xca\x03\x7c\x4c\xf1\x31\xa0\xe2\xe2\xdb\x01\x3e\xa6\xf8\x18\x50"
"\x71\xf1\xed\x00\x1f\x4d\x7c\x44\x04\x02\x31\x90\xe0\x0b\x2a\xb8"
"\x22\x15\xe1\x1d\x9c\x00\x12\x82\x43\x81\xb1\x29\x79\xf1\x00\x02"
"\x50\x42\xde\x01\x48\xa1\x01\x9f\x7c\xc4\x47\x30\xc4\xa0\x00\x42"
"\x10\x0c\x30\x38\x0f\x08\xf9\x48\xe0\xe3\x8f\xf9\x08\xd0\x05\x01"
"\xa2\xd0\x3b\x50\x19\xc0\x79\x00\xbe\xfb\xa0\x8f\x60\x40\xc5\x60"
"\x06\xf3\x21\xce\xc3\x7b\x0c\xa8\x18\x98\xf9\x20\xe7\xe1\x3d\x10"
"\x46\xde\x81\xa2\x2e\x80\x71\x0c\xec\x1d\x0c\x75\x1e\x8c\x63\x60"
"\xef\xa0\xb0\xf3\x60\x20\x43\xd0\xde\xc1\x8d\x07\x29\x68\xef\x60"
"\x03\x22\x02\xe1\x13\x03\x57\x1f\x03\x2a\x06\x89\x3e\xa6\xfa\x18"
"\x50\x91\x19\xf4\x31\xd5\xc7\x80\x8a\xcc\xa1\x8f\xa6\x3e\x22\x02"
"\x81\x18\x48\x10\x06\x15\x64\x91\x0a\xfa\x0e\x4e\x00\x09\xc1\xa1"
"\xc0\xd8\x94\x84\x79\x00\x01\x28\xb9\xef\x00\xa4\x20\x81\xcf\x3e"
"\xea\x23\x18\x62\x50\x00\x21\x08\x06\x5a\xaa\x07\x84\xa4\xd8\x00"
"\x7c\xfc\x71\x1f\xc1\x80\x8e\x01\xa6\x07\xf7\xa0\x85\xf9\x50\x03"
"\xfb\x18\xd0\x31\xc8\xf4\xe0\x1e\x7a\x30\x1f\x86\x7d\x0c\xe8\x18"
"\xcc\xc1\x3d\xf0\x60\x3e\xd8\xc0\x3e\x1c\x7e\x0c\xa8\x18\x2a\xfc"
"\x30\xee\x63\x40\xc5\x10\xe1\x87\x71\x1f\x03\x2a\x86\x01\x3f\x8c"
"\xfb\x40\xc1\xa8\x07\x10\x1f\x08\x75\x20\x90\x20\x08\x2a\x18\x22"
"\x1d\xa4\x1e\x9c\x00\x12\x82\x43\x01\xb2\x49\x51\xf5\x00\x06\x64"
"\xb0\x07\xe0\xe3\x0f\xfc\x08\xe4\x3b\xa0\x03\xf8\xf8\x43\x3f\x02"
"\x75\x0e\x83\xa8\x74\x18\xc2\xed\xc7\x80\x8a\x81\xd0\x8f\x64\x3f"
"\x06\x54\x0c\x76\x3d\xe8\xc7\x19\xec\xc7\x80\x8a\x01\xaf\x07\xfd"
"\x18\x83\xfd\x18\x50\x41\x98\x86\x7e\x54\xfb\x91\x88\x59\x0f\x40"
"\x60\x05\x04\x08\x94\x98\x0f\x82\x11\x17\x08\xa5\x61\x90\x20\x08"
"\xa8\x80\xf5\xe0\x50\x60\x30\x0a\x62\x3d\x40\x14\x08\x8c\x02\x59"
"\x0f\x0e\x05\x02\x17\x9a\x0f\x82\xa1\x82\x00\x10\x12\xb0\x0a\x86"
"\x48\x50\xaf\x07\x27\x80\x84\xe0\x50\x10\x6d\x9a\xc6\x3d\x80\x01"
"\x19\x58\xe0\xe3\x8f\xfd\x08\x06\xd4\x10\x76\xd1\x1e\xec\x91\x1f"
"\x76\x61\x1f\x76\x21\x1f\x76\x81\x1f\xd2\x7e\x0c\xa8\x21\xec\xa2"
"\x3d\x40\x24\x3f\xec\xc2\x3e\xec\x42\x3e\xec\x02\x3f\xc8\x60\x3f"
"\x06\xd4\x0c\xe4\x3d\xb4\x07\x79\x0f\xf9\x81\x0b\xf6\xc1\x12\xf2"
"\xc1\x07\xf8\xa1\xec\x47\x12\xde\x3d\x00\x81\x52\xf6\x41\x30\xd4"
"\x30\x48\x5c\x20\xe8\x46\x40\x82\x20\xa0\xa3\xdc\x83\x43\x01\xc2"
"\x28\x30\xf7\x00\x51\x20\x30\x0a\xce\x3d\x38\x14\x08\x5c\xd2\x3e"
"\x08\x86\x0a\x02\x40\x48\xc0\xc9\xc1\xf7\x00\x04\x4a\xdc\x07\xc1"
"\x50\xcd\x20\x71\x81\x60\x1e\x01\x09\x82\x80\x8e\x78\x0f\x0e\x05"
"\x08\xa3\x40\xde\x03\x44\x81\xc0\x28\x98\xf7\xe0\x50\x20\x70\xa9"
"\xfb\x20\x18\x2a\x08\x40\x22\x01\xf8\xfa\x83\x45\x82\xe7\x1f\x20"
"\x22\x1a\x8a\x19\x64\x91\xc6\x10\x01\xee\x3f\x06\x54\x0c\x84\x7f"
"\x24\xff\x31\xa0\x62\xe0\xf1\xc1\x3f\xce\xe0\x3f\x06\x54\x0c\x3e"
"\x3e\xf8\xc7\x18\xfc\xc7\x80\x0a\x02\xf2\x8f\xea\x3f\x12\x61\xf2"
"\x01\x08\xac\x80\x00\x81\x42\xfa\x41\x30\xe2\x02\x01\x3f\x0c\x12"
"\x04\x01\x15\x23\x1f\x1c\x0a\x0c\x46\x01\xc9\x07\x88\x02\x81\x51"
"\x50\xf2\xc1\xa1\x40\xe0\x72\xfa\x41\x30\x54\x10\x00\x42\x02\x56"
"\xc1\x10\x09\x82\xf9\xe0\x04\x90\x10\x1c\x0a\xa2\x4d\x93\xcd\x07"
"\x30\x20\x03\x0b\x7c\x20\xf2\x1f\xc1\x80\x8a\xc1\xd4\x87\xfe\x30"
"\xfe\x43\xba\xc1\x19\x80\xef\x45\x42\x24\x20\xbb\x1f\x0c\x44\x05"
"\x80\xaa\x34\x18\x42\xaa\x01\xc8\x07\xe4\x53\x11\x11\x09\xe4\x1a"
"\xdc\x7b\x40\xbe\x13\x19\x91\x00\x0d\xbc\x1e\x68\x44\x20\x14\x88"
"\x23\x91\x01\x15\x03\xae\x0f\x23\x32\x91\xc8\x80\x8a\x8b\xb6\x87"
"\x11\x99\x48\x64\x40\xc5\x45\xdb\xc3\x88\x34\x24\x12\x11\x08\xc4"
"\x40\x82\x2f\xa8\xe0\x8a\x54\xb4\x7b\x70\x02\x48\x08\x0e\x05\xc6"
"\xa6\x64\xe7\x03\x08\x40\x09\xbc\x07\x20\x85\x06\x7c\x25\x42\x22"
"\xc1\x10\x83\x02\x08\x41\x30\xc0\xf8\x3e\x20\xe4\x23\x81\xef\x45"
"\x4c\x24\x40\x17\x04\x88\xa2\xf7\x40\x65\xc0\xf7\x01\xf8\x54\xe4"
"\x44\x82\x01\x15\x83\x19\x98\x88\xbe\x0f\x22\x32\xa0\x62\x60\x4c"
"\x84\xdf\x07\x11\x41\x18\xbc\x07\x8a\xba\x00\xc6\x31\xe0\x7b\x30"
"\x84\x7e\x30\x8e\x01\xdf\x83\x42\xf4\x83\x81\x0c\x41\xbe\x07\x63"
"\x1f\xa4\x20\xdf\x83\x0d\x88\x08\x84\x4f\x0c\x1c\x8a\x0c\xa8\x18"
"\xa4\x13\x99\x50\x64\x40\x45\x66\x9c\xc8\x84\x22\x03\x2a\x32\xe7"
"\x44\x1a\x14\x89\x08\x04\x62\x20\x41\x18\x54\x90\x45\x2a\x40\x3e"
"\x38\x01\x24\x04\x87\x02\x63\x53\xd2\xf6\x01\x04\xa0\x64\xe4\x03"
"\x90\x82\x04\xbe\x14\x41\x91\x60\x88\x41\x01\x84\x20\x18\x68\xb5"
"\x1f\x10\x92\x62\x03\xf0\xbd\x88\x8a\x04\x03\x3a\x06\xb4\x1f\x42"
"\x84\x16\x4c\x44\x0d\x52\x64\x40\xc7\xa0\xf6\x43\x88\xe8\x81\x89"
"\x18\x29\x32\xa0\x63\x30\x87\x10\xc1\x03\x13\x61\x83\x14\x71\x2b"
"\x32\xa0\x62\xa8\x56\xc4\x50\x91\x01\x15\x43\xb4\x22\x86\x8a\x0c"
"\xa8\x18\x86\x15\x31\x54\x04\x05\xaf\x1f\x40\x7c\x20\xd4\x81\x40"
"\x82\x20\xa8\x60\x88\x74\xc0\x7e\x70\x02\x48\x08\x0e\x05\xc8\x26"
"\xc5\xf6\x03\x18\x90\xc1\x1e\x80\xef\x45\x56\x24\x90\xed\x60\x0e"
"\xe0\x7b\x91\x16\x09\x54\x39\x0c\xa2\xce\x61\x08\xe7\x22\x03\x2a"
"\x06\xa2\x45\x12\x17\x19\x50\x31\xb8\xfe\xd0\x22\x67\xe0\x22\x03"
"\x2a\x06\xd8\x1f\x5a\x64\x0c\x5c\x64\x40\x05\x21\x1a\x2d\x52\xb9"
"\x48\x22\x7e\x3f\x00\x81\x15\x10\x20\x50\x7a\x50\x08\x46\x5c\x20"
"\xc4\x8a\x41\x82\x20\xa0\x82\xf7\x83\x43\x81\xc1\x28\xe8\xfd\x00"
"\x51\x20\x30\x0a\x7c\x3f\x38\x14\x08\x5c\xc0\x50\x08\x86\x0a\x02"
"\x40\x48\xc0\x2a\x18\x22\x41\xe9\x1f\x9c\x00\x12\x82\x43\x41\xb4"
"\x69\x7a\xff\x00\x06\x64\x60\x81\xef\x45\x5c\x24\x18\x50\x33\xe0"
"\xff\x00\x22\xf8\x3f\xb0\x08\x4a\x94\x08\x2d\xa4\x08\x1e\xac\x88"
"\xe1\x22\xb2\x54\xfc\x04\x7c\xa3\x04\x23\x01\xa1\x43\x61\x20\x28"
"\xd8\x11\x50\x01\xa0\x2a\x54\x88\x90\xe2\xa2\x2b\xa1\xb4\x95\x57"
"\x09\x47\x37\x04\x74\x1f\x08\x8a\x57\x86\x18\xdd\x10\xec\x7f\x20"
"\xa0\x25\x10\x14\xd8\x04\xb8\x18\x19\x50\x41\x34\x31\xc2\x82\x04"
"\x8c\x0c\xa8\x00\x8e\x18\xa1\x60\x64\x40\xc5\x70\xc4\x88\x01\x23"
"\x2a\x08\xa0\x0c\x41\x88\x0f\x84\x41\x04\x05\x34\xb4\x7e\x80\xc9"
"\x58\x41\x01\x06\x64\xf0\x80\x6f\x94\x62\x24\x20\xa6\x28\x0c\x44"
"\x05\x80\x12\x52\x14\x88\x91\x02\x18\x14\x40\xa0\x98\xa2\x10\x0c"
"\x25\x0c\x12\x17\x08\x44\x40\x82\x20\x10\x52\x14\x88\x81\x82\x13"
"\x14\x0e\x05\x02\xa3\x00\x05\x05\x44\x81\xc0\x28\x48\x41\xe1\x50"
"\x20\x70\x59\x45\x21\x18\x2a\x08\x00\x25\x01\x27\x47\x07\x05\x10"
"\x28\xb3\x28\x04\x43\x39\x83\xc4\x05\x42\x14\x90\x20\x08\xe8\x98"
"\x41\xe1\x50\x80\x30\x0a\x68\x50\x40\x14\x08\x8c\x82\x1a\x14\x0e"
"\x05\x02\xab\x20\x00\x84\x04\x9c\x34\xde\x0f\x40\x00\x11\x3c\x28"
"\x1c\x0a\x0a\x46\x41\x0f\x0a\x88\x02\x81\x51\xe0\x83\xc2\xa1\x40"
"\xe0\x02\x8e\x42\x30\x08\x3a\x0a\xc4\x90\x81\x1c\x0a\xe6\x9b\x91"
"\x1a\x09\x54\x32\xc8\x1a\x86\x08\x70\x34\x32\xa0\x62\x20\x66\x24"
"\xa1\x91\x01\x15\x83\x3c\x12\x33\x72\x06\x34\x32\xa0\x62\xa0\x47"
"\x62\x46\xc6\x80\x46\x06\x54\x10\xd0\x8c\x54\x34\x92\x88\x38\x14"
"\x40\x60\x05\x04\x08\x94\x77\x14\x82\x11\x17\x08\x6c\x60\x90\x20"
"\x08\xa8\x70\x43\xe1\x50\x60\x30\x0a\xde\x50\x40\x14\x08\x8c\x02"
"\x38\x14\x0e\x05\x02\x17\x79\x14\x82\xa1\x82\x00\x10\x12\xb0\x0a"
"\x86\x48\xd0\x1e\x0a\x27\x80\x84\xe0\x50\x10\x6d\x9a\x42\x51\x80"
"\x01\x19\x58\xe0\xab\x11\x1a\x09\x06\x54\x10\x76\x20\x23\x12\x8d"
"\x0c\xa8\x20\x48\x41\x46\xc8\x80\x46\x06\x54\x0c\x60\x49\xc8\x88"
"\x42\x23\x49\x68\x45\x01\x04\xca\x48\x0a\xc1\x50\xc3\x20\x71\x81"
"\x10\x0a\x01\x09\x82\x80\x8e\x51\x14\x0e\x05\x08\xa3\x80\x14\x05"
"\x44\x81\xc0\x28\x28\x45\xe1\x50\x20\x70\x39\x49\x21\x18\x2a\x08"
"\x00\x21\x01\x27\xc7\x16\x05\x10\x28\x2f\x29\x04\x43\x35\x83\xc4"
"\x05\x42\x2b\x04\x24\x08\x02\x3a\x5e\x51\x38\x14\x20\x8c\x02\x58"
"\x14\x10\x05\x02\xa3\x20\x16\x85\x43\x81\xc0\x65\x26\x85\x60\xa8"
"\x20\x00\x89\x04\xe0\xb3\x91\x32\x09\xde\x8d\xe4\x08\x1d\x28\x66"
"\x90\x65\x07\x43\x04\x38\x1c\x19\x50\x31\x10\x37\x92\xe0\xc8\x80"
"\x8a\x01\x37\x89\x1b\x39\x03\x1c\x19\x50\x31\xe8\x26\x71\x23\x63"
"\x80\x23\x03\x2a\x08\xe8\x46\x2a\x1c\x49\x04\x39\x0a\x20\xb0\x02"
"\x02\x04\x8a\x58\x0a\xc1\x88\x0b\x84\x5f\x30\x48\x10\x04\x54\x84"
"\xa3\x70\x28\x30\x18\x05\xe2\x28\x20\x0a\x04\x46\xc1\x38\x0a\x87"
"\x02\x81\x4b\x59\x0a\xc1\x50\x41\x00\x08\x09\x58\x05\x43\x24\xc8"
"\x1d\x85\x13\x40\x42\x70\x28\x88\x36\x4d\xf4\x28\xc0\x80\x0c\x2c"
"\xf0\xe5\x08\x8e\x04\x03\x2a\x08\x3b\xb0\x11\x09\x47\x06\x54\x10"
"\xaa\x60\x23\x64\x80\x23\x03\x2a\x06\x13\x25\x6c\x44\xc1\x11\x09"
"\x07\x69\x00\x3e\x34\xd1\x91\x80\xec\xa5\x30\x10\x15\x00\xaa\xd6"
"\x60\x08\xc9\x06\xe0\x28\x90\x6f\x4c\x76\x24\x90\x6d\x70\x8b\x02"
"\xf9\xc0\x84\x47\x02\x34\xf0\xa1\xa0\x11\x81\x50\x20\xae\x47\x06"
"\x54\x0c\x38\x4a\xf0\xc8\xd4\x23\x03\x2a\x2e\x9a\x24\x78\x64\xea"
"\x91\x01\x15\x17\x4d\x12\x3c\xd2\xf4\x48\x44\x20\x10\x03\x09\xbe"
"\xa0\x82\x2b\x52\xd1\x8a\xc2\x09\x20\x21\x38\x14\x18\x9b\x92\x7d"
"\x14\x20\x00\x25\xb0\x28\x80\x14\x1a\xf0\xf9\x48\x8f\x04\x43\x0c"
"\x0a\x20\x04\xc1\x00\xe3\x49\x81\x90\x8f\x04\x3e\x34\xf9\x91\x00"
"\x5d\x10\x20\x8a\x16\x05\x95\x01\x4f\x0a\xe0\x1b\x13\x30\x09\x06"
"\x54\x0c\x66\xf0\x23\x7a\x4a\xec\xc8\x80\x8a\x81\xf9\x11\x3e\x25"
"\x76\x04\x61\xb0\x28\x28\xea\x02\x18\xc7\x80\x8b\xc2\x10\x96\xc2"
"\x38\x06\x5c\x14\x0a\xb1\x14\x06\x32\x04\xb9\x28\x8c\xa4\x90\x82"
"\x5c\x14\x36\x20\x22\x10\x3e\x31\x70\x61\x32\xa0\x62\x90\xc0\x64"
"\x0a\x93\x01\x15\x99\x01\x26\x53\x98\x0c\xa8\xc8\x1c\x30\x69\xc2"
"\x24\x22\x10\x88\x81\x04\x61\x50\x41\x16\xa9\x00\x47\xe1\x04\x90"
"\x10\x1c\x0a\x8c\x4d\x49\x4b\x0a\x10\x80\x92\x71\x14\x40\x0a\x12"
"\xf8\xc4\x24\x4c\x82\x21\x06\x05\x10\x82\x60\xa0\xd5\xa5\x40\x48"
"\x8a\x0d\xc0\x87\x26\x63\x12\x0c\xe8\x18\xd0\x95\xd0\x11\x5a\xf8"
"\x11\x35\x10\x93\x01\x1d\x83\xba\x12\x3a\xa2\x07\x3f\x62\x88\xc9"
"\x80\x8e\xc1\x1c\x74\x04\x0f\x7e\x84\x0d\xc4\xc4\x91\xc9\x80\x8a"
"\xa1\x22\x13\x63\x4c\x06\x54\x0c\x11\x99\x18\x63\x32\xa0\x62\x18"
"\xc8\xc4\x18\x13\x14\xbc\xa5\x00\xf1\x81\x50\x07\x02\x09\x82\xa0"
"\x82\x21\xd2\x01\x97\xc2\x09\x20\x21\x38\x14\x20\x9b\x14\xbb\x14"
"\x60\x40\x06\x7b\x00\x3e\x34\x21\x93\x40\xbe\x03\x3a\x80\x0f\x4d"
"\xcc\x24\x50\xe7\x30\x88\x4a\x87\x21\xdc\x99\x0c\xa8\x18\x08\x33"
"\x49\xce\x64\x40\xc5\xe0\xb2\x84\x99\x9c\xc1\x99\x0c\xa8\x18\x60"
"\x96\x30\x93\x31\x38\x93\x01\x15\x84\x69\x98\x49\x75\x26\x89\xf8"
"\x4b\x01\x04\x56\x40\x80\x40\xe9\x4f\x21\x18\x71\x81\xa0\x17\x06"
"\x09\x82\x80\x0a\xbe\x14\x0e\x05\x06\xa3\xa0\x2f\x05\x44\x81\xc0"
"\x28\xf0\x4b\xe1\x50\x20\x70\x01\x51\x21\x18\x2a\x08\x00\x21\x01"
"\xab\x60\x88\x04\xa5\xa6\x70\x02\x48\x08\x0e\x05\xd1\xa6\xe9\x35"
"\x05\x18\x90\x81\x05\x3e\x34\x39\x93\x60\x40\x0d\x61\x17\x39\xc2"
"\x1e\x65\x62\x17\x62\x62\x17\x3e\x62\x17\x64\x22\x9d\xc9\x80\x1a"
"\xc2\x2e\x72\x04\x44\xca\xc4\x2e\xc4\xc4\x2e\x7c\xc4\x2e\xc8\x84"
"\x0c\xce\x64\x40\xcd\xc0\xb7\x44\x8e\xf0\x2d\x51\x26\xb8\x20\x26"
"\x2c\xe1\x23\x7c\x40\x26\xca\x99\x24\x61\x37\x05\x10\x28\x31\x2a"
"\x04\x43\x0d\x83\xc4\x05\xc2\x6b\x04\x24\x08\x02\x3a\x62\x53\x38"
"\x14\x20\x8c\x02\xd9\x14\x10\x05\x02\xa3\x60\x36\x85\x43\x81\xc0"
"\xa5\x46\x85\x60\xa8\x20\x00\x84\x04\x9c\x1c\xf2\x14\x40\xa0\xf4"
"\xa8\x10\x0c\xd5\x0c\x12\x17\x08\xbb\x11\x90\x20\x08\xe8\xe8\x4d"
"\xe1\x50\x80\x30\x0a\x7c\x53\x40\x14\x08\x8c\x82\xdf\x14\x0e\x05"
"\x02\x97\x30\x15\x82\xa1\x82\x00\x24\x12\x80\x2f\x4d\xf0\x24\x78"
"\x6a\xc2\x26\xa2\xa1\x98\x41\x16\x69\x0c\x11\xe0\xd6\x64\x40\xc5"
"\x40\xa8\x49\xb2\x26\x03\x2a\x06\xfa\x25\xd4\xe4\x0c\xd6\x64\x40"
"\xc5\x60\xbf\x84\x9a\x8c\xc1\x9a\x0c\xa8\x20\x20\x35\xa9\xd6\x24"
"\x11\xf2\x29\x80\xc0\x0a\x08\x10\x28\x70\x2a\x04\x23\x2e\x10\xda"
"\xc3\x20\x41\x10\x50\xf1\x9e\xc2\xa1\xc0\x60\x14\xc0\xa7\x80\x28"
"\x10\x18\x05\xf1\x29\x1c\x0a\x04\x2e\x73\x2a\x04\x43\x05\x01\x20"
"\x24\x60\x15\x0c\x91\x20\xfe\x14\x4e\x00\x09\xc1\xa1\x20\xda\x34"
"\x89\xa8\x00\x03\x32\xb0\xc0\xc7\x26\x6b\x12\x0c\xa8\x18\x7c\x98"
"\x48\x13\x63\x4d\xa4\x1b\x9c\x01\xf8\xf6\xa4\x4d\x02\x72\xaa\xc2"
"\x40\x54\x00\xa8\x4a\x83\x21\xa4\x1a\xb0\xa7\x40\x3e\x3b\x71\x93"
"\x40\xae\xc1\x78\x0a\xe4\x9b\x93\x37\x09\xd0\x80\x9a\x82\x46\x04"
"\x42\x81\x38\x38\x19\x50\x31\xc0\x31\xf1\x26\x13\x9c\x0c\xa8\xb8"
"\xd8\x96\x78\x93\x09\x4e\x06\x54\x5c\x6c\x4b\xbc\x49\x03\x27\x11"
"\x81\x40\x0c\x24\xf8\x82\x0a\xae\x48\x45\x6e\x0a\x27\x80\x84\xe0"
"\x50\x60\x6c\x4a\x4e\x54\x80\x00\x94\xf0\xa6\x00\x52\x68\xc0\x17"
"\x27\x70\x12\x0c\x31\x28\x80\x10\x04\x03\x0c\x4d\x05\x42\x3e\x12"
"\xf8\xf6\x44\x4e\x02\x74\x41\x80\x28\xf0\x14\x54\x06\x68\x2a\x80"
"\xcf\x4e\xe6\x24\x18\x50\x31\x98\x81\x9c\xc8\x32\xe1\x26\x03\x2a"
"\x06\x46\x4e\x68\x99\x70\x13\x84\xf1\xa6\xa0\xa8\x0b\x60\x1c\x03"
"\x79\x0a\x43\x9b\x0a\xe3\x18\xc8\x53\x28\xdc\x54\x18\xc8\x10\x94"
"\xa7\xf0\xa2\x42\x0a\xca\x53\xd8\x80\x88\x40\xf8\xc4\xc0\xd1\xc9"
"\x80\x8a\x41\x9a\x93\x89\x4e\x06\x54\x64\xc6\x9c\x4c\x74\x32\xa0"
"\x22\x73\xe6\xa4\xa1\x93\x88\x40\x20\x06\x12\x84\x41\x05\x59\xa4"
"\x82\x3d\x85\x13\x40\x42\x70\x28\x30\x36\x25\x39\x2a\x40\x00\x4a"
"\xde\x53\x00\x29\x48\xe0\xab\x13\x3a\x09\x86\x18\x14\x40\x08\x82"
"\x81\x16\xaa\x02\x21\x29\x36\x00\xdf\x9e\xd8\x49\x30\xa0\x63\x00"
"\x69\xa2\x4d\x68\x41\x4e\xd4\xa0\x4e\x06\x74\x0c\x22\x4d\xb4\x89"
"\x1e\xc8\x89\x51\x27\x03\x3a\x06\x73\x68\x13\x3c\x90\x13\x36\xa8"
"\x13\x77\x27\x03\x2a\x86\xea\x4e\x0c\x3b\x19\x50\x31\x44\x77\x62"
"\xd8\xc9\x80\x8a\x61\xb8\x13\xc3\x4e\x50\xb0\xa7\x02\xc4\x07\x42"
"\x1d\x08\x24\x08\x82\x0a\x86\x48\x07\x9f\x0a\x27\x80\x84\xe0\x50"
"\x80\x6c\x52\x44\x55\x80\x01\x19\xec\x01\xf8\xf6\xe4\x4e\x02\xd9"
"\x0e\xe6\x00\xbe\x3d\xc9\x93\x40\x95\xc3\x20\xea\x1c\x86\x70\x7a"
"\x32\xa0\x62\x20\xf2\x24\xd1\x93\x01\x15\x83\x59\x13\x79\x72\x06"
"\x7a\x32\xa0\x62\x40\x6b\x22\x4f\xc6\x40\x4f\x06\x54\x10\xa2\x91"
"\x27\x95\x9e\x24\x62\x55\x05\x10\x58\x01\x01\x02\x25\x65\x85\x60"
"\xc4\x05\x82\xa9\x18\x24\x08\x02\x2a\x50\x55\x38\x14\x18\x8c\x82"
"\x54\x15\x10\x05\x02\xa3\x40\x55\x85\x43\x81\xc0\x85\x65\x85\x60"
"\xa8\x20\x00\x84\x04\xac\x82\x21\x12\x54\xab\xc2\x09\x20\x21\x38"
"\x14\x44\x9b\xa6\x5d\x15\x60\x40\x06\x16\xf8\xf6\x44\x4f\x82\x01"
"\x35\x03\x6c\x13\x6c\x02\xdb\x04\x9e\xa0\x44\x9c\xd0\x42\x9d\xe0"
"\xc1\x9d\x18\x7a\x42\x78\x56\x08\x82\x0c\xd2\x55\x00\x5f\x9f\xf0"
"\x49\xa0\x56\x65\x88\x21\x06\x86\x14\x82\x60\x40\x8d\xac\xb0\xa3"
"\x42\xe0\xfa\x04\xb1\xca\x8d\x0a\x20\x83\x3d\x15\x48\x29\x23\xa5"
"\x2a\x90\xcf\x4f\xc0\x45\x78\x7f\x02\x2b\x81\x8a\x09\x02\x14\x42"
"\x80\x12\xa0\x55\x02\xb4\x83\x19\x83\x60\x56\x5e\xc5\x25\xd6\xe5"
"\x25\x40\x05\x26\x42\x25\x26\x44\x45\x26\x46\x65\x26\x48\x85\x26"
"\x4a\xa5\x26\x4c\xc5\x26\x4e\xe5\x26\x50\x05\x27\x52\x25\x27\x54"
"\x45\x27\x56\x65\x27\x58\x85\x27\x5a\xa5\x27\x5c\x45\x0a\x41\xe0"
"\xd6\x45\x0e\x82\xe0\xd6\x45\x12\xc3\xe0\xd6\x45\x16\x04\xe1\xd6"
"\x45\x1a\x45\xe1\xd6\x45\x1e\x86\xe3\xd6\x45\x22\x33\x2a\x1c\x12"
"\xa1\x51\xe1\x18\xdd\x10\xac\xa9\x20\xb8\x75\x91\x8b\x8d\x0a\x88"
"\x5c\x6e\x54\x40\x46\x37\xdc\xa8\x10\x08\x6e\x5d\xa4\xd3\x24\x6e"
"\x5d\xe4\xe3\x28\x6e\x5d\x24\xf4\x2c\x6e\x5d\x64\x04\x31\x6e\x5d"
"\xa4\x14\x35\x6e\x5d\xe4\x24\x39\x6e\x5d\xdc\xba\x40\x75\x16\xd2"
"\x2a\x4f\xda\xc1\x8c\x41\x70\x2e\xaf\xe2\x12\xeb\xf2\x12\xb1\x02"
"\x13\xb2\x12\x13\xb3\x22\x13\xb4\x32\x13\xb5\x42\x13\xb6\x52\x13"
"\xb7\x62\x13\xb8\x72\x13\xb9\x82\x13\xba\x92\x13\xbb\xa2\x13\xbc"
"\xb2\x13\xbd\xc2\x13\xbe\xd2\x13\xbf\x22\x85\x20\x70\xeb\x22\x07"
"\x41\x70\xeb\x22\x89\x61\x70\xeb\x22\x0b\x82\x70\xeb\x22\x8d\xa2"
"\x70\xeb\x22\x0f\xc3\x71\xeb\x22\x91\x32\x15\x0e\x89\x98\xa9\x70"
"\x8c\x6e\x08\xfe\x54\x10\xdc\xba\xc8\x05\x4d\x05\x44\x2e\x69\x2a"
"\x20\xa3\x1b\xd6\x54\x08\x04\xb7\x2e\xd2\x69\x12\xb7\x2e\xf2\x71"
"\x14\xb7\x2e\x12\x7a\x16\xb7\x2e\x32\x82\x18\xb7\x2e\x52\x8a\x1a"
"\xb7\x2e\x72\x92\x1c\xb7\x2e\x6e\x5d\xd0\x5e\xf8\xab\x70\x29\xf8"
"\x57\x21\x03\xd0\x1c\x80\xac\x70\x29\x08\x59\x21\x03\x46\x37\x0c"
"\x7f\xf1\x06\xa3\x1b\x04\x3b\x80\x83\xc1\x5c\xc1\xbf\xac\x4b\x58"
"\x84\x8b\x58\x88\xcb\x58\x8c\x0b\x59\x90\x4b\x59\x94\x8b\x59\x98"
"\xcb\x59\x9c\x0b\x5a\xa0\x4b\x5a\xa4\x8b\x5a\xa8\x8b\x0c\x8d\x3b"
"\x00\xdd\xba\x48\xd1\xc0\x83\xd0\xad\x8b\x1c\x8d\x3c\x10\xdd\xba"
"\x48\xd2\xd0\x83\xd1\xad\x8b\x2c\x8d\x3d\x20\xdd\xba\x48\xd3\xe0"
"\x83\xd2\xad\x8b\x44\x0e\xd3\xad\x8b\x4c\x90\xd3\xad\x8b\x54\x12"
"\xd4\xad\x8b\x5c\x94\xd4\xad\xcb\x80\x6e\xc1\x61\x07\x50\x51\x87"
"\x50\x41\x07\x51\x31\x87\x51\x21\x07\x52\x11\x87\x52\xe1\x05\x53"
"\xb1\x85\x53\xa1\x05\x54\x91\x85\x54\x81\x05\x55\x71\x85\x55\x61"
"\x05\x56\x51\x85\x56\x21\x69\xc2\x55\xe4\x9a\xf8\x13\x52\x88\x15"
"\x51\x90\x15\x50\x98\x15\x3f\xa0\x15\x3e\xa8\x15\x3d\xb0\x15\x3a"
"\xb8\x15\x37\xc0\x15\x36\xc8\x15\x35\xd0\x15\x34\xd8\x15\x33\xe0"
"\x15\x32\xe8\x15\x31\xf0\x15\x92\x26\x7e\x45\xae\x09\x58\x91\x6b"
"\x02\x5c\xa8\x70\x91\xc4\x05\x1a\x17\x87\x5c\x98\x72\x51\xcc\x05"
"\x39\x17\x03\x5d\x88\x74\x11\xd4\x45\x9a\xcc\xbf\x80\x6f\x94\xd8"
"\x25\x50\x42\x10\x44\x7c\x85\x81\xa0\xa0\x57\x40\x05\x80\xaa\x91"
"\x21\xa2\x08\x45\x90\x24\x63\xb6\x02\xf8\x46\xa9\x5d\x82\x24\xf8"
"\xa9\x00\x02\x2a\x18\x42\x9e\x0c\xbe\x0a\xe4\xdb\x17\x77\x09\x24"
"\xca\xa8\xaa\x40\x3e\x7c\x79\x97\x00\x0d\xa1\x2a\x68\x7c\x20\x20"
"\x6b\x2b\xc4\x07\x42\x22\xaa\x42\x11\x44\x55\x08\x25\x10\x55\x21"
"\xc8\xa1\x67\x05\xf0\xd9\x0b\xbc\x04\x11\x81\xb0\x88\xaa\x10\x11"
"\x08\x8c\xa8\x0a\x45\x28\x55\x21\x94\xa0\x54\x85\x20\x0d\x51\x15"
"\xc0\x67\x2f\xf1\x12\x44\x04\x82\x23\xaa\x42\x44\x20\x3c\xa2\x2a"
"\x14\x01\x55\x85\x50\x02\x54\x15\x82\x4c\x44\x55\x00\x9f\xbd\xc8"
"\x4b\x10\x11\x08\x91\xa8\x0a\x11\x81\x20\x89\xaa\x50\x84\x55\x15"
"\x42\x09\x56\x55\x08\x92\x11\x55\x01\x7c\xf6\x32\x2f\x41\x44\x20"
"\x50\xa2\x2a\x44\x04\x42\x25\xaa\x42\x11\x5c\x55\x08\x25\x70\x55"
"\x21\xc8\x47\x54\x05\xf0\xd9\x0b\xbd\x04\x11\x81\x70\x89\xaa\x10"
"\x11\x08\x98\xa8\x0a\x45\x88\x55\x21\x94\x20\x56\x85\x20\x25\x51"
"\x15\xc0\x67\x2f\xf5\x12\x44\x04\x82\x26\xaa\x42\x44\x20\x6c\xa2"
"\x2a\x14\x81\x56\x85\x50\x02\x5a\x15\x82\xb3\x17\x59\x61\xe0\x1b"
"\xa5\x7b\x09\x96\x45\x40\x40\x0a\x50\x57\xd8\x80\x88\x40\xf8\x30"
"\xc4\x99\xaa\xa0\x32\x78\x5d\x01\x7c\xfb\x82\x2f\xc1\x80\x8a\xc1"
"\x0e\xee\x05\xec\x09\x77\x41\x1f\xaa\x0a\xba\x02\x02\x02\x52\xf0"
"\xba\xc2\x06\x44\x04\x82\x19\x0c\x11\x81\x70\x06\xaa\x2b\xb8\x7c"
"\x19\x50\x31\x30\xf8\x52\xe4\x4b\x44\x20\x08\x41\x09\x5c\x55\x08"
"\x49\xb8\x59\x01\x02\x64\x80\x80\x4f\x5f\xf2\x25\x90\x09\x1a\x80"
"\x6f\x94\xf6\x25\x18\xd0\x41\xb8\x3d\xd1\x2e\xde\xbd\x40\xfa\x32"
"\xa0\x03\xe0\x85\x76\xf1\xee\x05\xd2\x17\xc7\x2f\x03\x2a\x88\x83"
"\x5f\x88\x7d\x19\x50\x01\x0c\xfc\x42\xec\x4b\x7c\x20\x04\xb4\x2b"
"\x94\xe0\x77\x85\x90\x06\xde\x15\x60\x40\x06\x72\x00\xbe\x51\xe2"
"\x97\x80\xdc\xb0\x30\x10\x15\x00\x4a\x6a\x58\x20\x46\x0a\xc2\x57"
"\x00\x81\x72\xc3\x42\x30\x94\x30\x48\x5c\x20\x10\x01\x09\x82\x40"
"\x6a\x58\x20\x06\x0a\x70\x57\x38\x14\x08\x8c\x82\xdc\x15\x10\x05"
"\x02\xa3\x40\x77\x85\x43\x81\xc0\x85\x87\x85\x60\xa8\x20\x00\x94"
"\x04\x9c\x9c\xf5\x15\x40\xa0\x90\xb1\x10\x0c\xe5\x0c\x12\x17\x08"
"\x51\x40\x82\x20\xa0\x83\x7c\x85\x43\x01\xc2\x28\x28\x5f\x01\x51"
"\x20\x30\x0a\xcc\x57\x38\x14\x08\x5c\xd0\x58\x08\x86\x0a\x02\x40"
"\x48\xc0\x49\x6b\x5b\x01\x04\x0a\x1c\x0b\xc1\x50\xcd\x20\x71\x81"
"\xd0\x05\x24\x08\x02\x3a\xe0\x57\x38\x14\x20\x8c\x82\xf8\x15\x10"
"\x05\x02\xa3\x40\x7e\x85\x43\x81\xc0\x2a\x08\x00\x21\x01\x27\x33"
"\x28\x61\x01\x04\x10\x91\xbf\xc2\xa1\xa0\x60\x14\xe8\xaf\x80\x28"
"\x10\x18\x05\xfb\x2b\x1c\x0a\x04\x2e\x7d\x2c\x04\x83\x94\xb2\x40"
"\x0c\x19\xbc\xb0\x60\x3e\x7f\x01\x99\x40\x25\x83\xac\x61\x88\x00"
"\xf7\x2f\x03\x2a\x06\xc2\x5f\x92\x7f\x19\x50\x31\xb0\x61\xe1\x2f"
"\x67\xf0\x2f\x03\x2a\x06\x37\x2c\xfc\x65\x0c\xfe\x65\x40\x05\x01"
"\xf9\x4b\xf5\x2f\x89\x70\x61\x01\x04\x56\x40\x80\x40\x61\x65\x21"
"\x18\x71\x81\x80\x07\x06\x09\x82\x80\x8a\x15\x16\x0e\x05\x06\xa3"
"\x80\x85\x05\x44\x81\xc0\x28\x68\x61\xe1\x50\x20\x70\x79\x65\x21"
"\x18\x2a\x08\x00\x21\x01\xab\x60\x88\x04\xe1\xb0\x70\x02\x48\x08"
"\x0e\x05\xd1\xa6\xc9\x87\x05\x18\x90\x81\x05\x3e\x90\xf9\x97\x60"
"\x40\x05\x61\x07\xfd\x22\xfd\xcb\x80\x0a\x82\x14\xfa\x85\x0c\xfe"
"\x65\x40\xc5\xa0\x8b\x45\xbf\x28\xff\x92\x04\x35\x16\x40\xa0\x80"
"\xb3\x10\x0c\x35\x0c\x12\x17\x08\xad\x10\x90\x20\x08\xe8\x00\x63"
"\xe1\x50\x80\x30\x0a\xc2\x58\x40\x14\x08\x8c\x02\x31\x16\x0e\x05"
"\x02\x17\x72\x16\x82\xa1\x82\x00\x10\x12\x70\x72\xe6\x58\x00\x81"
"\xc2\xce\x42\x30\x54\x33\x48\x5c\x20\xe4\x42\x40\x82\x20\xa0\x83"
"\x8d\x85\x43\x01\xc2\x28\x68\x63\x01\x51\x20\x30\x0a\xdc\x58\x38"
"\x14\x08\x5c\xe0\x59\x08\x86\x0a\x02\x90\x48\x00\xbe\x90\x81\x99"
"\xe0\x89\x0c\xc9\xd0\x81\x62\x06\x59\x76\x30\x44\x80\x1b\x99\x01"
"\x15\x03\x21\x32\xc9\xc8\x0c\xa8\x18\x64\xb2\x10\x99\x33\x18\x99"
"\x01\x15\x03\x4d\x16\x22\x33\x06\x23\x33\xa0\x82\x80\x44\xa6\x1a"
"\x99\x44\x84\xb2\x00\x02\x2b\x20\x40\xa0\xfc\xb3\x10\x8c\xb8\x40"
"\x58\x07\x83\x04\x41\x40\x85\x1f\x0b\x87\x02\x83\x51\xf0\xc7\x02"
"\xa2\x40\x60\x14\x80\xb2\x70\x28\x10\xb8\x88\xb4\x10\x0c\x15\x04"
"\x80\x90\x80\x55\x30\x44\x82\x56\x59\x38\x01\x24\x04\x87\x82\x68"
"\xd3\x14\xcb\x02\x0c\xc8\xc0\x02\x1f\xc9\x8c\x4c\x30\xa0\x62\xe0"
"\xcb\x22\x64\x8c\x91\x91\x6e\x70\x06\xe0\x9b\x99\x92\x09\x88\x4d"
"\x0b\x03\x51\x01\xa0\x2a\x0d\x86\x90\x6a\xb0\xc7\x02\xf9\x5c\xc6"
"\x64\x02\xb9\x06\x72\x2c\x90\x6f\x65\x4e\x26\x40\xc3\x0d\x0b\x1a"
"\x11\x08\x05\xe2\x50\x66\x40\xc5\xe0\x9a\xc5\xc9\x4c\x28\x33\xa0"
"\xe2\x52\xc5\xe2\x64\x26\x94\x19\x50\x71\xa9\x62\x71\x32\x0d\xca"
"\x44\x04\x02\x31\x90\xe0\x0b\x2a\xb8\x22\x15\x68\x2c\x9c\x00\x12"
"\x82\x43\x81\xb1\x29\xb1\x65\x01\x02\x50\xb2\xc6\x02\x48\xa1\x01"
"\x5f\xca\xa0\x4c\x30\xc4\xa0\x00\x42\x10\x0c\xb0\x7b\x16\x08\xf9"
"\x48\xe0\x9b\x19\x95\x09\xd0\x05\x01\xa2\xde\x58\x50\x19\xdc\xb3"
"\x00\x3e\x97\x59\x99\x60\x40\xc5\x60\x06\x2a\x03\x9f\x85\xc9\x0c"
"\xa8\x18\x18\x95\x91\xcf\xc2\x64\x10\xb6\xc6\x82\xa2\x2e\x80\x71"
"\x0c\x73\x2c\x0c\xfc\x2c\x8c\x63\x98\x63\xa1\xe8\x67\x61\x20\x43"
"\x40\xc7\x82\x2f\x0b\x29\xa0\x63\x61\x03\x22\x02\xe1\x13\x03\xc7"
"\x32\x03\x2a\x06\x69\x65\x26\x96\x19\x50\x91\x19\x2b\x33\xb1\xcc"
"\x80\x8a\xcc\x59\x99\x86\x65\x22\x02\x81\x18\x48\x10\x06\x15\x64"
"\x91\x8a\x3d\x16\x4e\x00\x09\xc1\xa1\xc0\xd8\x94\xa0\xb3\x00\x01"
"\x28\xf1\x63\x01\xa4\x20\x81\xaf\x65\x58\x26\x18\x62\x50\x00\x21"
"\x08\x06\x1a\x4c\x0b\x84\xa4\xd8\x00\x7c\x33\xe3\x32\xc1\x80\x8e"
"\xc1\x47\x8b\x92\xa1\x05\x95\x51\x83\x96\x19\xd0\x31\x80\x69\x51"
"\x32\x7a\xa0\x32\x46\xcb\x0c\xe8\x18\xcc\xa1\x64\xf0\x40\x65\xd8"
"\xa0\x65\xdc\xcb\x0c\xa8\x18\xaa\x97\x31\x5c\x66\x40\xc5\x10\xbd"
"\x8c\xe1\x32\x03\x2a\x86\xe1\x65\x0c\x97\x41\x81\x4a\x0b\x10\x1f"
"\x08\x75\x20\x90\x20\x08\x2a\x18\x22\x1d\x2b\x2d\x9c\x00\x12\x82"
"\x43\x01\xb2\x49\x89\x69\x01\x06\x64\xb0\x07\xe0\x9b\x99\x97\x09"
"\x64\x3b\x98\x03\xf8\x66\x26\x66\x02\x55\x0e\x83\xa8\x73\x18\xc2"
"\xc9\xcc\x80\x8a\x81\x88\x99\x44\x66\x06\x54\x0c\xa4\x5a\xc4\xcc"
"\x19\xc8\xcc\x80\x8a\xc1\x54\x8b\x98\x19\x03\x99\x19\x50\x41\x88"
"\x46\xcc\x54\x32\x93\x08\x9d\x16\x40\x60\x05\x04\x08\x14\xdc\x16"
"\x82\x11\x17\x08\xa4\x61\x90\x20\x08\xa8\xb8\x69\xe1\x50\x60\x30"
"\x0a\x70\x5a\x40\x14\x08\x8c\x82\x9c\x16\x0e\x05\x02\x97\xdd\x16"
"\x82\xa1\x82\x00\x10\x12\xb0\x0a\x86\x48\x10\x59\x0b\x27\x80\x84"
"\xe0\x50\x10\x6d\x9a\xd4\x5a\x80\x01\x19\x58\xe0\x9b\x19\x99\x09"
"\x06\xd4\x0c\xee\x5a\x90\x8c\xbb\x16\x30\x83\x12\x29\x43\x0b\x2d"
"\x83\x07\x2f\x63\xc8\xcc\x60\xa6\xe0\x34\xca\x26\x0f\x68\x86\x1c"
"\xc8\xc6\x17\x6a\xe6\x17\x72\x06\x1c\x76\x26\x1c\x7a\x46\x1c\xc0"
"\x66\x1c\xc2\x46\xbd\xc5\x10\x29\x58\x6b\xe1\x06\xd2\x1b\x0b\xc1"
"\x09\xa0\x00\x8e\x05\x46\x45\xa0\xae\x6c\x06\x93\x04\xa0\x51\x36"
"\xa2\x60\x33\xbe\x70\x33\xe0\x80\x33\xc8\x88\x63\xe1\x52\x20\xc7"
"\x42\x06\xb8\xb2\x41\x88\x1c\x0b\x97\x82\x39\x16\x32\xc0\x95\x0d"
"\x52\xcc\x5a\xb8\x14\x9c\xb5\x90\x01\xae\x6c\xa4\x69\xdc\xb4\x00"
"\x3e\x9d\x29\x9b\x40\x35\xd2\xaa\x00\x3a\x15\x10\xab\x82\x21\x5c"
"\xd9\xc8\xd5\x00\x6b\x01\x7c\x3c\x53\x36\x81\x92\x08\x50\x01\xb4"
"\x2a\x90\x50\x05\xc3\xba\xb2\x91\xb0\x51\xd6\x02\xf8\x7c\xe6\x67"
"\x02\x75\x11\xa0\x02\x68\x55\x30\x8c\x2b\x1b\xa5\x49\xab\x82\x61"
"\x5c\xd9\x48\xdb\x58\x6b\x01\x54\x1d\x01\x2a\x80\x56\x05\x03\x29"
"\x30\x90\x56\x05\x03\x8d\x6e\x18\x02\xc3\x95\x8d\x8c\x8d\xb8\x16"
"\xc8\x27\x36\x63\x13\x28\x32\x80\x4a\x05\xc4\xae\x60\x88\x00\x57"
"\x36\xea\x0c\xa4\x52\xc1\xb0\xae\x6c\xe4\x6d\xdc\xb5\x40\x2a\x35"
"\x80\x4c\x05\xc4\xaa\x60\x08\xd5\x06\x92\xa9\x60\xd8\xd1\x0d\x43"
"\x60\xb8\xb2\x19\x50\x18\x0c\xb6\x40\x33\xa0\xa0\x33\x76\xc0\x33"
"\x6e\xe0\x33\x6a\xf0\x33\x1c\xd8\x50\x62\x03\x8d\x8d\x40\x36\xb2"
"\x60\x33\xae\x70\x33\xaa\x80\x33\xe0\x50\x33\xe0\x90\x33\xe0\xb0"
"\x33\xe0\x30\x33\xf2\x3c\xc0\x03\x7c\xa3\x64\x36\x01\xf9\x71\x61"
"\x20\x28\xe8\x0b\x50\x01\xa0\x6a\x3c\x88\x70\x67\x33\xa0\x82\x68"
"\xce\x86\x76\x0b\xb3\x19\x50\x01\x1c\x67\x63\x98\xcd\x80\x8a\xe1"
"\x38\x1b\xc8\x6c\x54\x10\x40\x19\x82\x10\x1f\x08\x83\x79\x0b\x68"
"\x88\x6b\x01\x93\xf1\xde\x02\x0c\xc8\x00\x01\xdf\x28\x9d\x4d\x40"
"\xd4\x5c\x18\x88\x0a\x00\x25\x68\x2e\x10\x23\x05\xf4\x2d\x80\x40"
"\x51\x73\x21\x18\x4a\x18\x24\x2e\x10\x88\x80\x04\x41\x20\x68\x2e"
"\x10\x03\x05\xeb\x2d\x1c\x0a\x04\x46\x01\x7b\x0b\x88\x02\x81\x51"
"\xd0\xde\xc2\xa1\x40\xe0\xf2\xe6\x42\x30\x54\x10\x00\xc1\x73\x81"
"\x18\x32\x10\x71\xc1\x7c\x69\xc3\x36\x81\x72\x06\x59\xc3\x10\x01"
"\x4e\x6d\x06\x54\x0c\x44\xda\x24\x6a\x33\xa0\x62\x90\xe1\x22\x6d"
"\xce\x40\x6d\x06\x54\x0c\x34\x5c\xa4\xcd\x18\xa8\xcd\x80\x0a\x42"
"\x4a\x9b\x4a\x6d\x12\x11\xe2\x02\x08\xac\x80\x00\x81\xf2\xe7\x42"
"\x30\xe2\x02\x01\x33\x48\x10\x04\x54\xf8\xb7\x70\x28\x30\x18\x05"
"\xff\x2d\x20\x0a\x04\x46\x01\x88\x0b\x87\x02\x81\x8b\xa8\x0b\xc1"
"\x50\x41\x00\x08\x09\x58\x05\x43\x24\x68\xc5\x85\x13\x40\x42\x70"
"\x28\x88\x36\x4d\x31\x2e\xc0\x80\x0c\x2c\xf0\xad\x8d\xda\x04\x05"
"\xd6\x85\x81\xc8\x31\xd8\xc0\xd7\x36\x6f\x13\x94\x58\x17\x7e\x5c"
"\x20\x92\x0c\x38\xf0\xa1\xce\xdb\x04\x88\x2a\x71\xe1\x52\x60\xe2"
"\x42\x06\x2c\x6f\x88\x00\xe7\x36\x03\x2a\x06\xa2\x6d\x12\xb7\x19"
"\x50\x31\xa0\x72\xd1\x36\x67\xe0\x36\x03\x2a\x06\x55\x2e\xda\x66"
"\x0c\xdc\x66\x40\x05\x21\x06\x6d\x53\xb9\x4d\x22\x78\x5c\x00\x81"
"\x15\x10\x20\x50\x74\x5d\x08\x46\x5c\x20\xcc\x81\x41\x82\x20\xa0"
"\x22\xc7\x85\x43\x81\xc1\x28\xd0\x71\x01\x51\x20\x30\x0a\x76\x5c"
"\x38\x14\x08\x5c\x7a\x5d\x08\x86\x0a\x02\x40\x48\xc0\x2a\x18\x22"
"\x41\x66\x2e\x9c\x00\x12\x82\x43\x41\xb4\x69\x62\x73\x01\x06\x64"
"\x60\x81\x0f\x75\xdc\x26\x18\x50\x41\x88\x04\xdb\xe0\xc2\xda\x0c"
"\xa8\x20\xe0\x81\x6d\x54\x61\x6d\x92\x70\xe7\x02\x08\x94\x76\x17"
"\x82\xa1\x86\x41\xe2\x02\xe1\x14\x02\x12\x04\x01\x15\x6d\x2e\x1c"
"\x0a\x0c\x46\x81\x9b\x0b\x88\x02\x81\x51\xf0\xe6\xc2\xa1\x40\xe0"
"\x12\xef\x42\x30\x54\x10\x00\x42\x02\x4e\x0e\xa8\x0b\x20\x50\xf2"
"\x5d\x08\x86\x6a\x06\x89\x0b\x84\x59\x08\x48\x10\x04\x74\xe4\xb9"
"\x70\x28\x40\x18\x05\x7a\x2e\x20\x0a\x04\x46\xc1\x9e\x0b\x87\x02"
"\x81\x4b\xbf\x0b\xc1\x50\x41\x00\x12\x09\xc0\x07\x37\x7f\x13\xbc"
"\xb8\x99\x1b\x57\x50\xcc\x20\x0b\x16\x86\x08\x70\x72\x33\xa0\x62"
"\x20\xe2\x26\x91\x9b\x01\x15\x03\x5b\x17\x71\x73\x06\x72\x33\xa0"
"\x62\x70\xeb\x22\x6e\xc6\x40\x6e\x06\x54\x10\x50\xdc\x54\x72\x93"
"\x08\x57\x17\x40\x60\x05\x04\x08\x14\x96\x17\x82\x11\x17\x08\xe5"
"\x60\x90\x20\x08\xa8\x58\x75\xe1\x50\x60\x30\x0a\x58\x5d\x40\x14"
"\x08\x8c\x82\x56\x17\x0e\x05\x02\x97\x97\x17\x82\xa1\x82\x00\x10"
"\x12\xb0\x0a\x86\x48\x10\xae\x0b\x27\x80\x84\xe0\x50\x10\x6d\x9a"
"\x7c\x5d\x80\x01\x19\x58\xe0\x9b\x1b\xb9\x09\x06\x54\x10\x76\x00"
"\x37\x92\xdc\x0c\xa8\x20\x54\x01\x6e\xc8\x40\x6e\x06\x54\x0c\xba"
"\x5d\xc0\x8d\x22\x37\x12\x0e\xd2\x00\x7c\xa2\x43\x37\x01\x29\x7b"
"\x61\x20\x2a\x00\x54\xad\xc1\x10\x92\x0d\x54\x5d\x20\x5f\xdf\xd4"
"\x4d\x20\xdb\x20\xd4\x05\xf2\xe9\x8d\xdd\x04\x68\x30\x73\x41\x23"
"\x02\xa1\x40\xdc\xdd\x0c\xa8\x18\xd8\xbb\xb0\x9b\xe9\x6e\x06\x54"
"\x5c\xe8\x5c\xd8\xcd\x74\x37\x03\x2a\x2e\x74\x2e\xec\xa6\xb9\x9b"
"\x88\x40\x20\x06\x12\x7c\x41\x05\x57\xa4\xe2\xce\x85\x13\x40\x42"
"\x70\x28\x30\x36\x25\xe5\x2e\x40\x00\x4a\xf4\x5c\x00\x29\x34\xe0"
"\xc3\x9b\xbb\x09\x86\x18\x14\x40\x08\x82\x01\x66\xf2\x02\x21\x1f"
"\x09\x7c\xa2\x93\x37\x01\xba\x20\x40\x94\x9f\x0b\x2a\x03\x93\x17"
"\xc0\xd7\x37\x7a\x13\x0c\xa8\x18\xcc\x20\x6f\x5c\xbc\xa8\x9b\x01"
"\x15\x03\x93\x37\x30\x5e\xd4\x0d\xc2\xf4\x5c\x50\xd4\x05\x30\x8e"
"\x41\xd4\x85\x61\xe5\x85\x71\x0c\xa2\x2e\x14\x2c\x2f\x0c\x64\x08"
"\x46\x5d\x68\x77\x21\x05\xa3\x2e\x6c\x40\x44\x20\x7c\x62\xe0\xf6"
"\x66\x40\xc5\x20\xe9\xcd\xb4\x37\x03\x2a\x32\x43\x6f\xa6\xbd\x19"
"\x50\x91\x39\x7a\xd3\xec\x4d\x44\x20\x10\x03\x09\xc2\xa0\x82\x2c"
"\x52\xa1\xea\xc2\x09\x20\x21\x38\x14\x18\x9b\x92\x7b\x17\x20\x00"
"\x25\xad\x2e\x80\x14\x24\xf0\xf1\xcd\xde\x04\x43\x0c\x0a\x20\x04"
"\xc1\x40\xfb\x79\x81\x90\x14\x1b\x80\x4f\x74\xfa\x26\x18\xd0\x31"
"\xf0\x79\x41\x37\xb4\x90\x37\x6a\xc0\x37\x03\x3a\x06\x3f\x2f\xe8"
"\x46\x0f\xf2\xc6\xe0\x9b\x01\x1d\x83\x39\xd0\x0d\x1e\xe4\x0d\x1b"
"\xf0\x8d\xf3\x9b\x01\x15\x43\xe5\x37\x46\xdf\x0c\xa8\x18\x22\xbf"
"\x31\xfa\x66\x40\xc5\x30\xf8\x8d\xd1\x37\x28\xc8\x79\x01\xe2\x03"
"\xa1\x0e\x04\x12\x04\x41\x05\x43\xa4\x43\xe7\x85\x13\x40\x42\x70"
"\x28\x40\x36\x29\x60\x2f\xc0\x80\x0c\xf6\x00\x7c\xa2\xe3\x37\x81"
"\x7c\x07\x74\x00\x9f\xe8\x80\x4e\xa0\xce\x61\x10\x95\x0e\x43\xb8"
"\xd0\x19\x50\x31\x10\xa0\x93\x84\xce\x80\x8a\x41\xdc\x0b\xd0\x39"
"\x83\xd0\x19\x50\x31\x90\x7b\x01\x3a\x63\x10\x3a\x03\x2a\x08\xd3"
"\x00\x9d\x2a\x74\x12\x91\xf6\x02\x08\xac\x80\x00\x81\x72\xfe\x42"
"\x30\xe2\x02\x01\x34\x0c\x12\x04\x01\x15\x66\x2f\x1c\x0a\x0c\x46"
"\xc1\xd9\x0b\x88\x02\x81\x51\x80\xf6\xc2\xa1\x40\xe0\xa2\xfe\x42"
"\x30\x54\x10\x00\x42\x02\x56\xc1\x10\x09\x9a\x7b\xe1\x04\x90\x10"
"\x1c\x0a\xa2\x4d\x53\xde\x0b\x30\x20\x03\x0b\x7c\xa2\x13\x3a\xc1"
"\x80\x1a\xc2\x2e\xe6\x86\x3d\xfe\xc6\x2e\xf8\xc6\x2e\xf0\xc6\x2e"
"\xfc\x46\x0a\x9d\x01\x35\x84\x5d\xcc\x0d\x88\xfc\x8d\x5d\xf0\x8d"
"\x5d\xe0\x8d\x5d\xf8\x0d\x19\x84\xce\x80\x9a\x01\xe6\x8b\xb9\x81"
"\xf9\xe2\x6f\x70\x81\x6f\x58\x02\x6f\xf8\xc0\x6f\x94\xd0\x79\xa3"
"\x73\x3a\xa4\xa1\x84\x41\x96\x69\x0c\x11\xe0\x4a\x67\x08\x44\xfe"
"\xff\xff\xff\x0f\x03\xdc\x0b\x47\x0a\xe2\x5e\xc8\x80\x95\x1a\x43"
"\x04\x38\xd3\x19\x50\x31\x28\xa3\x93\x94\xce\x80\x8a\xc1\xe7\x8b"
"\xd1\x39\x83\xd2\x19\x50\x31\x80\x7d\x31\x3a\x63\x50\x3a\x03\x2a"
"\x08\x6b\x74\xaa\xd2\x49\xc4\xe9\x0b\x20\xb0\x02\x02\x04\x4a\x09"
"\x0e\xc1\x88\x0b\x04\xdf\x30\x48\x10\x04\x54\x90\xbe\x70\x28\x30"
"\x18\x05\xa5\x2f\x20\x0a\x04\x46\x81\xe9\x0b\x87\x02\x81\x0b\x0a"
"\x0e\xc1\x50\x41\x00\x08\x09\x58\x05\x43\x24\x28\xf6\x85\x13\x40"
"\x42\x70\x28\x88\x36\x4d\xb7\x2f\xc0\x80\x0c\x32\xf0\x91\x4e\xe9"
"\x04\x03\x2a\x06\x38\x20\x9d\xc4\x74\x06\x54\x0c\xaa\x5f\x90\xce"
"\x19\x98\xce\x80\x8a\x81\xf5\x0b\xd2\x19\x03\xd3\x19\x50\x41\x60"
"\xa4\x53\x99\x4e\x22\x7a\x5f\x00\x81\x15\x10\x20\x50\x76\x70\x08"
"\x46\x5c\x20\xd0\x87\x41\x82\x20\xa0\x42\xf7\x85\x43\x81\xc1\x28"
"\xd8\x7d\x01\x51\x20\x30\x0a\x78\x5f\x38\x14\x08\x5c\x7c\x70\x08"
"\x86\x0a\x02\x40\x48\xc0\x2a\x18\x22\x41\xe7\x2f\x9c\x00\x12\x82"
"\x43\x41\xb4\x69\x6a\x7f\x01\x06\x64\xc0\x06\xe0\x3b\x1d\xd3\x09"
"\x06\x54\x0c\xf4\x5f\x88\x8e\x1c\x98\xce\x80\x8a\xc1\xfe\x0b\xd1"
"\x41\x4c\x47\xd2\x01\xff\x0b\xe0\xe8\x06\x61\x08\x1c\xea\x0c\xe8"
"\x18\x84\xd3\xe1\xff\x82\x6d\x60\xc6\x6d\x54\x40\x40\x89\xc3\x21"
"\x18\x6e\x94\x48\x1d\x0e\x03\x51\x01\xa0\x64\x0e\x07\x62\xa4\xe0"
"\xff\x05\x10\x28\x75\x38\x04\x43\x09\x83\xc4\x05\x02\x11\x90\x20"
"\x08\x64\x0e\x07\x62\xa0\xc0\xfe\x85\x43\x81\xc0\x28\xb8\x7f\x01"
"\x51\x20\x30\x0a\xf0\x5f\x38\x14\x08\x5c\xf4\x70\x08\x86\x0a\x02"
"\x40\x49\xc0\xc9\x49\xc1\x01\x04\x8a\x28\x0e\xc1\x50\xce\x20\x71"
"\x81\x10\x05\x24\x08\x02\x3a\x44\x70\x38\x14\x20\x8c\x82\x11\x1c"
"\x10\x05\x02\xa3\x80\x04\x87\x43\x81\xc0\xc5\x14\x87\x60\xa8\x20"
"\x00\x89\x04\xe0\x53\x9d\xdc\x09\x08\x2c\x0e\xc4\x90\x81\x0e\x0e"
"\xe6\x5b\x9d\xd6\x09\x94\x33\xc8\x1a\x86\x08\x70\xac\x33\xa0\x62"
"\x20\x56\x27\x61\x9d\x01\x15\x83\x28\x1a\xab\x73\x06\xac\x33\xa0"
"\x62\x20\x45\x63\x75\xc6\x80\x75\x06\x54\x10\xd4\xea\x54\xac\x93"
"\x88\x1c\x1c\x40\x60\x05\x04\x08\x94\x5b\x1c\x82\x11\x17\x08\x65"
"\x60\x90\x20\x08\xa8\xb0\xc1\xe1\x50\x60\x30\x0a\x6e\x70\x40\x14"
"\x08\x8c\x02\x1c\x1c\x0e\x05\x02\x17\x5d\x1c\x82\xa1\x82\x00\x10"
"\x12\xb0\x0a\x86\x48\xd0\x18\x0e\x27\x80\x84\xe0\x50\x10\x6d\x9a"
"\xd2\x70\x80\x01\x19\x58\xe0\x6b\x1d\xd6\x09\x06\x54\x10\x7a\xa0"
"\x3a\x12\xeb\x0c\xa8\x20\x5c\x41\x75\xc8\x80\x75\x06\x54\x0c\xf0"
"\x68\xa8\x8e\xc2\x3a\x72\x0e\xd6\x00\x7c\xbc\xe3\x3a\x01\x81\xc7"
"\x61\x20\x2a\x00\x54\xb5\xc1\x10\xd2\x0d\x6a\x70\x20\xdf\xed\xbc"
"\x4e\x20\xdf\x80\x05\x07\xf2\xd1\x0e\xec\x04\x68\x88\x7f\x41\x23"
"\x02\xa1\x40\x5c\xec\x0c\xa8\x18\x44\xd2\x80\x9d\x29\x76\x06\x54"
"\x5c\xfe\x5f\xc0\xce\x14\x3b\x03\x2a\x2e\xff\x2f\x60\xa7\x89\x9d"
"\x88\x40\x20\x06\x12\x7c\x41\x05\x57\xa4\x42\x04\x87\x13\x40\x42"
"\x70\x28\x30\x36\x25\x70\x38\x40\x00\x4a\x4a\x70\x00\x29\x34\xe0"
"\x93\x9d\xd8\x09\x86\x18\x14\x40\x08\x82\x01\x16\x8b\x03\x21\x1f"
"\x09\x7c\xbc\x33\x3b\x01\xba\x20\x40\x54\x0a\x0e\x2a\x83\x58\x1c"
"\xc0\x77\x3b\xb4\x13\x0c\xa8\x18\xcc\x60\x76\xc8\xd2\x78\x9d\x01"
"\x15\x03\x33\x3b\x66\x69\xbc\x0e\xc2\x4a\x70\x50\xd4\x05\x30\x8e"
"\xa1\x05\x87\xc1\x16\x87\x71\x0c\x2d\x38\x14\xb7\x38\x0c\x64\x08"
"\x5c\x70\xc0\xc3\x21\x05\x2e\x38\x6c\x40\x44\x20\x7c\x62\xe0\x6a"
"\x67\x40\xc5\x20\xd1\xce\x54\x3b\x03\x2a\x32\x83\x76\xa6\xda\x19"
"\x50\x91\x39\xb4\xd3\xd4\x4e\x44\x20\x10\x03\x09\xc2\xa0\x82\x2c"
"\x52\x51\x83\xc3\x09\x20\x21\x38\x14\x18\x9b\x12\x51\x1c\x20\x00"
"\x25\x38\x38\x80\x14\x24\xf0\xd9\x4e\xed\x04\x43\x0c\x0a\x20\x04"
"\xc1\x40\x53\xc7\x81\x90\x14\x1b\x80\x8f\x77\x6e\x27\x18\xd0\x31"
"\xc8\xa6\xe1\x3a\xb4\x30\x3b\x6a\x60\x3b\x03\x3a\x06\xda\x34\x5c"
"\x47\x0f\x66\xc7\xb0\x9d\x01\x1d\x83\x39\xb8\x0e\x1e\xcc\x0e\x1b"
"\xd8\x8e\xc3\x9d\x01\x15\x43\x85\x3b\xc6\xed\x0c\xa8\x18\x22\xdc"
"\x31\x6e\x67\x40\xc5\x30\xe0\x8e\x71\x3b\x28\x20\xc7\x01\xe2\x03"
"\xa1\x0e\x04\x12\x04\x41\x05\x43\xa4\xa3\x1c\x87\x13\x40\x42\x70"
"\x28\x40\x36\x29\xeb\x38\xc0\x80\x0c\xf6\x00\x7c\xbc\x83\x3b\x81"
"\x94\x07\x75\x00\x1f\xef\xe8\x4e\xa0\xd2\x61\x10\xb5\x0e\x43\xb8"
"\xdd\x19\x50\x31\x10\xba\x93\xec\xce\x80\x8a\x01\x3f\x0d\xdd\x39"
"\x83\xdd\x19\x50\x31\xe8\xa7\xa1\x3b\x63\xb0\x3b\x03\x2a\x08\xd5"
"\xd0\x9d\x6a\x77\x12\x41\x8f\x03\x08\xac\x80\x00\x81\x22\x97\x43"
"\x30\xe2\x02\x01\x24\x0c\x12\x04\x01\x15\xf1\x38\x1c\x0a\x0c\x46"
"\x81\x3c\x0e\x88\x02\x81\x51\x30\x8f\xc3\xa1\x40\xe0\x52\x97\x43"
"\x30\x54\x10\x00\x42\x02\x56\xc1\x10\x09\xf2\xc7\xe1\x04\x90\x10"
"\x1c\x0a\xa2\x4d\x13\x49\x0e\x30\x20\x03\x0b\x7c\xbc\xb3\x3b\xc1"
"\x80\x1a\xc2\x2e\x5a\x07\x3e\x72\xc7\x2e\x6c\xc7\x2e\x64\xc7\x2e"
"\x70\x47\xda\x9d\x01\x35\x84\x5d\xb4\x0e\x89\xe4\x8e\x5d\xd8\x8e"
"\x5d\xc8\x8e\x5d\xe0\x0e\x19\xec\xce\x80\x9a\xc1\x4c\x8d\xd6\x31"
"\x53\x23\x77\x70\xc1\x76\x58\x42\x76\xf8\x00\x77\x94\xdd\x51\xc2"
"\x20\x29\x50\xc9\x01\x04\x56\x40\x80\x40\x41\xcd\x21\x18\x71\x81"
"\x60\x13\x03\x09\x82\x80\x90\x93\x1c\x0e\x05\x09\xa3\x00\x25\x07"
"\x44\x81\xc0\x28\x48\xc9\xe1\x50\x20\x70\x59\xcd\x21\x18\x69\x91"
"\xc9\x01\x04\x56\x40\x80\x40\x91\xcd\x21\x18\x71\x81\x00\x16\x0c"
"\x09\x82\x80\x8a\x98\x1c\x0e\x05\x06\xa3\x40\x26\x07\x44\x81\xc0"
"\x28\x98\xc9\xe1\x50\x20\x70\xa9\xcd\x21\x18\xa9\xda\xc9\x01\x04"
"\x56\x40\x80\x40\xe1\xcd\x21\x18\x71\x81\xa0\x16\x0c\x09\x82\x80"
"\x8a\x9d\x1c\x0e\x05\x06\xa3\x80\x27\x07\x44\x81\xc0\x28\xe8\xc9"
"\xe1\x50\x20\x70\xf9\xcd\x21\x18\x28\x0c\xdc\x72\x80\x52\x9e\x43"
"\x30\xe2\x02\x61\x2e\x16\x12\x04\x01\x11\x64\x39\x1c\x0a\x0a\x46"
"\x41\x59\x0e\x88\x02\x81\x51\x60\x96\xc3\xa1\x40\xe0\x82\x9e\x43"
"\x30\x54\x32\x48\x0a\xe4\x72\x00\x81\x15\x10\x20\x50\xe0\x73\x08"
"\x46\x5c\x20\xf8\xc5\x40\x82\x20\x20\xe3\x2d\x87\x43\xc1\xc1\x28"
"\x80\xcb\x01\x51\x20\x30\x0a\xe2\x72\x38\x14\x08\x5c\xe6\x73\x08"
"\x86\x0a\x02\x40\x48\xc0\x2a\x20\x22\x39\x7d\x39\x80\xc0\x0a\x08"
"\x10\x28\xfd\x39\x04\x23\x2e\x10\x56\xe3\x21\x41\x10\x10\xc2\x97"
"\xc3\xa1\x20\x61\x14\xf4\xe5\x80\x28\x10\x18\x05\x7e\x39\x1c\x0a"
"\x04\x2e\x20\x3a\x04\x43\x05\x01\x20\x24\x60\x15\x10\x91\x82\xd8"
"\x1c\x6e\x20\x05\xcf\x06\xa4\x6e\x35\x07\x10\x58\x01\x01\x02\x85"
"\x45\x87\x60\xc4\x05\x82\x6e\x44\x24\x08\x02\x52\x56\x73\x38\x14"
"\x2c\x8c\x02\xd6\x1c\x10\x05\x02\xa3\xa0\x35\x87\x43\x81\xc0\xe5"
"\x45\x87\x60\xa8\x20\x00\x84\x04\xac\x02\x22\x52\x70\x9b\xc3\x0d"
"\xa4\xe0\xd9\x00\x64\x0b\xe2\x39\x40\xd1\xd1\x21\x18\x71\x81\x80"
"\x1e\x10\x09\x82\x80\x92\xdc\x1c\x0e\x05\x0a\xa3\x40\x37\x07\x44"
"\x81\xc0\x28\xd8\xcd\xe1\x50\x20\x70\xe9\xd1\x21\x18\x2a\x08\x00"
"\x21\x01\xab\x80\x88\x14\x90\xe7\x70\x01\x29\x70\x36\x40\xe1\x42"
"\x00\xe8\x17\x02\x56\x01\x11\x2a\x16\x02\x40\xb8\x10\xb0\x0a\x88"
"\x48\x81\x7d\x0e\x37\x90\x82\x62\x03\x14\x2b\x04\x80\x66\x21\x60"
"\x15\x10\x91\x02\xf9\x1c\x6e\x20\x05\xc5\x06\x28\x54\x08\x00\xbd"
"\x42\xc0\x2a\x20\x22\x05\xf6\x39\x5c\x40\x0a\x8a\x0d\x20\x7c\x3a"
"\x10\x43\x06\x26\x3a\x98\xaf\x77\x7c\x27\x50\x62\x30\xc8\x1a\x86"
"\x08\x70\xe0\x33\xa0\x82\x40\x05\xde\xc9\xc0\x67\x40\x05\xa1\x07"
"\xbc\x73\x06\xe0\x33\xa0\x62\xe0\x61\x83\x77\xe2\x00\x7c\x24\xc2"
"\xa2\x03\xf8\xe4\xe7\x77\x02\xb9\xb5\xe8\x60\x2e\x6e\x88\x80\xa5"
"\x0c\x11\xe0\xc2\x67\x40\xc5\x20\xf5\x4e\x02\x3e\x03\x2a\x06\x34"
"\x36\x7a\xe7\x0c\xc0\x67\x40\xc5\xa0\xc6\x46\xef\x8c\x01\xf8\x0c"
"\xa8\x20\x58\xa1\x77\x2a\xf0\x49\x04\x8b\x0e\x20\xb0\x02\x02\x04"
"\x8a\xaa\x0e\xc1\x88\x0b\x04\x1c\x31\x48\x10\x04\x54\xa4\xe8\x70"
"\x28\x30\x18\x05\x2a\x3a\x20\x0a\x04\x46\xc1\x8a\x0e\x87\x02\x81"
"\x4b\xab\x0e\xc1\x50\x41\x00\x08\x09\x58\x05\x43\x24\xc8\x46\x87"
"\x13\x40\x42\x70\x28\x88\x36\x4d\x3c\x3a\xc0\x80\x0c\x3a\xf0\xf9"
"\x0e\xf8\x04\x03\x2a\x08\x56\x36\x7e\x27\x1e\xe2\x67\x40\x05\xc1"
"\x07\xbf\x93\x0e\xf1\x33\xa0\x82\xe0\x83\xdf\x29\x87\xf8\x79\xe2"
"\x33\x3e\x9c\x12\x06\x71\xe5\x33\xa0\x82\x20\xc2\x67\x0c\xca\x67"
"\x40\x05\x81\x84\x4f\x54\x3e\x03\x2a\x06\x5f\x36\xc2\x67\x0d\xca"
"\xe7\x91\xcf\xf9\x9c\x81\x12\x06\x71\xe6\x33\xa0\x62\x50\xc4\x27"
"\x29\x9f\x01\x15\x03\x39\x1b\xe2\x73\x06\xe5\x33\xa0\x62\x30\x67"
"\x43\x7c\xc6\xa0\x7c\x06\x54\x10\x92\xf8\x54\xe5\x93\x08\x35\x1d"
"\x40\x60\x05\x04\x08\x14\x74\x1d\x82\x11\x17\x08\x76\x62\x90\x20"
"\x08\xa8\x38\xd3\xe1\x50\x60\x30\x0a\xd0\x74\x40\x14\x08\x8c\x82"
"\x34\x1d\x0e\x05\x02\x97\x75\x1d\x82\xa1\x82\x00\x10\x12\xb0\x0a"
"\x86\x48\x10\x9d\x0e\x27\x80\x84\xe0\x50\x10\x6d\x9a\xf4\x74\x80"
"\x01\x19\xd4\x01\xf8\xc6\xa7\x7c\x82\x01\x15\x83\x1b\x90\x4f\x62"
"\x3e\x03\x2a\x06\x98\x36\xc8\xe7\x0c\xcc\x67\x40\xc5\x20\xd3\x06"
"\xf9\x8c\x81\xf9\x0c\xa8\x20\xf4\x80\x7c\x2a\xf3\x49\x04\xa8\x0e"
"\x20\xb0\x02\x02\x04\x8a\xbf\x0e\xc1\x88\x0b\x04\x56\x31\x48\x10"
"\x04\x54\xf4\xe9\x70\x28\x30\x18\x05\x7e\x3a\x20\x0a\x04\x46\xc1"
"\x9f\x0e\x87\x02\x81\x4b\xc8\x0e\xc1\x50\x41\x00\x08\x09\x58\x05"
"\x43\x24\x48\x55\x87\x13\x40\x42\x70\x28\x88\x36\x4d\xb0\x3a\xc0"
"\x80\x0c\x54\x01\x7c\xe7\x63\x3e\xc1\x80\x0a\x02\x1c\xc6\x47\x32"
"\x9f\x01\x15\x04\x38\x8c\x0f\x19\x98\xcf\x80\x8a\xc1\xaf\x8d\xf1"
"\x51\xcc\x47\xb6\x46\x1c\x80\x08\x0f\x7a\x75\x80\x87\x3e\xf1\x23"
"\xc8\x60\x17\xc8\x97\x3e\xf2\x13\x0c\x31\x30\x80\x10\x04\x03\x2b"
"\x5d\x07\x77\x00\xd7\x01\xf1\x42\x00\x8e\x7d\x50\xa0\xff\xff\xff"
"\xff\x03\x94\x9b\x1d\x82\x31\xd8\xa0\x90\xd9\xa1\xfc\xff\xff\xff"
"\x07\x62\x00\xdc\xfa\x0c\xa8\x20\xee\x40\x7d\x22\xf7\x19\x50\x41"
"\x10\xea\x13\xb9\xcf\x10\x0a\xff\xff\xff\xff\x1f\x08\x72\x1d\x80"
"\x40\x06\xe2\x00\x3e\xf9\x61\x9f\x60\x40\x05\x21\xa5\x0f\xb1\x3e"
"\x03\x2a\x08\x2d\x7d\x90\xf5\x19\x50\x41\x78\xe9\xc3\xac\xcf\x7b"
"\x1f\xf7\xe9\x05\x84\x0f\x02\x0c\x36\x28\x74\x76\xb8\xff\xff\xff"
"\xff\x81\x18\x00\xe7\x3e\x03\x2a\x88\xa9\x7d\x08\xf6\x19\x50\x41"
"\x10\xed\x83\xb0\xcf\x83\x9f\xf5\x39\x87\x01\x15\x44\xf4\x3e\xba"
"\x6d\xb0\xcf\x80\x0a\xa2\x79\x1f\x85\x7d\x50\x00\xae\xc3\xa1\x40"
"\x60\x14\x84\xeb\x80\x28\x10\x18\x05\xe2\x3a\x1c\x0a\x04\x4e\x08"
"\xbd\x0e\x30\x20\x03\x92\x00\x5f\xfb\xbc\x4f\x30\xa0\x82\x88\xe0"
"\xc7\xbd\x0d\xf7\x19\x50\x41\x34\xf0\xa3\xb9\x0f\x0a\xd4\x75\x38"
"\x14\x08\x8c\x82\x75\x1d\x10\x05\x02\xa3\x80\x5d\x87\x43\x81\xc0"
"\x09\xf1\xd7\x01\x06\x64\xb0\x0f\xe0\x53\x1f\xf8\x09\xe4\x18\xf4"
"\x03\xf8\xe4\x27\x7c\x82\x01\x25\x03\x2b\xa0\x8f\x7b\xf8\x0e\x2b"
"\xac\x8f\x7b\xc4\x8f\x0a\x08\x28\x78\x3b\x04\xc3\x8d\x12\xe1\xdb"
"\x61\x20\x2a\x00\x94\xe8\xed\x40\x8c\x14\x98\xec\x00\x02\x85\x6f"
"\x87\x60\x28\x61\x90\xb8\x40\x20\x02\x12\x04\x81\xe8\xed\x40\x0c"
"\x14\xf4\xeb\x70\x28\x10\x18\x05\xfe\x3a\x20\x0a\x04\x46\xc1\xbf"
"\x0e\x87\x02\x81\x55\x10\x00\x4a\x02\x4e\x0e\xcc\x0e\x20\x80\x08"
"\x93\x1d\x0e\x05\x05\xa3\xe0\x64\x07\x44\x81\xc0\x28\x40\xd9\xe1"
"\x50\x20\x70\x51\xdd\x21\x18\x44\x76\x07\x62\xc8\x80\x67\x07\xf3"
"\xd1\x8f\xfd\x04\x2a\x19\x64\x0d\x43\x04\xb8\xfa\x19\x50\x31\x10"
"\xf4\x93\xd4\xcf\x80\x8a\xc1\xd4\x0d\xfa\x39\x83\xfa\x19\x50\x31"
"\xa0\xba\x41\x3f\x63\x50\x3f\x03\x2a\x08\x88\x7e\xaa\xfa\x49\xc4"
"\xce\x0e\x20\xb0\x02\x02\x04\x4a\xee\x0e\xc1\x88\x0b\x04\x30\x30"
"\x48\x10\x04\x54\xe0\xec\x70\x28\x30\x18\x05\x39\x3b\x20\x0a\x04"
"\x46\x81\xce\x0e\x87\x02\x81\x0b\xef\x0e\xc1\x50\x41\x00\x08\x09"
"\x58\x05\x43\x24\xa8\x6c\x87\x13\x40\x42\x70\x28\x88\x36\x4d\x6b"
"\x3b\xc0\x80\x0c\x2c\xf0\xd9\x4f\xfd\x04\x03\x2a\x08\x3b\x98\x1f"
"\xa9\x7e\x06\x54\x10\xa4\x30\x3f\x64\x50\x3f\x03\x2a\x06\x7a\x37"
"\xe6\x47\xa9\x9f\x24\xdc\xed\x00\x02\xa5\x7d\x87\x60\xa8\x61\x90"
"\xb8\x40\xa8\x83\x80\x04\x41\x40\x47\xdb\x0e\x87\x02\x84\x51\xe0"
"\xb6\x03\xa2\x40\x60\x14\xbc\xed\x70\x28\x10\xb8\xc4\xef\x10\x0c"
"\x15\x04\x80\x90\x80\x93\x03\xba\x03\x08\x94\xfc\x1d\x82\xa1\x9a"
"\x41\xe2\x02\x21\x14\x02\x12\x04\x01\x1d\x79\x3b\x1c\x0a\x10\x46"
"\x81\xde\x0e\x88\x02\x81\x51\xb0\xb7\xc3\xa1\x40\xe0\xd2\xbf\x43"
"\x30\x54\x10\x80\x44\x02\xf0\xdd\x8f\x09\x05\x0f\x7f\xf4\x87\x0e"
"\x14\x33\xc8\xb2\x83\x21\x02\x5c\xfe\x0c\xa8\x18\x08\xfc\x49\xf2"
"\x67\x40\xc5\xc0\xf6\x06\xfe\x9c\x41\xfe\x0c\xa8\x18\xdc\xde\xc0"
"\x9f\x31\xc8\x9f\x01\x15\x04\x84\x3f\x55\xfe\x24\xc2\x75\x07\x10"
"\x58\x01\x01\x02\x85\x85\x87\x60\xc4\x05\xc2\x2c\x18\x24\x08\x02"
"\x2a\x56\x77\x38\x14\x18\x8c\x02\xd6\x1d\x10\x05\x02\xa3\xa0\x75"
"\x87\x43\x81\xc0\xe5\x85\x87\x60\xa8\x20\x00\x84\x04\xac\x82\x21"
"\x12\x84\xbb\xc3\x09\x20\x21\x38\x14\x44\x9b\x26\xdf\x1d\x60\x40"
"\x06\x16\xf8\xf4\x27\x7f\x82\x01\x15\x84\x1d\xdc\x8f\x94\x3f\x03"
"\x2a\x08\x55\xb8\x1f\x32\xc8\x9f\x01\x15\x83\xee\x1b\xf7\xa3\xe4"
"\x8f\x84\x83\x34\x00\x5f\x0a\xed\x4f\x40\xca\x78\x18\x88\x0a\x00"
"\x55\x6b\x30\x84\x64\x03\xd5\x1d\xc8\x47\x42\xfc\x13\xc8\x36\x08"
"\xdd\x81\x7c\x21\xd4\x3f\x01\x1a\xcc\x76\xd0\x88\x40\x28\x10\xe7"
"\x3f\x03\x2a\x06\xf6\x37\xfa\x67\xf2\x9f\x01\x15\x17\xba\x1b\xfd"
"\x33\xf9\xcf\x80\x8a\x0b\xdd\x8d\xfe\x69\xfc\x27\x22\x10\x88\x81"
"\x04\x5f\x50\xc1\x15\xa9\xb8\xdb\xe1\x04\x90\x10\x1c\x0a\x8c\x4d"
"\x49\xf9\x0e\x10\x80\x12\xbd\x1d\x40\x0a\x0d\xf8\xfe\xc7\x7f\x82"
"\x21\x06\x05\x10\x82\x60\x80\x99\xf0\x40\xc8\x47\x02\x5f\x0a\x81"
"\x50\x80\x2e\x08\x10\xe5\xb7\x83\xca\xc0\x84\x07\xf0\x91\x50\x08"
"\x05\x03\x2a\x06\x33\x00\x21\x17\x3c\xf8\x67\x40\xc5\xc0\x80\x10"
"\x0c\x1e\xfc\x83\x30\xbd\x1d\x14\x75\x01\x8c\x63\x10\xdd\x61\x58"
"\xe1\x61\x1c\x83\xe8\x0e\x05\x0b\x0f\x03\x19\x82\xd1\x1d\xda\x77"
"\x48\xc1\xe8\x0e\x1b\x10\x11\x08\x9f\x18\x38\x11\x1a\x50\x31\x48"
"\x21\x34\x89\xd0\x80\x8a\xcc\x08\xa1\x49\x84\x06\x54\x64\x4e\x08"
"\x35\x22\x14\x11\x08\xc4\x40\x82\x30\xa8\x20\x8b\x54\xa8\xee\x70"
"\x02\x48\x08\x0e\x05\xc6\xa6\xe4\x7e\x07\x08\x40\x49\xeb\x0e\x20"
"\x05\x09\x7c\x23\x24\x42\xc1\x10\x83\x02\x08\x41\x30\xd0\x7e\x78"
"\x20\x24\xc5\x06\xe0\x4b\x21\x12\x0a\x06\x74\x0c\x7c\x78\xec\x0f"
"\x2d\x80\x90\x1a\x8c\xd0\x80\x8e\xc1\x0f\x8f\xfd\xd1\x03\x10\x32"
"\x46\x68\x40\xc7\x60\x0e\xfb\x83\x07\x20\xc4\x06\x23\xe4\x4a\x68"
"\x40\xc5\x50\x95\x90\x41\x42\x03\x2a\x86\xa8\x84\x0c\x12\x1a\x50"
"\x31\x0c\x25\x64\x90\x10\x0a\x72\x78\x80\xf8\x40\xa8\x03\x81\x04"
"\x41\x50\xc1\x10\xe9\xd0\xe1\xe1\x04\x90\x10\x1c\x0a\x90\x4d\x0a"
"\x18\x0f\x30\x20\x83\x3d\x00\x5f\x0a\x95\x50\x20\xdf\x01\x1d\xc0"
"\x97\x42\x27\x14\xa8\x73\x18\x44\xa5\xc3\x10\x0e\x85\x06\x54\x0c"
"\xc4\x09\x25\x28\x34\xa0\x62\x10\xc7\xe3\x84\xce\x00\x85\x06\x54"
"\x0c\xe4\x78\x9c\xd0\x18\xa0\xd0\x80\x0a\xc2\x34\x4e\xa8\x42\xa1"
"\x44\xa4\xf1\x00\x02\x2b\x20\x40\xa0\x9c\xf3\x10\x8c\xb8\x40\x70"
"\x0b\x83\x04\x41\x40\x85\x19\x0f\x87\x02\x83\x51\x70\xc6\x03\xa2"
"\x40\x60\x14\xa0\xf1\x70\x28\x10\xb8\xa8\xf3\x10\x0c\x15\x04\x80"
"\x90\x80\x55\x30\x44\x82\xe6\x78\x38\x01\x24\x04\x87\x82\x68\xd3"
"\x94\xc7\x03\x0c\xc8\xc0\x02\x5f\x0a\xa1\x50\x30\xa0\x86\xb0\x0b"
"\xfd\x61\x0f\x13\xb2\x8b\x11\xb2\x8b\xff\xb1\x8b\x12\x92\x50\x68"
"\x40\x0d\x61\x17\xfa\x03\x22\x26\x64\x17\x23\x64\x17\xff\x63\x17"
"\x25\x44\x06\x28\x34\xa0\x66\x80\xc9\x43\x7f\x60\xf2\x30\x21\x5c"
"\x18\x21\x96\xf8\x1f\x3e\x28\x21\x05\x85\x92\x50\xca\x03\x08\x94"
"\x7d\x1e\x82\xa1\x86\x41\xe2\x02\x61\x34\x02\x12\x04\x01\x1d\x7b"
"\x3c\x1c\x0a\x10\x46\x01\x1f\x0f\x88\x02\x81\x51\xd0\xc7\xc3\xa1"
"\x40\xe0\xf2\xcf\x43\x30\x54\x10\x00\x42\x02\x4e\x8e\x2b\x0f\x20"
"\x50\x4e\x7a\x08\x86\x6a\x06\x89\x0b\x84\xd7\x08\x48\x10\x04\x74"
"\x9c\xf2\x70\x28\x40\x18\x05\xa8\x3c\x20\x0a\x04\x46\x41\x2a\x0f"
"\x87\x02\x81\xcb\x4a\x0f\xc1\x50\x41\x00\x12\x09\xc0\xa7\x42\x39"
"\x14\xbc\x15\x6a\x21\xd1\x50\xcc\x20\x8b\x34\x86\x08\x70\x2c\x34"
"\xa0\x62\x20\x56\x28\x61\xa1\x01\x15\x03\x6a\x1e\x2b\x74\x06\x2c"
"\x34\xa0\x62\x50\xcd\x63\x85\xc6\x80\x85\x06\x54\x10\xd0\x0a\x55"
"\x2c\x94\x08\x5e\x1e\x40\x60\x05\x04\x08\x14\x9d\x1e\x82\x11\x17"
"\x08\xe1\x61\x90\x20\x08\xa8\xc8\xe5\xe1\x50\x60\x30\x0a\x74\x79"
"\x40\x14\x08\x8c\x82\x5d\x1e\x0e\x05\x02\x97\x9e\x1e\x82\xa1\x82"
"\x00\x10\x12\xb0\x0a\x86\x48\x90\x39\x0f\x27\x80\x84\xe0\x50\x10"
"\x6d\x9a\xd8\x79\x80\x01\x19\x58\xe0\x6b\x21\x16\x0a\x06\x54\x10"
"\x76\xa0\x42\x12\x0b\x0d\xa8\x20\x54\x41\x85\xc8\x80\x85\x06\x54"
"\x0c\xf6\x79\xa8\x90\xc2\x42\x12\x0e\xd2\x00\x7c\x3c\xe4\x42\x01"
"\x99\xeb\x61\x20\x2a\x00\x54\xad\xc1\x10\x92\x0d\x70\x79\x20\xdf"
"\x0d\xbd\x50\x20\xdb\xe0\x95\x07\xf2\xd1\x10\x0c\x05\x68\xa0\xe3"
"\x41\x23\x02\xa1\x40\x5c\x0c\x0d\xa8\x18\x50\xf4\x80\xa1\x29\x86"
"\x06\x54\x5c\x24\x79\xc0\xd0\x14\x43\x03\x2a\x2e\x92\x3c\x60\xa8"
"\x89\xa1\x88\x40\x20\x06\x12\x7c\x41\x05\x57\xa4\xa2\x94\x87\x13"
"\x40\x42\x70\x28\x30\x36\x25\xf3\x3c\x40\x00\x4a\x50\x79\x00\x29"
"\x34\xe0\x93\xa1\x18\x0a\x86\x18\x14\x40\x08\x82\x01\x46\xd3\x03"
"\x21\x1f\x09\x7c\x3c\x34\x43\x01\xba\x20\x40\x14\x2b\x0f\x2a\x03"
"\x9a\x1e\xc0\x77\x43\x34\x14\x0c\xa8\x18\xcc\x60\x86\xd4\xf4\x78"
"\xa1\x01\x15\x03\x33\x43\x6c\x7a\xbc\x10\xc2\x50\x79\x50\xd4\x05"
"\x30\x8e\x01\x96\x87\x21\xa7\x87\x71\x0c\xb0\x3c\x14\x3a\x3d\x0c"
"\x64\x08\x62\x79\xd8\xe7\x21\x05\xb1\x3c\x6c\x40\x44\x20\x7c\x62"
"\xe0\x6a\x68\x40\xc5\x20\xd1\xd0\x54\x43\x03\x2a\x32\x83\x86\xa6"
"\x1a\x1a\x50\x91\x39\x34\xd4\xd4\x50\x44\x20\x10\x03\x09\xc2\xa0"
"\x82\x2c\x52\x81\xcb\xc3\x09\x20\x21\x38\x14\x18\x9b\x92\x92\x1e"
"\x20\x00\x25\xbb\x3c\x80\x14\x24\xf0\xd9\x50\x0d\x05\x43\x0c\x0a"
"\x20\x04\xc1\x40\x6b\xeb\x81\x90\x14\x1b\x80\x8f\x87\x6e\x28\x18"
"\xd0\x31\xe0\xea\xe1\x42\xb4\x30\x43\x6a\x60\x43\x03\x3a\x06\x5d"
"\x3d\x5c\x48\x0f\x66\xc8\xb0\xa1\x01\x1d\x83\x39\xb8\x10\x1e\xcc"
"\x10\x1b\xd8\x90\xc3\xa1\x01\x15\x43\x85\x43\xc6\x0d\x0d\xa8\x18"
"\x22\x1c\x32\x6e\x68\x40\xc5\x30\xe0\x90\x71\x43\x28\x38\xeb\x01"
"\xe2\x03\xa1\x0e\x04\x12\x04\x41\x05\x43\xa4\x03\xad\x87\x13\x40"
"\x42\x70\x28\x40\x36\x29\x6e\x3d\xc0\x80\x0c\xf6\x00\x7c\x3c\x84"
"\x43\x81\x7c\x07\x74\x00\x1f\x0f\xe9\x50\xa0\xce\x61\x10\x95\x0e"
"\x43\xb8\x1d\x1a\x50\x31\x10\x3a\x94\xec\xd0\x80\x8a\xc1\x5f\x0f"
"\x1d\x3a\x83\x1d\x1a\x50\x31\x80\xec\xa1\x43\x63\xb0\x43\x03\x2a"
"\x08\xd3\xd0\xa1\x6a\x87\x12\x71\xd7\x03\x08\xac\x80\x00\x81\x52"
"\xdf\x43\x30\xe2\x02\x81\x4f\x0c\x12\x04\x01\x15\x74\x3d\x1c\x0a"
"\x0c\x46\x41\x5d\x0f\x88\x02\x81\x51\x60\xd7\xc3\xa1\x40\xe0\x82"
"\xdf\x43\x30\x54\x10\x00\x42\x02\x56\xc1\x10\x09\x0a\xed\xe1\x04"
"\x90\x10\x1c\x0a\xa2\x4d\xd3\x69\x0f\x30\x20\x03\x0b\x7c\x3c\xb4"
"\x43\xc1\x80\x1a\xc2\x2e\x5a\x88\x3d\x72\xc8\x2e\x6c\xc8\x2e\x64"
"\xc8\x2e\x70\x48\xda\xa1\x01\x35\x84\x5d\xb4\x10\x88\xe4\x90\x5d"
"\xd8\x90\x5d\xc8\x90\x5d\xe0\x10\x19\xec\xd0\x80\x9a\x81\x6d\x8f"
"\x16\x62\xdb\x23\x87\x70\xc1\x86\x58\x42\x86\xf8\x00\x87\x94\x1d"
"\x4a\xc2\x6c\x0f\x20\x50\x52\x7c\x08\x86\x1a\x06\x89\x0b\x84\x58"
"\x09\x48\x10\x04\x74\xa4\xf6\x70\x28\x40\x18\x05\xaa\x3d\x20\x0a"
"\x04\x46\xc1\x6a\x0f\x87\x02\x81\x4b\x8b\x0f\xc1\x50\x41\x00\x08"
"\x09\x38\x39\xbc\x3d\x80\x40\xa9\xf1\x21\x18\xaa\x19\x24\x2e\x10"
"\x7a\x25\x20\x41\x10\xd0\x51\xdb\xc3\xa1\x00\x61\x14\xd8\xf6\x80"
"\x28\x10\x18\x05\xb7\x3d\x1c\x0a\x04\x2e\x39\x3e\x04\x43\x05\x01"
"\x48\x24\x00\x5f\x0f\xb1\x51\xf0\x7c\x08\x8c\x60\x45\x31\x83\x2c"
"\x59\x19\x22\xc0\xfd\xd0\x80\x8a\x81\xf0\xa1\xe4\x87\x06\x54\x0c"
"\xe4\x7b\xf8\xd0\x19\xfc\xd0\x80\x8a\xc1\x7c\x0f\x1f\x1a\x83\x1f"
"\x1a\x50\x41\x40\x3e\x54\xfd\x50\x22\xd4\x7b\x00\x81\x15\x10\x20"
"\x50\xd0\x7c\x08\x46\x5c\x20\xbc\x8b\x41\x82\x20\xa0\xe2\xbc\x87"
"\x43\x81\xc1\x28\x40\xef\x01\x51\x20\x30\x0a\xd2\x7b\x38\x14\x08"
"\x5c\xd6\x7c\x08\x86\x0a\x02\x40\x48\xc0\x2a\x18\x22\x41\xf4\x3d"
"\x9c\x00\x12\x82\x43\x41\xb4\x69\xd2\xef\x01\x06\x64\x60\x81\x0f"
"\x8c\x7e\x28\x18\x50\x41\xd8\x41\x0f\x49\x3f\x34\xa0\x82\x50\x85"
"\x1e\x22\x83\x1f\x1a\x50\x31\xc8\xf0\xd1\x43\xca\x0f\x49\x38\x48"
"\x03\xf0\xbd\x51\x18\x05\x24\xd4\x87\x81\xa8\x00\x50\xb5\x06\x43"
"\x48\x36\x30\xef\x81\x7c\x6a\x24\x46\x81\x6c\x83\xde\x1e\xc8\x77"
"\x46\x63\x14\xa0\x41\xb4\x07\x8d\x08\x84\x02\x71\x64\x34\xa0\x62"
"\x20\xe3\x63\x8c\x26\x32\x1a\x50\x71\x81\xed\x31\x46\x13\x19\x0d"
"\xa8\xb8\xc0\xf6\x18\xa3\x86\x8c\x22\x02\x81\x18\x48\xf0\x05\x15"
"\x5c\x91\x8a\xd9\x1e\x4e\x00\x09\xc1\xa1\xc0\xd8\x94\x84\xf8\x00"
"\x01\x28\xb1\xed\x01\xa4\xd0\x80\xaf\x8c\xc8\x28\x18\x62\x50\x00"
"\x21\x08\x06\x98\x98\x0f\x84\x7c\x24\xf0\xbd\x91\x19\x05\xe8\x82"
"\x00\x51\xba\x3d\xa8\x0c\xc4\x7c\x00\x9f\x1a\x9d\x51\x30\xa0\x62"
"\x30\x03\x33\x32\xe5\x43\x8c\x06\x54\x0c\x8c\x19\xa1\xf2\x21\x46"
"\x08\xb3\xed\x41\x51\x17\xc0\x38\x06\xdf\x1e\x86\x33\x1f\xc6\x31"
"\xf8\xf6\x50\xa0\xf9\x30\x90\x21\xf8\xed\x21\xc5\x87\x14\xfc\xf6"
"\xb0\x01\x11\x81\xf0\x89\x81\x43\xa3\x01\x15\x83\x74\x46\x13\x1a"
"\x0d\xa8\xc8\x8c\x33\x9a\xd0\x68\x40\x45\xe6\x9c\x51\x83\x46\x11"
"\x81\x40\x0c\x24\x08\x83\x0a\xb2\x48\x85\x79\x0f\x27\x80\x84\xe0"
"\x50\x60\x6c\x4a\x66\x7c\x80\x00\x94\xa4\xf7\x00\x52\x90\xc0\x97"
"\x46\x68\x14\x0c\x31\x28\x80\x10\x04\x03\x6d\xcf\x07\x42\x52\x6c"
"\x00\xbe\x37\x52\xa3\x60\x40\xc7\x40\xcf\x47\x18\xd1\x82\x19\xa9"
"\x41\x1a\x0d\xe8\x18\xec\xf9\x08\x23\x3d\x30\x23\x23\x8d\x06\x74"
"\x0c\xe6\x10\x46\x78\x60\x46\x6c\x90\x46\x6e\x8d\x06\x54\x0c\xd5"
"\x1a\x19\x6a\x34\xa0\x62\x88\xd6\xc8\x50\xa3\x01\x15\xc3\xb0\x46"
"\x86\x1a\xa1\xa0\xce\x07\x88\x0f\x84\x3a\x10\x48\x10\x04\x15\x0c"
"\x91\x0e\x3b\x1f\x4e\x00\x09\xc1\xa1\x00\xd9\xa4\xf0\xf9\x00\x03"
"\x32\xd8\x03\xf0\xbd\xd1\x1a\x05\xf2\x1d\xd0\x01\x7c\x6f\xd4\x46"
"\x81\x3a\x87\x41\x54\x3a\x0c\xe1\xdc\x68\x40\xc5\x40\xb4\x51\xe2"
"\x46\x03\x2a\x06\x9d\x3e\xda\xe8\x0c\xdc\x68\x40\xc5\xc0\xd3\x47"
"\x1b\x8d\x81\x1b\x0d\xa8\x20\x4c\xa3\x8d\x2a\x37\x4a\x44\xa9\x0f"
"\x20\xb0\x02\x02\x04\xca\xc8\x0f\xc1\x88\x0b\x04\xd5\x31\x48\x10"
"\x04\x54\x88\xfa\x70\x28\x30\x18\x05\xa3\x3e\x20\x0a\x04\x46\x01"
"\xa9\x0f\x87\x02\x81\x8b\xc9\x0f\xc1\x50\x41\x00\x08\x09\x58\x05"
"\x43\x24\xe8\xd5\x87\x13\x40\x42\x70\x28\x88\x36\x4d\xb5\x3e\xc0"
"\x80\x0c\x2c\xf0\xbd\x91\x1b\x05\x03\x6a\x08\xbb\x00\x23\xf6\x60"
"\x23\xbb\x48\x23\xbb\x28\x23\xbb\x58\x23\xc9\x8d\x06\xd4\x10\x76"
"\x01\x46\x20\xc2\x46\x76\x91\x46\x76\x51\x46\x76\xb1\x46\x64\xe0"
"\x46\x03\x6a\x06\xd4\x3e\xc0\x08\xb5\x0f\x36\xc2\x85\x34\x62\x89"
"\x32\xe2\x83\x35\x52\xdc\x48\x09\x83\xa4\x60\xd7\x07\x10\x58\x01"
"\x01\x02\x25\xe7\x87\x60\xc4\x05\x02\xf8\x0c\x24\x08\x02\x42\x70"
"\x7d\x38\x14\x24\x8c\x82\x5c\x1f\x10\x05\x02\xa3\x40\xd7\x87\x43"
"\x81\xc0\x85\xe7\x87\x60\xa8\x20\x00\x84\x04\xac\x02\x22\x92\x63"
"\xee\x03\x08\xac\x80\x00\x81\x62\xf6\x43\x30\xe2\x02\xa1\x7d\x1e"
"\x12\x04\x01\x21\xe5\x3e\x1c\x0a\x12\x46\x81\xb9\x0f\x88\x02\x81"
"\x51\x70\xee\xc3\xa1\x40\xe0\x92\xf6\x43\x30\x54\x10\x00\x42\x02"
"\x56\x01\x11\x29\xd0\xf7\xe1\x06\x52\xf0\x6c\x40\xea\xe8\x7d\x00"
"\x81\x15\x10\x20\x50\xea\x7e\x08\x46\x5c\x20\xf0\x4f\x44\x82\x20"
"\x20\x85\xde\x87\x43\xc1\xc2\x28\xa8\xf7\x01\x51\x20\x30\x0a\xec"
"\x7d\x38\x14\x08\x5c\xf0\x7e\x08\x86\x0a\x02\x40\x48\xc0\x2a\x20"
"\x22\x05\x20\x3f\xdc\x40\x0a\x9e\x0d\x40\x6e\xc0\xf2\x03\x94\xd1"
"\x1f\x82\x11\x17\x08\x2a\x04\x91\x20\x08\x28\x11\xf9\xe1\x50\xa0"
"\x30\x0a\x46\x7e\x40\x14\x08\x8c\x02\x92\x1f\x0e\x05\x02\x17\xd3"
"\x1f\x82\xa1\x82\x00\x10\x12\xb0\x0a\x88\x48\x41\xcb\x0f\x17\x90"
"\x02\x67\x03\x48\xed\x0f\x03\x41\x81\xf9\x80\xa4\x21\x16\x02\xdf"
"\x1f\xc1\x51\xa0\x74\x05\x50\x35\x00\xaa\x5c\x68\x08\xf9\x42\xf9"
"\x3e\x90\xc8\xf0\x95\x90\x01\xcb\x0f\xe4\xe8\x86\x50\x1f\x82\xe1"
"\xc5\x91\x1c\x05\x03\x3a\x06\x59\x3f\xe0\xa8\xd8\xa3\x75\xf0\x23"
"\x47\x4a\x92\x86\x42\x7d\x20\x1f\x1f\xcd\x51\x80\x8e\x1e\x1f\x34"
"\x3e\x10\x14\x99\x1f\xc8\xf2\x05\x22\x7c\x21\x3e\x10\x98\x9a\x1f"
"\x4a\x33\x84\x12\x08\x41\x16\x35\x3f\x80\x4f\x8f\xe8\x28\x88\x0f"
"\x84\xc7\xe6\x87\xf8\x40\x80\xca\x7c\x20\xc2\x17\x88\xf0\x85\xf8"
"\x40\x90\x74\x7e\x88\x0f\x84\x29\xcd\x87\x22\x10\xa1\x04\x43\x90"
"\x8c\x9f\x0f\xe0\xd3\xa3\x3a\x0a\xe2\x03\xc1\xfa\xf3\x21\x3e\x10"
"\x2e\x35\x1f\x88\xf0\x05\x22\x7c\x21\x3e\x10\xb2\x51\x1f\xe2\x03"
"\x41\x73\xf3\xa1\x08\x44\x28\xc1\x10\xe4\x24\xea\x03\xf8\xf4\xc8"
"\x8e\x82\xf8\x40\xe8\x46\x7d\x88\x0f\x04\x0f\xce\x07\x22\x7c\x81"
"\x08\x5f\x88\x0f\x04\x30\x38\xf5\x21\x3e\x10\xc2\x80\xce\x87\x22"
"\x10\xa1\x04\x43\x90\x9a\xa9\x0f\xe0\xd3\xa3\x3b\x0a\xe2\x03\x81"
"\x0c\x4e\x7d\x88\x0f\x84\x32\xb0\xf3\x81\x08\x5f\x20\xc2\x17\xe2"
"\x03\xe1\x0c\x56\x7d\x88\x0f\x04\x34\xd0\xf3\xa1\x08\x44\x28\xc1"
"\x10\x64\x18\xa8\xfa\x00\x3e\x3d\xc2\xa3\x20\x3e\x10\xd6\x60\xd5"
"\x87\xf8\x40\x60\x03\x3e\x1f\x88\xf0\x05\x22\x7c\x21\x3e\x10\xdc"
"\xe0\xd5\x87\xf8\x40\x78\x03\x50\x1f\x8a\x40\x84\x12\x0c\x41\xa2"
"\x81\xab\x0f\xe0\xd3\xa3\x3c\x0a\xe2\x03\x41\x0e\x5e\x7d\x88\x0f"
"\x84\x39\x10\xf5\x81\x08\x5f\x20\xc2\x17\xe2\x03\xa1\x0e\x66\x7d"
"\x88\x0f\x04\x3b\x30\xf5\xa1\x08\x44\x28\xc1\x10\x9c\x1e\xc9\x37"
"\xb0\x03\xf0\xfd\xd1\x1e\x05\xe8\x0e\x66\x7d\x50\x19\xf0\xfe\x00"
"\xbe\x38\xe2\xa3\x60\x40\xc5\x40\x0e\x7b\xa4\xf7\x87\x1c\x21\x3d"
"\x50\xf5\x41\x5d\x1f\x0d\xa8\x18\x08\x3e\x4a\xfa\x28\x3e\x10\xfc"
"\x20\x20\x81\x18\xe2\x03\xe1\x0f\x86\x12\x08\x21\x11\x62\x3f\x40"
"\x80\x0c\x0c\xf0\xf9\x51\x1f\x05\xf2\x08\x05\xf0\xfd\x51\x1c\x05"
"\x12\x15\xc6\x7f\x00\xdf\x28\x81\x52\x30\xc4\xc0\x00\x42\x10\x0c"
"\x2c\xf6\x1f\x52\x21\xfc\x07\x85\x0a\x80\x46\x04\x42\x50\x12\x6b"
"\x18\x22\x40\xb6\x42\xf9\x0f\xe4\x0b\x25\x51\x0a\x06\x54\x0c\xb8"
"\x7f\x80\xd2\x20\x4a\xae\x94\xd0\xc0\xf6\x83\x8e\x63\xc8\xf5\x01"
"\x47\xdc\x7f\x18\xc8\x10\xe8\xfa\x90\xeb\x03\x0a\x72\x7d\x40\x15"
"\x88\x50\x92\x20\xc8\x02\x01\xdf\x28\x85\x52\x30\xa0\x74\x08\xc8"
"\xff\x10\x25\xf2\x3f\xec\x85\xfc\x0f\x7d\x91\xfd\x03\x04\x03\xf2"
"\x3f\xf2\x80\xfc\x0f\x76\x21\xff\x43\xff\xc8\xff\x38\x3d\xf2\x3f"
"\x74\x8e\xfc\x8f\x55\x23\xff\x43\xb6\xc8\xff\xf0\x27\xf2\x3f\xe6"
"\x89\xfc\x8f\x3f\x22\xff\xa3\x6c\xc8\xff\x58\x17\xf2\x3f\x5e\x84"
"\xfc\x8f\xf1\x20\xff\xc3\x1f\xc8\xff\x20\x03\x5a\x3d\x3a\xd9\x3f"
"\x64\x30\x90\xfd\x23\x06\x03\xd9\x3f\x44\x30\x90\xfd\x23\x04\x03"
"\xd9\x3f\x5e\x30\x20\xff\x63\x17\x64\xff\x40\x1d\xd9\x3f\xe4\x87"
"\xfc\x8f\xf6\x92\xfd\xa3\xc6\xc8\xff\x98\xc3\x80\xfc\x8f\x3d\x0c"
"\xc8\xff\xe0\xc3\x80\xfc\x8f\x5d\x0c\xc8\xff\x28\xc9\x80\xfc\x0f"
"\xba\x0c\xc8\xff\x30\x03\xf2\x3f\x4c\x81\xfc\x8f\x7f\x20\xff\xa3"
"\x3c\xc8\xff\x88\x11\xf2\x3f\xf8\x85\xfc\x8f\xb3\x21\xff\xa3\x94"
"\xc8\xff\xa8\x27\xf2\x3f\x40\x8a\xfc\x0f\xda\x22\xff\xa3\xd5\xc8"
"\xff\xe0\x39\xf2\x3f\xc6\x8f\xfc\x0f\xfe\x73\xc3\x80\x8a\x21\x21"
"\x25\x9b\x88\xa3\xf8\x40\x98\x85\x80\x04\x41\x88\x0f\x04\x5a\x18"
"\x4a\x20\x84\x44\xb4\xff\x00\x03\x32\xa8\x05\xf0\xfd\x11\x29\x05"
"\x03\x2a\x86\xa5\x94\xb8\x50\x4a\x41\xfb\x0f\x37\x80\xcc\x24\x40"
"\x15\x04\x10\x11\x08\x15\x51\x02\x21\xa4\x82\xfe\x07\x18\x90\x81"
"\x05\xbe\x51\x2a\xa5\x80\xd8\x21\x31\x10\x15\x00\x4a\xe8\x90\x20"
"\x46\x0a\x40\x90\x00\x81\x62\x87\x44\x30\x94\x30\x48\x5c\x20\x10"
"\x01\x09\x82\x40\xe8\x90\x20\x06\x0a\xee\x7f\x38\x14\x08\x8c\x02"
"\xfc\x1f\x10\x05\x02\xa3\x20\xff\x87\x43\x81\xc0\x2a\x08\x00\x25"
"\x01\x27\x47\x05\x09\x10\x40\x04\x08\x12\x87\x82\x82\x51\x10\x82"
"\x04\xa2\x40\x60\x14\x88\x20\x71\x28\x10\xb8\x90\x22\x11\x0c\xc2"
"\x8a\x04\x31\x64\x60\x83\x84\xf9\x4e\x29\x95\x02\x95\x0c\xb2\x86"
"\x21\x02\x1c\x2a\x0d\xa8\x18\x88\x53\x4a\x50\x69\x40\xc5\xa0\x87"
"\xc8\x29\x9d\x01\x2a\x0d\xa8\x18\xf8\x10\x39\xa5\x31\x40\xa5\x01"
"\x15\x04\x74\x4a\x15\x2a\x25\xa2\x06\x09\x10\x58\x01\x01\x02\x65"
"\x16\x89\x60\xc4\x05\x02\x18\x18\x24\x08\x02\x2a\x64\x90\x38\x14"
"\x18\x8c\x82\x19\x24\x10\x05\x02\xa3\x80\x06\x89\x43\x81\xc0\xc5"
"\x16\x89\x60\xa8\x20\x00\x84\x04\xac\x82\x21\x12\xf4\x83\xc4\x09"
"\x20\x21\x38\x14\x44\x9b\xa6\x32\x24\x60\x40\x06\x16\xf8\x52\x09"
"\x95\x82\x01\x15\x84\x1d\x98\x92\x84\x4a\x03\x2a\x08\x52\x30\x25"
"\x32\x40\xa5\x01\x15\x03\x3a\x22\xa6\xa4\xa0\x52\x12\xe2\x90\x00"
"\x81\x72\x8e\x44\x30\xd4\x30\x48\x5c\x20\xd4\x41\x40\x82\x20\xa0"
"\xe3\x0c\x89\x43\x01\xc2\x28\x40\x43\x02\x51\x20\x30\x0a\xd2\x90"
"\x38\x14\x08\x5c\xd6\x91\x08\x86\x0a\x02\x40\x48\xc0\xc9\xd1\x43"
"\x02\x04\xca\x3c\x12\xc1\x50\xcd\x20\x71\x81\x10\x0a\x01\x09\x82"
"\x80\x8e\x39\x24\x0e\x05\x08\xa3\x80\x0e\x09\x44\x81\xc0\x28\xa8"
"\x43\xe2\x50\x20\x70\xb9\x47\x22\x18\x2a\x08\x40\x22\x01\xf8\x54"
"\x29\x97\x82\xb7\x4a\xad\x44\x07\x8a\x19\x64\xd9\xc1\x10\x01\x8e"
"\x95\x06\x54\x0c\xc4\x2a\x25\xac\x34\xa0\x62\x00\x4b\x64\x95\xce"
"\x80\x95\x06\x54\x0c\x62\x89\xac\xd2\x18\xb0\xd2\x80\x0a\x02\x5a"
"\xa5\x8a\x95\x12\x81\x8a\x04\x08\xac\x80\x00\x81\x62\x92\x44\x30"
"\xe2\x02\x61\x16\x0c\x12\x04\x01\x15\xa5\x48\x1c\x0a\x0c\x46\x81"
"\x29\x12\x88\x02\x81\x51\x70\x8a\xc4\xa1\x40\xe0\x92\x92\x44\x30"
"\x54\x10\x00\x42\x02\x56\xc1\x10\x09\x92\x45\xe2\x04\x90\x10\x1c"
"\x0a\xa2\x4d\x13\x2e\x12\x30\x20\x03\x0b\x7c\xad\xc4\x4a\xc1\x80"
"\x0a\xc2\x0e\x54\x49\x62\xa5\x01\x15\x84\x2a\xa8\x12\x19\xb0\xd2"
"\x80\x8a\xc1\x35\x11\x55\x52\x58\x49\xc2\x41\x1a\x80\x8f\x97\x5c"
"\x29\x20\x3f\x49\x0c\x44\x05\x80\xaa\x35\x18\x42\xb2\x01\x29\x12"
"\xe4\xbb\xa5\x57\x0a\x64\x1b\xec\x21\x41\x3e\x5a\x82\xa5\x00\x0d"
"\x60\x48\x68\x44\x20\x14\x88\x8b\xa5\x01\x15\x03\x78\x22\xb0\x34"
"\xc5\xd2\x80\x8a\x8b\x17\x11\x58\x9a\x62\x69\x40\xc5\xc5\x8b\x08"
"\x2c\x35\xb1\x14\x11\x08\xc4\x40\x82\x2f\xa8\xe0\x8a\x54\xc4\x21"
"\x71\x02\x48\x08\x0e\x05\xc6\xa6\xe4\x17\x09\x08\x40\x09\x1d\x12"
"\x20\x85\x06\x7c\xb2\x14\x4b\xc1\x10\x83\x02\x08\x41\x30\xc0\x40"
"\x92\x20\xe4\x23\x81\x8f\x97\x66\x29\x40\x17\x04\x88\xc2\x43\x42"
"\x65\x00\x92\x04\xf8\x6e\x89\x96\x82\x01\x15\x83\x19\xcc\x92\x88"
"\x22\xaf\x34\xa0\x62\x60\x66\x89\x44\x91\x57\x42\x18\x1d\x12\x8a"
"\xba\x00\xc6\x31\xf0\x21\x31\x94\x24\x31\x8e\x81\x0f\x89\xc2\x24"
"\x89\x81\x0c\x41\x1f\x12\xe7\x48\xa4\xa0\x0f\x89\x0d\x88\x08\x84"
"\x4f\x0c\x5c\x2d\x0d\xa8\x18\x24\x5a\x9a\x6a\x69\x40\x45\x66\xd0"
"\xd2\x54\x4b\x03\x2a\x32\x87\x96\x9a\x5a\x8a\x08\x04\x62\x20\x41"
"\x18\x54\x90\x45\x2a\x48\x91\x38\x01\x24\x04\x87\x02\x63\x53\x12"
"\x8f\x04\x04\xa0\xe4\x14\x09\x90\x82\x04\x3e\x5b\xaa\xa5\x60\x88"
"\x41\x01\x84\x20\x18\x68\x39\x49\x10\x92\x62\x03\xf0\xf1\xd2\x2d"
"\x05\x03\x3a\x06\x38\x45\x5c\x89\x16\x66\x49\x0d\x6c\x69\x40\xc7"
"\x20\xa7\x88\x2b\xe9\xc1\x2c\x19\xb6\x34\xa0\x63\x30\x07\x57\xc2"
"\x83\x59\x62\x03\x5b\x72\xb8\x34\xa0\x62\xa8\x70\xc9\xb8\xa5\x01"
"\x15\x43\x84\x4b\xc6\x2d\x0d\xa8\x18\x06\x5c\x32\x6e\x09\x05\x33"
"\x49\x40\x7c\x20\xd4\x81\x40\x82\x20\xa8\x60\x88\x74\xd0\x24\x71"
"\x02\x48\x08\x0e\x05\xc8\x26\x45\x27\x09\x18\x90\xc1\x1e\x80\x8f"
"\x97\x70\x29\x90\xef\x80\x0e\xe0\xe3\x25\x5d\x0a\xd4\x39\x0c\xa2"
"\xd2\x61\x08\xb7\x4b\x03\x2a\x06\x42\x97\x92\x5d\x1a\x50\x31\xd8"
"\x2a\xa2\x4b\x67\xb0\x4b\x03\x2a\x06\x5c\x45\x74\x69\x0c\x76\x69"
"\x40\x05\x61\x1a\xba\x54\xed\x52\x22\xc6\x92\x00\x81\x15\x10\x20"
"\x50\xc2\x93\x08\x46\x5c\x20\xb8\x85\x41\x82\x20\xa0\x02\x2c\x89"
"\x43\x81\xc1\x28\x08\x4b\x02\x51\x20\x30\x0a\xc4\x92\x38\x14\x08"
"\x5c\xc8\x93\x08\x86\x0a\x02\x40\x48\xc0\x2a\x18\x22\x41\x6d\x49"
"\x9c\x00\x12\x82\x43\x41\xb4\x69\x9a\x4b\x02\x06\x64\x60\x81\x8f"
"\x97\x76\x29\x18\x50\x43\xd8\x45\x2b\xb1\x47\x2e\xd9\x85\x2d\xd9"
"\x85\x2c\xd9\x05\x2e\x49\xbb\x34\xa0\x86\xb0\x8b\x56\x02\x91\x5c"
"\xb2\x0b\x5b\xb2\x0b\x59\xb2\x0b\x5c\x22\x83\x5d\x1a\x50\x33\x90"
"\x2c\xd2\x4a\x24\x8b\xe4\x12\x2e\xd8\x12\x4b\xc8\x12\x1f\xe0\x92"
"\xb2\x4b\x49\xf8\x4b\x02\x04\x4a\x7d\x12\xc1\x50\xc3\x20\x71\x81"
"\x30\x1a\x01\x09\x82\x80\x8e\xba\x24\x0e\x05\x08\xa3\xc0\x2e\x09"
"\x44\x81\xc0\x28\xb8\x4b\xe2\x50\x20\x70\xc9\x4f\x22\x18\x2a\x08"
"\x00\x21\x01\x27\x07\x35\x09\x10\x28\x21\x4a\x04\x43\x35\x83\xc4"
"\x05\xc2\x6b\x04\x24\x08\x02\x3a\x42\x93\x38\x14\x20\x8c\x02\xd1"
"\x24\x10\x05\x02\xa3\x60\x34\x89\x43\x81\xc0\xa5\x44\x89\x60\xa8"
"\x20\x00\x89\x04\xe0\xeb\x25\x76\x0a\x9e\x2f\x81\x93\x68\x28\x66"
"\x90\x45\x1a\x43\x04\xb8\x5f\x1a\x50\x31\x10\xbe\x94\xfc\xd2\x80"
"\x8a\x81\x6f\x11\x5f\x3a\x83\x5f\x1a\x50\x31\xf8\x2d\xe2\x4b\x63"
"\xf0\x4b\x03\x2a\x08\xc8\x97\xaa\x5f\x4a\x84\x6d\x12\x20\xb0\x02"
"\x02\x04\x0a\x8d\x12\xc1\x88\x0b\x84\xf0\x30\x48\x10\x04\x54\xcc"
"\x26\x71\x28\x30\x18\x05\xb4\x49\x20\x0a\x04\x46\x41\x6d\x12\x87"
"\x02\x81\xcb\x8d\x12\xc1\x50\x41\x00\x08\x09\x58\x05\x43\x24\x08"
"\x3c\x89\x13\x40\x42\x70\x28\x88\x36\x4d\xe6\x49\xc0\x80\x0c\x2c"
"\xf0\x81\xd3\x2f\x05\x03\x2a\x08\x3b\xe8\x25\xe9\x97\x06\x54\x10"
"\xaa\xd0\x4b\x64\xf0\x4b\x03\x2a\x06\xf5\x45\x7a\x49\xf9\x25\x09"
"\x07\x69\x00\xbe\x77\x0a\xa7\x80\xb4\x29\x31\x10\x15\x00\xaa\xd6"
"\x60\x08\xc9\x06\xb2\x49\x90\x4f\x9d\xc4\x29\x90\x6d\x90\x9a\x04"
"\xf9\xce\x69\x9c\x02\x34\xb8\x25\xa1\x11\x81\x50\x20\x8e\x9c\x06"
"\x54\x0c\xfc\x8b\x8c\xd3\x44\x4e\x03\x2a\x2e\x7c\x45\xc6\x69\x22"
"\xa7\x01\x15\x17\xbe\x22\xe3\xd4\x90\x53\x44\x20\x10\x03\x09\xbe"
"\xa0\x82\x2b\x52\xf1\x97\xc4\x09\x20\x21\x38\x14\x18\x9b\x92\xf6"
"\x24\x20\x00\x25\xa2\x49\x80\x14\x1a\xf0\x95\x13\x39\x05\x43\x0c"
"\x0a\x20\x04\xc1\x00\x73\x51\x82\x90\x8f\x04\xbe\x77\x32\xa7\x00"
"\x5d\x10\x20\xca\x34\x09\x95\x81\x8b\x12\xe0\x53\xa7\x73\x0a\x06"
"\x54\x0c\x66\x60\x4e\x3e\x8c\x88\xd3\x80\x8a\x81\x31\x27\x30\x46"
"\xc4\x09\x61\xa2\x49\x28\xea\x02\x18\xc7\xa0\x9a\xc4\x30\xa3\xc4"
"\x38\x06\xd5\x24\x0a\x1a\x25\x06\x32\x04\xab\x49\xd4\x27\x91\x82"
"\xd5\x24\x36\x20\x22\x10\x3e\x31\x70\xe8\x34\xa0\x62\x90\xce\x69"
"\x42\xa7\x01\x15\x99\x71\x4e\x13\x3a\x0d\xa8\xc8\x9c\x73\x6a\xd0"
"\x29\x22\x10\x88\x81\x04\x61\x50\x41\x16\xa9\x90\x4d\xe2\x04\x90"
"\x10\x1c\x0a\x8c\x4d\xc9\x7f\x12\x10\x80\x92\xda\x24\x40\x0a\x12"
"\xf8\xd2\x09\x9d\x82\x21\x06\x05\x10\x82\x60\xa0\x9d\x29\x41\x48"
"\x8a\x0d\xc0\xf7\x4e\xea\x14\x0c\xe8\x18\x58\x19\x09\x27\x5a\x30"
"\x27\x35\x48\xa7\x01\x1d\x83\x2b\x23\xe1\xa4\x07\xe6\x64\xa4\xd3"
"\x80\x8e\xc1\x1c\xc2\x09\x0f\xcc\x89\x0d\xd2\xc9\xad\xd3\x80\x8a"
"\xa1\x5a\x27\x43\x9d\x06\x54\x0c\xd1\x3a\x19\xea\x34\xa0\x62\x18"
"\xd6\xc9\x50\x27\x14\x84\x29\x01\xf1\x81\x50\x07\x02\x09\x82\xa0"
"\x82\x21\xd2\x21\xa6\xc4\x09\x20\x21\x38\x14\x20\x9b\x14\x34\x25"
"\x60\x40\x06\x7b\x00\xbe\x77\x5a\xa7\x40\xbe\x03\x3a\x80\xef\x9d"
"\xda\x29\x50\xe7\x30\x88\x4a\x87\x21\x9c\x3b\x0d\xa8\x18\x88\x76"
"\x4a\xdc\x69\x40\xc5\x20\xcf\x48\x3b\x9d\x81\x3b\x0d\xa8\x18\xe8"
"\x19\x69\xa7\x31\x70\xa7\x01\x15\x84\x69\xb4\x53\xe5\x4e\x89\x88"
"\x53\x02\x04\x56\x40\x80\x40\x79\x57\x22\x18\x71\x81\xc0\x27\x06"
"\x09\x82\x80\x0a\x37\x25\x0e\x05\x06\xa3\xe0\x4d\x09\x44\x81\xc0"
"\x28\x80\x53\xe2\x50\x20\x70\x91\x57\x22\x18\x2a\x08\x00\x21\x01"
"\xab\x60\x88\x04\xed\x29\x71\x02\x48\x08\x0e\x05\xd1\xa6\x29\x54"
"\x09\x18\x90\x81\x05\xbe\x77\x72\xa7\x60\x40\x0d\x61\x17\xe0\xc4"
"\x1e\xec\x64\x17\xe9\x64\x17\xe5\x64\x17\xeb\x24\xb9\xd3\x80\x1a"
"\xc2\x2e\xc0\x09\x44\xd8\xc9\x2e\xd2\xc9\x2e\xca\xc9\x2e\xd6\x89"
"\x0c\xdc\x69\x40\xcd\x00\xd6\x08\x38\x81\x35\xc2\x4e\xb8\x90\x4e"
"\x2c\x51\x4e\x7c\xb0\x4e\x8a\x3b\x29\x61\x90\x14\x9c\x2a\x01\x02"
"\x2b\x20\x40\xa0\x94\x2c\x11\x8c\xb8\x40\x90\x95\x81\x04\x41\x40"
"\x08\xa9\x12\x87\x82\x84\x51\x50\xaa\x04\xa2\x40\x60\x14\x98\x2a"
"\x71\x28\x10\xb8\xa0\x2c\x11\x0c\x15\x04\x80\x90\x80\x55\x40\x44"
"\x72\x64\x95\x00\x81\x15\x10\x20\x50\x64\x96\x08\x46\x5c\x20\xfc"
"\xca\x43\x82\x20\x20\x24\x56\x89\x43\x41\xc2\x28\x90\x55\x02\x51"
"\x20\x30\x0a\x66\x95\x38\x14\x08\x5c\x6a\x96\x08\x86\x0a\x02\x40"
"\x48\xc0\x2a\x20\x22\x05\xe6\x4a\xdc\x40\x0a\x9e\x0d\x48\x1d\xb8"
"\x12\x20\xb0\x02\x02\x04\x4a\xd8\x12\xc1\x88\x0b\x04\x77\x89\x48"
"\x10\x04\xa4\x80\x2b\x71\x28\x58\x18\x05\xe1\x4a\x20\x0a\x04\x46"
"\x81\xb8\x12\x87\x02\x81\x0b\xd9\x12\xc1\x50\x41\x00\x08\x09\x58"
"\x05\x44\xa4\x80\x5d\x89\x1b\x48\xc1\xb3\x01\xc8\x0d\xf0\x95\x80"
"\xf2\xb6\x44\x30\xe2\x02\x81\x5f\x20\x12\x04\x01\x25\xee\x4a\x1c"
"\x0a\x14\x46\xc1\xbb\x12\x88\x02\x81\x51\x00\xaf\xc4\xa1\x40\xe0"
"\x22\xb7\x44\x30\x54\x10\x00\x42\x02\x56\x01\x11\x29\xc8\x57\xe2"
"\x02\x52\xe0\x6c\x80\x0c\x50\x96\x00\xdf\x3c\xc1\x53\x30\xc4\xc0"
"\x00\x42\x10\x0c\xac\x98\x25\x04\x93\x25\x50\x1f\xac\x06\xa8\x00"
"\xd0\x35\x0c\x11\x20\x0d\x95\x25\xc8\x17\x4f\xf2\x14\x0c\xa8\x18"
"\xc4\x1c\x81\xa7\x42\x9e\x06\x54\x0c\x64\x8e\xc0\xd3\x22\x4f\xce"
"\x9e\x10\x21\xab\x84\x12\x43\x0c\x2a\xd8\x22\x05\xff\x49\x5c\xc0"
"\x10\x83\x02\x08\x41\x30\xe0\x72\x96\x08\x64\x91\x80\x6f\x9e\xe2"
"\x29\x18\xd0\x31\xc8\x39\xf2\x4e\x84\x3c\xad\x81\x3d\xc9\x99\x59"
"\x19\xf0\x8d\x12\x3d\x05\x24\x76\x89\x81\xa0\x00\x5d\x40\x05\x80"
"\x2a\x97\x21\xc2\xd5\xd3\x80\x0a\xa2\xa9\x27\x3c\x47\xe8\x69\x40"
"\x05\x70\xd4\x93\x41\x4f\x03\x2a\x86\xa3\x9e\x20\x7a\x52\x41\x00"
"\x65\x08\x42\x7c\x20\x0c\x38\x4b\xa0\x61\x5c\x09\x4c\x46\xd8\x12"
"\x30\x20\x03\x04\x7c\xa3\x54\x4f\xc1\x80\x8a\x21\xb2\x27\x36\x88"
"\xa7\x01\x15\x43\x63\x4f\x6c\x10\x4f\xf1\x81\xb0\x09\x24\x08\x82"
"\x0a\x86\x48\x85\xcf\x12\x37\x90\x84\xe0\x02\x50\x60\x6c\x42\xc8"
"\x96\x80\x01\x19\x84\x01\xf8\xe6\xc9\x9e\x02\x62\xbe\xc4\x40\x54"
"\x00\x28\x21\x5f\x82\x18\x29\x80\x5b\x02\x04\x8a\xf9\x12\xc1\x50"
"\xc2\x20\x71\x81\x40\x04\x24\x08\x02\x21\x5f\x82\x18\x28\x38\x5b"
"\xe2\x50\x20\x30\x0a\xd0\x96\x40\x14\x08\x8c\x82\xb4\x25\x0e\x05"
"\x02\xab\x20\x00\x94\x04\x9c\x1c\xbd\x25\x40\x00\x11\x70\x4b\x1c"
"\x0a\x0a\x46\x41\xdc\x12\x88\x02\x81\x51\x20\xb7\xc4\xa1\x40\xe0"
"\x42\xbf\x44\x30\x08\xff\x12\xc4\x90\x81\xe9\x12\xe6\xc3\xa7\x7c"
"\x0a\x54\x32\xc8\x1a\x86\x08\x70\xfa\x34\xa0\x82\x50\xee\x29\x27"
"\xf4\x69\x40\x05\x81\xdd\xd3\x49\xe8\xd3\x80\x8a\x81\xe7\x91\x7b"
"\x0a\x0b\x7d\x52\xc2\x20\x29\x28\x5d\x02\x04\x56\x40\x80\x40\x19"
"\x61\x22\x18\x71\x81\x00\x06\x03\x09\x82\x80\x10\xd1\x25\x0e\x05"
"\x09\xa3\x60\x74\x09\x44\x81\xc0\x28\x20\x5d\xe2\x50\x20\x70\x31"
"\x61\x22\x18\x2a\x08\x00\x21\x01\xab\x80\x88\xe4\xc0\x2e\x01\x02"
"\x2b\x20\x40\xa0\xc0\x30\x11\x8c\xb8\x40\x68\x83\x87\x04\x41\x40"
"\xc8\xeb\x12\x87\x82\x84\x51\x00\xbb\x04\xa2\x40\x60\x14\xc4\x2e"
"\x71\x28\x10\xb8\xcc\x30\x11\x0c\x15\x04\x80\x90\x80\x55\x40\x44"
"\x0a\xc8\x97\xb8\x81\x14\x3c\x1b\x90\x3a\xdf\x25\x40\x60\x05\x04"
"\x08\x94\x1f\x26\x82\x11\x17\x08\x7c\x10\x91\x20\x08\x48\xf1\x5d"
"\xe2\x50\xb0\x30\x0a\x7e\x97\x40\x14\x08\x8c\x02\xf0\x25\x0e\x05"
"\x02\x17\x31\x26\x82\xa1\x82\x00\x10\x12\xb0\x0a\x88\x48\x81\xfa"
"\x12\x37\x90\x82\x67\x03\x90\x1b\xd8\x2f\x01\xa5\x8d\x89\x60\xc4"
"\x05\x82\x2a\x40\x24\x08\x02\x4a\xd8\x97\x38\x14\x28\x8c\x82\xf6"
"\x25\x10\x05\x02\xa3\xc0\x7d\x89\x43\x81\xc0\x05\x8e\x89\x60\xa8"
"\x20\x00\x84\x04\xac\x02\x22\x52\x70\xbf\xc4\x05\xa4\xc0\xd9\x00"
"\x19\x98\x30\x01\x12\x50\x26\x06\xf2\xfc\x69\x9f\x84\x01\x15\x83"
"\x48\xe0\x53\xa2\x4f\x03\x2a\x06\x1c\x4c\xf0\xe9\x0c\xf4\x69\x40"
"\xc5\xa0\x83\x09\x3e\x8d\x81\x3e\x0d\xa8\x20\x5c\x02\x9f\x2a\x7d"
"\x4a\x04\x09\x13\x20\xb0\x02\x02\x04\x8a\x28\x13\xc1\x88\x0b\x84"
"\x5f\x30\x48\x10\x04\x54\x84\x30\x71\x28\x30\x18\x05\x22\x4c\x20"
"\x0a\x04\x46\xc1\x08\x13\x87\x02\x81\x4b\x29\x13\xc1\x50\x41\x00"
"\x08\x09\x58\x05\x43\x24\xc8\x85\x89\x13\x40\x42\x70\x28\x88\x36"
"\x4d\x34\x4c\xc0\x80\x0c\x6a\x01\x7c\xf9\xa4\x4f\x81\xba\x00\x25"
"\xb4\x4c\x0c\x64\xed\xc2\x10\x01\x8b\x17\x86\x08\x70\xfc\x34\xa0"
"\x62\x50\xc5\x64\x9f\xde\xa5\xa6\x06\x54\x10\xa6\x98\xec\xd3\xbb"
"\xd4\xd4\x80\x0a\x02\x17\xf6\xa9\x5c\x6a\x6a\x40\x05\xa1\x0a\xfb"
"\x14\x2e\x35\xf5\xfa\x49\xa4\xc0\x41\x09\x83\xb8\x90\x1a\x50\x31"
"\xd0\x62\x92\x4f\xe5\x52\x53\x92\x1e\xd8\x01\x7c\xa3\xf4\x4f\x01"
"\x12\x03\x5f\x00\x15\x00\xaa\xdc\x81\x08\x07\x52\x03\x2a\x88\x06"
"\xa4\x70\x31\xf9\xa7\x01\x15\xc0\x01\x52\xc6\x3f\x0d\xa8\x18\x0e"
"\x90\x72\xfe\x49\x05\x01\x94\x21\x08\xf1\x81\x30\xa0\x31\x81\x86"
"\xf9\x25\x30\x19\x71\x4c\xc0\x80\x0c\x10\xf0\x8d\x12\x48\x05\x03"
"\x2a\x06\xae\x9f\x92\x90\x1a\x50\x31\xc0\x63\xd2\x4f\x67\x10\x52"
"\x03\x2a\x06\x79\x4c\xfa\x69\x0c\x42\x6a\x40\x05\x41\x06\xfd\x54"
"\x85\x54\x22\xe0\x98\x00\x81\x15\x10\x20\x50\xdc\x99\x08\x46\x5c"
"\x20\xac\x84\x41\x82\x20\xa0\xa2\x8d\x89\x43\x81\xc1\x28\x70\x63"
"\x02\x51\x20\x30\x0a\xde\x98\x38\x14\x08\x5c\xe2\x99\x08\x86\x0a"
"\x02\x40\x48\xc0\x2a\x18\x22\x41\x7a\x4c\x9c\x00\x12\x82\x43\x41"
"\xb4\x69\x02\x65\x02\x06\x64\x90\x06\xe0\x13\xa9\x90\x0a\x06\x54"
"\x10\xaa\xc0\x4f\x52\x48\x0d\xa8\x20\x5c\x81\x9f\xc8\x20\xa4\x06"
"\x54\x0c\x3e\x99\xf0\x93\x12\x52\x49\x60\x65\x02\x04\x8a\x48\x13"
"\xc1\x50\xc3\x20\x71\x81\x00\x16\x01\x09\x82\x80\x0e\x51\x26\x0e"
"\x05\x08\xa3\x60\x94\x09\x44\x81\xc0\x28\x20\x65\xe2\x50\x20\x70"
"\x31\x69\x22\x18\x2a\x08\x00\x21\x01\x23\xa7\x96\x09\x28\x2e\x4d"
"\x04\x43\x35\x83\xc4\x05\x02\x5b\x04\x24\x08\x02\x3a\x5c\x99\x38"
"\x14\x20\x8c\x82\x57\x26\x10\x05\x02\xa3\x00\x96\x89\x43\x81\xc0"
"\x45\xa6\x89\x60\xa8\x20\x00\x89\x04\xe0\x1b\x29\x99\x0a\x1e\x49"
"\x99\xd4\x4f\x28\x66\x10\x57\x52\x03\x2a\x06\x81\xa4\x92\x92\x1a"
"\x50\x31\xd0\x66\x42\x52\x67\x50\x52\x03\x2a\x06\xdb\x4c\x48\x6a"
"\x0c\x4a\x6a\x40\x05\xe1\x90\x54\x55\x52\x89\x10\x67\x02\x04\x56"
"\x40\x80\x40\x01\x6b\x22\x18\x71\x81\xd0\x17\x06\x09\x82\x80\x8a"
"\x5f\x26\x0e\x05\x06\xa3\x00\x9c\x09\x44\x81\xc0\x28\x08\x67\xe2"
"\x50\x20\x70\x19\x6b\x22\x18\x2a\x08\x00\x21\x01\xab\x60\x88\x04"
"\xb1\x33\x71\x02\x48\x08\x0e\x05\xd1\xa6\x49\x9e\x09\x18\x90\x81"
"\x2e\x80\xcf\xa4\x4a\x2a\x18\x50\x41\xd0\xc1\x48\x49\x25\x35\xa0"
"\x82\x40\x85\x91\x22\x83\x92\x1a\x50\x31\x88\x68\x32\x52\x4a\x49"
"\xc9\x37\x40\x03\xf0\xd5\xd4\x49\x05\x0a\x0d\x86\x90\x69\xc0\xcb"
"\x04\xf9\x60\x0a\xa5\x02\xa9\x06\xb3\x4c\x90\xaf\xa5\x52\x2a\x40"
"\x03\x1e\x13\x1a\x11\x08\xe6\x60\x38\x95\x1a\x50\x31\xc0\x68\x92"
"\x52\x93\x4a\x0d\xa8\xb8\x58\x32\x49\xa9\x49\xa5\x06\x54\x5c\x2c"
"\x99\xa4\x54\xa3\x52\x11\x81\x40\x0c\x24\xf8\x82\x0a\xae\x48\x45"
"\x2a\x13\x27\x80\x84\xe0\x50\x60\x6c\x4a\xee\x99\x80\x00\x94\xb0"
"\x32\x01\x52\x68\xc0\xb7\x52\x2a\x15\x0c\x31\x28\x80\x10\x04\x03"
"\x0c\xa7\x09\x42\x3e\x12\xf8\x6a\x8a\xa5\x02\x54\x41\x80\x28\x58"
"\x26\x54\x06\x38\x4d\x80\x0f\xa6\x5a\x2a\x18\x50\x31\x98\x01\x4b"
"\xc9\x69\x82\x52\x03\x2a\x06\x86\xa5\xe8\x34\x41\x29\x84\xb1\x32"
"\xa1\x68\x0b\x60\x1c\x03\x2d\x13\x43\x4f\x13\xe3\x18\x68\x99\x28"
"\x7c\x9a\x18\xc8\x10\xd4\x32\xf1\xcf\x44\x0a\x6a\x99\xd8\x80\x88"
"\x40\x00\x09\x30\x70\x2e\x35\xa0\x62\x90\x5a\x6a\x72\xa9\x01\x15"
"\x99\xd1\x52\x93\x4b\x0d\xa8\xc8\x9c\x96\x6a\x5c\x2a\x22\x10\x88"
"\x81\x04\x61\x50\x41\x16\xa9\xe0\x65\xe2\x04\x90\x10\x1c\x0a\x8c"
"\x4d\x49\x4a\x13\x10\x80\x92\x5f\x26\x40\x0a\x12\xf8\x5e\xca\xa5"
"\x82\x21\x06\x05\x10\x82\x60\xa0\xc5\x35\x41\x48\x8a\x0d\xc0\x57"
"\x53\x30\x15\x0c\xe8\x18\xc0\x35\x39\x29\x5a\x60\x29\x35\x78\xa9"
"\x01\x1d\x83\xb8\x26\x27\xa5\x07\x2c\x65\xbc\xd4\x80\x8e\x41\x1c"
"\x4e\x0a\x0f\x58\x8a\x0d\x5e\xca\xc5\xd4\x80\x8a\xa1\x8a\x29\x03"
"\xa6\x06\x54\x0c\x51\x4c\x19\x30\x35\xa0\x62\x18\x62\xca\x80\x29"
"\x14\xac\x35\x01\xf1\x81\x60\x13\x02\x09\x82\xa0\x82\x21\xd2\xc1"
"\xd6\xc4\x09\x20\x21\x38\x14\x20\x9b\x14\xb9\x26\x60\x40\x06\x7b"
"\x00\xbe\x9a\x8a\xa9\x40\xb2\x43\x39\x80\xaf\xa6\x66\x2a\x50\xe4"
"\x30\x88\x32\x87\x21\x1c\x4d\x0d\xa8\x18\x88\x99\x4a\x68\x6a\x40"
"\xc5\x60\xb2\xc9\x4c\x9d\x01\x4d\x0d\xa8\x18\x50\x36\x99\xa9\x31"
"\xa0\xa9\x01\x15\x04\x68\xcc\x54\x45\x53\x89\xd8\x6b\x02\x04\x56"
"\x40\x80\x40\xc9\x6f\x22\x18\x71\x81\x60\x23\x06\x09\x82\x80\x0a"
"\xbc\x26\x0e\x05\x06\xa3\x20\xaf\x09\x44\x81\xc0\x28\xd0\x6b\xe2"
"\x50\x20\x70\xe1\x6f\x22\x18\x2a\x08\x00\x21\x01\xab\x60\x88\x04"
"\x95\x36\x71\x02\x48\x08\x0e\x05\xd1\xa6\x69\xb5\x09\x18\x90\x81"
"\x05\xbe\x9a\xa2\xa9\x60\x40\x0d\x21\x17\x26\x65\x1e\x32\x25\x17"
"\x2f\x25\x17\x2b\x25\x17\x31\x25\xd1\xd4\x80\x1a\x42\x2e\x4c\x4a"
"\x3f\x64\x4a\x2e\x5e\x4a\x2e\x56\x4a\x2e\x62\x8a\x0c\x68\x6a\x40"
"\xcd\x40\xb7\x89\x49\xd1\x6d\x22\x53\xb8\xf0\x52\x2c\xb1\x52\x7c"
"\x10\x53\x0a\x4d\x49\x96\xc8\x0b\x70\x74\x83\x70\x17\x41\xba\x8b"
"\xdc\x26\x20\x40\x06\xb6\x01\x3e\x7f\xe2\xa7\x80\xd0\x38\x31\x10"
"\x15\x00\x4a\x64\x9c\x20\x46\x0a\x7c\x9b\x00\x81\x42\xe3\x44\x30"
"\x94\x30\x48\x5c\x20\x10\x01\x09\x82\x40\x64\x9c\x20\x06\x0a\x6a"
"\x9b\x38\x14\x08\x8c\x02\xdb\x26\x10\x05\x02\xa3\xe0\xb6\x89\x43"
"\x81\xc0\x2a\x08\x00\x25\x01\x27\x07\xbd\x09\x10\x40\x84\x6f\x13"
"\x87\x82\x82\x51\xf0\xdb\x04\xa2\x40\x60\x14\x80\x37\x71\x28\x10"
"\xb8\x88\x39\x11\x0c\xa2\xe6\x04\x31\x64\x40\xdf\x84\xf9\x6e\x2a"
"\xa7\x02\x95\x0c\xb2\x86\x21\x02\x1c\x4e\x0d\xa8\x18\x88\x9b\x4a"
"\x70\x6a\x40\xc5\x60\xbf\xc9\x4d\x9d\x01\x4e\x0d\xa8\x18\xf0\x37"
"\xb9\xa9\x31\xc0\xa9\x01\x15\x04\x74\x53\x15\x4e\x25\x62\xbe\x09"
"\x10\x58\x01\x01\x02\x25\xce\x89\x60\xc4\x05\x02\x18\x18\x24\x08"
"\x02\x2a\xe0\x9b\x38\x14\x18\x8c\x82\xf8\x26\x10\x05\x02\xa3\x40"
"\xbe\x89\x43\x81\xc0\x85\xce\x89\x60\xa8\x20\x00\x84\x04\xac\x82"
"\x21\x12\xd4\xdf\xc4\x09\x20\x21\x38\x14\x44\x9b\xa6\x11\x27\x60"
"\x40\x06\x16\xf8\x72\x0a\xa7\x82\x01\x15\x84\x1d\xd8\x94\x84\x53"
"\x03\x2a\x08\x52\xb0\x29\x32\xc0\xa9\x01\x15\x03\x19\x27\x36\xa5"
"\xe0\x54\x12\x5e\x9c\x00\x81\x52\xea\x44\x30\xd4\x30\x48\x5c\x20"
"\xd4\x41\x40\x82\x20\xa0\xa3\xc4\x89\x43\x01\xc2\x28\x30\x71\x02"
"\x51\x20\x30\x0a\x4e\x9c\x38\x14\x08\x5c\x52\x9d\x08\x86\x0a\x02"
"\x40\x48\xc0\xc9\xc1\x71\x02\x04\x4a\xac\x13\xc1\x50\xcd\x20\x71"
"\x81\x10\x0a\x01\x09\x82\x80\x8e\x18\x27\x0e\x05\x08\xa3\x40\xc6"
"\x09\x44\x81\xc0\x28\x98\x71\xe2\x50\x20\x70\xa9\x75\x22\x18\x2a"
"\x08\x40\x22\x01\xf8\x74\x2a\xad\x82\xb7\x53\x3d\x45\x07\x8a\x19"
"\x64\xd9\xc1\x10\x01\x8e\xa7\x06\x54\x0c\xc4\x4e\x25\x3c\x35\xa0"
"\x62\xe0\xe5\x64\xa7\xce\x80\xa7\x06\x54\x0c\xbe\x9c\xec\xd4\x18"
"\xf0\xd4\x80\x0a\x02\xda\xa9\x8a\xa7\x12\x61\xe6\x04\x08\xac\x80"
"\x00\x81\x42\xee\x44\x30\xe2\x02\x61\x16\x0c\x12\x04\x01\x15\x63"
"\x4e\x1c\x0a\x0c\x46\x01\x99\x13\x88\x02\x81\x51\x50\xe6\xc4\xa1"
"\x40\xe0\x72\xee\x44\x30\x54\x10\x00\x42\x02\x56\xc1\x10\x09\x82"
"\x73\xe2\x04\x90\x10\x1c\x0a\xa2\x4d\x93\x9d\x13\x30\x20\x03\x0b"
"\x7c\x3d\xc5\x53\xc1\x80\x0a\xc2\x0e\x74\x4a\xe2\xa9\x01\x15\x84"
"\x2a\xe8\x14\x19\xf0\xd4\x80\x8a\x41\xa5\x13\x9d\x52\x78\x4a\xc2"
"\x41\x1a\x80\x8f\xad\x7c\x2a\x20\xfd\x4e\x0c\x44\x05\x80\xaa\x35"
"\x18\x42\xb2\x81\x98\x13\xe4\x3b\xab\x9f\x0a\x64\x1b\xe4\x38\x41"
"\x3e\xb2\x02\xab\x00\x0d\xfe\x4d\x68\x44\x20\x14\x88\x0b\xab\x01"
"\x15\x03\x4f\x27\x60\x35\x85\xd5\x80\x8a\x0b\x87\x13\xb0\x9a\xc2"
"\x6a\x40\xc5\x85\xc3\x09\x58\x35\x61\x15\x11\x08\xc4\x40\x82\x2f"
"\xa8\xe0\x8a\x54\xbc\x38\x71\x02\x48\x08\x0e\x05\xc6\xa6\xa4\xcf"
"\x09\x08\x40\x89\x8c\x13\x20\x85\x06\x7c\x62\x15\x56\xc1\x10\x83"
"\x02\x08\x41\x30\xc0\x7c\x9d\x20\xe4\x23\x81\x8f\xad\xc6\x2a\x40"
"\x17\x04\x88\xb2\x71\x42\x65\xe0\xeb\x04\xf8\xce\x8a\xac\x82\x01"
"\x15\x83\x19\x8c\x95\x5f\x27\x3f\x35\xa0\x62\x60\xc6\x0a\xb4\x93"
"\x9f\x42\x98\x8c\x13\x8a\xba\x00\xc6\x31\xe8\x38\x31\x8c\x3b\x31"
"\x8e\x41\xc7\x89\x82\xdc\x89\x81\x0c\xc1\x8e\x13\xa5\x4e\xa4\x60"
"\xc7\x89\x0d\x88\x08\x84\x4f\x0c\x5c\x59\x0d\xa8\x18\x24\xb2\x9a"
"\xca\x6a\x40\x45\x66\x90\xd5\x54\x56\x03\x2a\x32\x87\xac\x9a\xb2"
"\x8a\x08\x04\x62\x20\x41\x18\x54\x90\x45\x2a\xc4\x9c\x38\x01\x24"
"\x04\x87\x02\x63\x53\xf2\xea\x04\x04\xa0\xa4\xcc\x09\x90\x82\x04"
"\x3e\xb3\x2a\xab\x60\x88\x41\x01\x84\x20\x18\x68\xf7\x4e\x10\x92"
"\x62\x03\xf0\xb1\xd5\x59\x05\x03\x3a\x06\xf6\x4e\x7c\x8a\x16\xc6"
"\x4a\x0d\xcc\x6a\x40\xc7\xe0\xde\x89\x4f\xe9\xc1\x58\x19\x66\x35"
"\xa0\x63\x30\x07\x9f\xc2\x83\xb1\x62\x03\xb3\x72\x68\x35\xa0\x62"
"\xa8\xd0\xca\x38\xab\x01\x15\x43\x84\x56\xc6\x59\x0d\xa8\x18\x06"
"\xb4\x32\xce\x0a\x05\xf1\x4e\x40\x7c\x20\xd4\x81\x40\x82\x20\xa8"
"\x60\x88\x74\xc8\x3b\x71\x02\x48\x08\x0e\x05\xc8\x26\x05\xdf\x09"
"\x18\x90\xc1\x1e\x80\x8f\xad\xd0\x2a\x90\xef\x80\x0e\xe0\x63\x2b"
"\xb5\x0a\xd4\x39\x0c\xa2\xd2\x61\x08\xb7\x56\x03\x2a\x06\x42\xad"
"\x92\xb5\x1a\x50\x31\xc8\x78\xa2\x56\x67\xb0\x56\x03\x2a\x06\x1a"
"\x4f\xd4\x6a\x0c\xd6\x6a\x40\x05\x61\x1a\x6a\x55\xad\x55\x22\x42"
"\x9e\x00\x81\x15\x10\x20\x50\xfe\x9e\x08\x46\x5c\x20\xb8\x85\x41"
"\x82\x20\xa0\xc2\xdf\x89\x43\x81\xc1\x28\xf8\x77\x02\x51\x20\x30"
"\x0a\x40\x9e\x38\x14\x08\x5c\x44\x9f\x08\x86\x0a\x02\x40\x48\xc0"
"\x2a\x18\x22\x41\x2b\x4f\x9c\x00\x12\x82\x43\x41\xb4\x69\x8a\x79"
"\x02\x06\x64\x60\x81\x8f\xad\xd6\x2a\x18\x50\x43\xd8\x45\x4f\xb1"
"\x47\x5a\xd9\x85\x59\xd9\x85\x58\xd9\x05\x5a\x49\x6b\x35\xa0\x86"
"\xb0\x8b\x9e\x02\x91\xb4\xb2\x0b\xb3\xb2\x0b\xb1\xb2\x0b\xb4\x22"
"\x83\xb5\x1a\x50\x33\x80\x7a\xd2\x53\xa0\x9e\xa4\x15\x2e\x98\x15"
"\x4b\x88\x15\x1f\xa0\x95\xb2\x56\x49\xe8\x79\x02\x04\xca\xec\x13"
"\xc1\x50\xc3\x20\x71\x81\x30\x1a\x01\x09\x82\x80\x8e\x99\x27\x0e"
"\x05\x08\xa3\x80\xe6\x09\x44\x81\xc0\x28\xa8\x79\xe2\x50\x20\x70"
"\xb9\x7d\x22\x18\x2a\x08\x00\x21\x01\x27\xc7\xec\x09\x10\x28\xbf"
"\x4f\x04\x43\x35\x83\xc4\x05\xc2\x6b\x04\x24\x08\x02\x3a\x7e\x9e"
"\x38\x14\x20\x8c\x02\xb0\x27\x10\x05\x02\xa3\x20\xec\x89\x43\x81"
"\xc0\x65\xfc\x89\x60\xa8\x20\x00\x89\x04\xe0\x6b\x2b\xbe\x0a\x9e"
"\x5b\xc1\x95\x68\x28\x66\x90\x45\x1a\x43\x04\xb8\xb7\x1a\x50\x31"
"\x10\x6e\x95\xbc\xd5\x80\x8a\x01\xdf\x13\xb7\x3a\x83\xb7\x1a\x50"
"\x31\xe8\x7b\xe2\x56\x63\xf0\x56\x03\x2a\x08\xc8\xad\xaa\xb7\x4a"
"\x04\xdd\x13\x20\xb0\x02\x02\x04\x8a\xfc\x13\xc1\x88\x0b\x84\xf0"
"\x30\x48\x10\x04\x54\xc4\x3d\x71\x28\x30\x18\x05\x72\x4f\x20\x0a"
"\x04\x46\xc1\xdc\x13\x87\x02\x81\x4b\xfd\x13\xc1\x50\x41\x00\x08"
"\x09\x58\x05\x43\x24\xc8\xef\x89\x13\x40\x42\x70\x28\x88\x36\x4d"
"\xa4\x4f\xc0\x80\x0c\x2c\xf0\xc1\xd5\x5b\x05\x03\x2a\x08\x3b\x68"
"\x2b\xe9\xad\x06\x54\x10\xaa\xd0\x56\x64\xf0\x56\x03\x2a\x06\xb3"
"\x4f\xda\x4a\x79\x2b\x09\x07\x69\x00\xbe\xbf\x8a\xab\x80\xac\x60"
"\x31\x10\x15\x00\xaa\xd6\x60\x08\xc9\x06\x70\x4f\x90\x4f\xaf\xe4"
"\x2a\x90\x6d\x70\xf6\x04\xf9\xee\x6a\xae\x02\x34\xb0\x3c\xa1\x11"
"\x81\x50\x20\x8e\xae\x06\x54\x0c\x78\x9f\xcc\xd5\x44\x57\x03\x2a"
"\x2e\x3a\x4f\xe6\x6a\xa2\xab\x01\x15\x17\x9d\x27\x73\xd5\xd0\x55"
"\x44\x20\x10\x03\x09\xbe\xa0\x82\x2b\x52\xd1\xf3\xc4\x09\x20\x21"
"\x38\x14\x18\x9b\x92\xd5\x27\x20\x00\x25\x60\x4f\x80\x14\x1a\xf0"
"\xd5\x15\x5d\x05\x43\x0c\x0a\x20\x04\xc1\x00\x63\x7f\x82\x90\x8f"
"\x04\xbe\xbf\xb2\xab\x00\x5d\x10\x20\x8a\xec\x09\x95\x01\xfb\x13"
"\xe0\xd3\xab\xbb\x0a\x06\x54\x0c\x66\x60\x57\xba\x9f\xc8\xd5\x80"
"\x8a\x81\xb1\x2b\xde\x4f\xe4\x0a\x61\x60\x4f\x28\xea\x02\x18\xc7"
"\x80\xf6\xc4\x10\xff\xc4\x38\x06\xb4\x27\x0a\xf9\x27\x06\x32\x04"
"\x69\x4f\xcc\x3e\x91\x82\xb4\x27\x36\x20\x22\x10\x3e\x31\x70\x78"
"\x35\xa0\x62\x90\xee\x6a\xc2\xab\x01\x15\x99\x71\x57\x13\x5e\x0d"
"\xa8\xc8\x9c\xbb\x6a\xf0\x2a\x22\x10\x88\x81\x04\x61\x50\x41\x16"
"\xa9\x80\x7b\xe2\x04\x90\x10\x1c\x0a\x8c\x4d\x49\xef\x13\x10\x80"
"\x92\xb9\x27\x40\x0a\x12\xf8\xf2\x0a\xaf\x82\x21\x06\x05\x10\x82"
"\x60\xa0\x95\x60\x41\x48\x8a\x0d\xc0\xf7\x57\x7a\x15\x0c\xe8\x18"
"\x50\x50\x89\x2b\x5a\xb0\x2b\x35\xc8\xab\x01\x1d\x83\x0a\x2a\x71"
"\xa5\x07\x76\x65\xe4\xd5\x80\x8e\xc1\x1c\xe2\x0a\x0f\xec\x8a\x0d"
"\xf2\xca\xed\xd5\x80\x8a\xa1\xda\x2b\x43\xaf\x06\x54\x0c\xd1\x5e"
"\x19\x7a\x35\xa0\x62\x18\xf6\xca\xd0\x2b\x14\xfc\x3f\x01\xf1\x81"
"\x50\x07\x02\x09\x82\xa0\x82\x21\xd2\x01\x82\xc5\x09\x20\x21\x38"
"\x14\x20\x9b\x14\x13\x2c\x60\x40\x06\x7b\x00\xbe\xbf\xda\xab\x40"
"\xbe\x03\x3a\x80\xef\xaf\xfa\x2a\x50\xe7\x30\x88\x4a\x87\x21\x9c"
"\x5f\x0d\xa8\x18\x88\xbe\x4a\xfc\x6a\x40\xc5\xe0\x86\x4a\x5f\x9d"
"\x81\x5f\x0d\xa8\x18\xe0\x50\xe9\xab\x31\xf0\xab\x01\x15\x84\x69"
"\xf4\x55\xe5\x57\x89\x78\xc1\x02\x04\x56\x40\x80\x40\x69\xc5\x22"
"\x18\x71\x81\xc0\x27\x06\x09\x82\x80\x0a\x16\x2c\x0e\x05\x06\xa3"
"\xa0\x05\x0b\x44\x81\xc0\x28\x70\xc1\xe2\x50\x20\x70\x81\xc5\x22"
"\x18\x2a\x08\x00\x21\x01\xab\x60\x88\x04\xe5\x60\x71\x02\x48\x08"
"\x0e\x05\xd1\xa6\xe9\x07\x0b\x18\x90\x81\x05\xbe\xbf\xf2\xab\x60"
"\x40\x0d\x61\x17\x70\xc5\x1e\x7c\x65\x17\x79\x65\x17\x75\x65\x17"
"\x7b\x25\xf9\xd5\x80\x1a\xc2\x2e\xe0\x0a\x44\xf8\xca\x2e\xf2\xca"
"\x2e\xea\xca\x2e\xf6\x8a\x0c\xfc\x6a\x40\xcd\xc0\x8b\x0a\x5c\xf1"
"\xa2\xc2\x57\xb8\x90\x57\x2c\x51\x57\x7c\xb0\x57\x8a\x5f\x25\x61"
"\x0d\x0b\x10\x28\xe1\x58\x04\x43\x0d\x83\xc4\x05\x42\xac\x04\x24"
"\x08\x02\x3a\xc2\xb0\x38\x14\x20\x8c\x02\x31\x2c\x10\x05\x02\xa3"
"\x60\x0c\x8b\x43\x81\xc0\xa5\x1c\x8b\x60\xa8\x20\x00\x84\x04\x9c"
"\x1c\x3a\x2c\x40\xa0\xb4\x63\x11\x0c\xd5\x0c\x12\x17\x08\xbd\x12"
"\x90\x20\x08\xe8\x68\xc3\xe2\x50\x80\x30\x0a\xdc\xb0\x40\x14\x08"
"\x8c\x82\x37\x2c\x0e\x05\x02\x97\x78\x2c\x82\xa1\x82\x00\x24\x12"
"\x80\x0f\xb4\x5e\x2b\x78\xa1\x35\x5a\xb0\xa2\x98\x41\x96\xac\x0c"
"\x11\xe0\x44\x6b\x40\xc5\x40\x84\x56\x22\x5a\x03\x2a\x06\x9a\x54"
"\x42\xeb\x0c\x44\x6b\x40\xc5\x60\x93\x4a\x68\x8d\x81\x68\x0d\xa8"
"\x20\xa0\xd0\xaa\x44\x2b\x11\xa2\x58\x80\xc0\x0a\x08\x10\x28\x20"
"\x59\x04\x23\x2e\x10\xde\xc5\x20\x41\x10\x50\xf1\x87\xc5\xa1\xc0"
"\x60\x14\x80\x62\x81\x28\x10\x18\x05\xa1\x58\x1c\x0a\x04\x2e\x23"
"\x59\x04\x43\x05\x01\x20\x24\x60\x15\x0c\x91\x20\x56\x2c\x4e\x00"
"\x09\xc1\xa1\x20\xda\x34\xc9\x62\x01\x03\x32\xb0\xc0\x37\x5a\xa2"
"\x15\x0c\xa8\x18\xfc\x52\x01\x2d\x43\xb4\xa4\x1b\x9c\x01\xf8\x64"
"\x8b\xb4\x02\x72\x93\xc5\x40\x54\x00\xa8\x4a\x83\x21\xa4\x1a\xf0"
"\x61\x41\xbe\xd6\x2a\xad\x40\xae\xc1\x1c\x16\xe4\x53\x2d\xd3\x0a"
"\xd0\x80\x83\x85\x46\x04\x42\x81\xb8\xd3\x1a\x50\x31\xc0\xa6\x62"
"\x5a\xd3\x69\x0d\xa8\xb8\x58\x51\x31\xad\xe9\xb4\x06\x54\x5c\xac"
"\xa8\x98\x56\x73\x5a\x11\x81\x40\x0c\x24\xf8\x82\x0a\xae\x48\x45"
"\x1a\x16\x27\x80\x84\xe0\x50\x60\x6c\x4a\x6e\xb1\x80\x00\x94\xb0"
"\x61\x01\x52\x68\xc0\x87\x5a\xa7\x15\x0c\x31\x28\x80\x10\x04\x03"
"\x0c\x1f\x0b\x42\x3e\x12\xf8\x64\x2b\xb5\x02\x74\x41\x80\x28\x38"
"\x2c\x54\x06\xf8\x58\x80\xaf\xb5\x54\x2b\x18\x50\x31\x98\x41\x6a"
"\xc9\xa7\x52\x5a\x03\x2a\x06\x26\xb5\xe8\x53\x29\x2d\x84\xb1\x61"
"\xa1\xa8\x0b\x60\x1c\x03\x1d\x16\x43\x3f\x16\xe3\x18\xe8\xb0\x28"
"\xfc\xb1\x18\xc8\x10\xd4\x61\xf1\x8b\x45\x0a\xea\xb0\xd8\x80\x88"
"\x40\xf8\xc4\xc0\xad\xd6\x80\x8a\x41\x52\xad\x69\xb5\x06\x54\x64"
"\x86\x6a\x4d\xab\x35\xa0\x22\x73\x54\xab\x59\xad\x88\x40\x20\x06"
"\x12\x84\x41\x05\x59\xa4\x82\x0f\x8b\x13\x40\x42\x70\x28\x30\x36"
"\x25\xe9\x58\x40\x00\x4a\xfe\xb0\x00\x29\x48\xe0\x63\xad\xd5\x0a"
"\x86\x18\x14\x40\x08\x82\x81\x16\x93\x05\x21\x29\x36\x00\x9f\x6c"
"\xb5\x56\x30\xa0\x63\x00\x53\x85\xb4\x68\x21\xb5\xd4\x80\xb5\x06"
"\x74\x0c\x62\xaa\x90\x96\x1e\xa4\x96\xc1\x5a\x03\x3a\x06\x73\x20"
"\x2d\x3c\x48\x2d\x36\x60\x2d\xe7\x5a\x03\x2a\x86\xca\xb5\x8c\xd6"
"\x1a\x50\x31\x44\xae\x65\xb4\xd6\x80\x8a\x61\x70\x2d\xa3\xb5\x50"
"\xb0\x92\x05\xc4\x07\x42\x1d\x08\x24\x08\x82\x0a\x86\x48\x07\x4b"
"\x16\x27\x80\x84\xe0\x50\x80\x6c\x52\x64\xb2\x80\x01\x19\xec\x01"
"\xf8\x64\xcb\xb5\x02\xd9\x0e\xe6\x00\x3e\xd9\x82\xad\x40\x95\xc3"
"\x20\xea\x1c\x86\x70\xb1\x35\xa0\x62\x20\x60\x2b\x89\xad\x01\x15"
"\x83\xa9\x2a\xb0\x75\x06\xb1\x35\xa0\x62\x40\x55\x05\xb6\xc6\x20"
"\xb6\x06\x54\x10\xa2\x01\x5b\x55\x6c\x25\x62\x27\x0b\x10\x58\x01"
"\x01\x02\x25\x37\x8b\x60\xc4\x05\x02\xea\x18\x24\x08\x02\x2a\x70"
"\xb2\x38\x14\x18\x8c\x82\x9c\x2c\x10\x05\x02\xa3\x40\x27\x8b\x43"
"\x81\xc0\x85\x37\x8b\x60\xa8\x20\x00\x84\x04\xac\x82\x21\x12\x54"
"\x96\xc5\x09\x20\x21\x38\x14\x44\x9b\xa6\xb5\x2c\x60\x40\x06\x16"
"\xf8\x64\x2b\xb6\x82\x01\x35\x03\xbc\x2a\xa3\x05\xaf\xca\x6b\xa1"
"\x04\x6a\xd1\x02\x6b\xe1\x81\x6b\x19\xb1\x25\x69\x87\x75\xc0\x37"
"\x4a\xb3\x15\x10\xf8\x2c\x06\x82\x82\xb4\x01\x15\x00\xaa\x5e\x87"
"\x08\xe9\x23\x7e\x59\x80\xa3\x1b\x8e\x98\x08\x1c\x6d\x0d\xa8\x20"
"\x1a\xda\xd2\x57\x65\xb6\x06\x54\x00\x07\x6d\x29\xb3\x35\xa0\x62"
"\x38\x68\xcb\x98\x2d\x15\x04\x50\x86\x20\xc4\x07\xc2\x90\x97\x05"
"\x1a\x48\xb2\xc0\x64\x88\x66\x01\x03\x32\x50\xc0\x37\x4a\xb4\x15"
"\x90\xfe\x2c\x06\xa2\x02\x40\xc9\x7e\x16\xc4\x20\xf7\x59\x10\x03"
"\x05\x7a\x59\x1c\x0a\x04\x46\xc1\x5e\x16\x88\x02\x81\x51\xc0\x97"
"\xc5\xa1\x40\xe0\x84\xac\x66\x01\x02\x48\x08\xcd\xe2\x50\x30\x30"
"\x0a\x44\xb3\x40\x14\x08\x8c\x82\xd1\x2c\x0e\x05\x02\x97\x12\x2d"
"\x82\x41\x5a\xb4\x20\x86\x0c\x6e\xb3\x30\x9f\x6d\xdd\x56\xa0\x92"
"\x41\xd6\x30\x44\x80\xc3\xad\x01\x15\x84\x52\x5b\x65\x81\x5b\x03"
"\x2a\x08\xac\xb6\x66\x02\xb7\x06\x54\x0c\x7e\xab\xd4\x56\x5b\xe0"
"\x96\x12\x06\x49\x81\x6d\x16\x20\xb0\x02\x02\x04\x0a\x8d\x16\xc1"
"\x88\x0b\x04\x6d\x20\x41\x10\x10\x32\x9b\xc5\xa1\x20\x61\x14\xd0"
"\x66\x81\x28\x10\x18\x05\xb5\x59\x1c\x0a\x04\x2e\x37\x5a\x04\x43"
"\x05\x01\x20\x24\x60\x15\x0c\x91\x9c\xf0\x2c\x40\x60\x05\x04\x08"
"\x94\x30\x2d\x82\x11\x17\x08\x67\xf0\x90\x20\x08\x08\x01\xcf\xe2"
"\x50\x90\x30\x0a\xc2\xb3\x40\x14\x08\x8c\x02\xf1\x2c\x0e\x05\x02"
"\x17\x32\x2d\x82\xa1\x82\x00\x10\x12\xb0\x0a\x86\x48\x81\x5e\x16"
"\x37\x90\x82\x67\x03\x52\xf7\x9e\x05\x08\xac\x80\x00\x81\x02\xa7"
"\x45\x30\xe2\x02\xc1\x0e\x22\x12\x04\x01\x29\xef\x59\x1c\x0a\x16"
"\x46\x01\x7c\x16\x88\x02\x81\x51\x10\x9f\xc5\xa1\x40\xe0\x32\xa7"
"\x45\x30\x54\x10\x00\x42\x02\x56\xc1\x10\x29\x80\xcf\xe2\x06\x50"
"\x1b\x98\x68\x01\xa5\x4f\x8b\x60\xc4\x05\xc2\x28\x3c\x24\x08\x02"
"\x42\xf8\xb3\x38\x14\x24\x8c\x82\xfe\x2c\x10\x05\x02\xa3\xc0\x3f"
"\x8b\x43\x81\xc0\x05\x54\x8b\x60\xa8\x20\x00\x84\x04\xac\x82\x21"
"\x52\xf0\x92\xc5\x0d\x24\x87\xdb\x80\x14\x08\x1b\xb0\x02\x02\x02"
"\xc8\xaa\x16\xc1\x90\xc1\x8e\x16\x20\x59\xd5\x82\x18\x2a\x18\x62"
"\x74\xc3\x8f\x16\xc1\x40\x6c\xb5\x18\x08\x0a\x44\x01\x5e\x6e\xf1"
"\x16\x2a\x0c\xa8\x18\x5c\xc2\xb6\x12\xdc\x1a\x50\x31\x98\xb2\x62"
"\x5b\x67\x80\x5b\x03\x2a\x06\x54\x56\x6c\x6b\x0c\x70\x6b\x40\x05"
"\xa1\x13\xb6\x55\xe1\x56\x22\x76\xb4\x00\x81\x15\x10\x20\x50\x72"
"\xb5\x08\x46\x5c\x20\xfc\x82\x41\x82\x20\xa0\x02\x47\x8b\x43\x81"
"\xc1\x28\xc8\xd1\x02\x51\x20\x30\x0a\x74\xb4\x38\x14\x08\x5c\x78"
"\xb5\x08\x86\x0a\x02\x40\x48\xc0\x2a\x18\x22\x41\x65\x5a\x9c\x00"
"\x12\x82\x43\x41\xb4\x69\x5a\xd3\x02\x06\x64\xb0\x0b\xe0\xbb\x2d"
"\xdc\x0a\xd4\x05\x28\x41\xd7\x02\x20\x2a\x18\x72\x74\xc3\x9e\x16"
"\xc1\xe7\x74\x6b\x40\x05\xd1\xe8\x96\x3c\x2b\xb9\x35\xa0\x02\x38"
"\x74\x4b\xc9\xad\x01\x15\xc3\xa1\x5b\x46\x6e\xa9\x20\x80\x32\x04"
"\x21\x3e\x10\x86\x3a\x2d\xd0\x00\xa2\x05\x26\xc3\x4f\x0b\x18\x90"
"\x81\x3a\x80\x6f\xb7\x74\x2b\x20\xfa\x5a\x0c\x84\xe4\x6b\x41\x0c"
"\x24\x9c\x03\x38\xde\x1a\x50\x31\x08\xbb\xc5\x0a\xb7\x35\xa0\x82"
"\x30\x76\xcb\x37\x6e\x4b\x05\x43\xa0\x21\x00\x15\x00\xaa\xda\x20"
"\x80\x22\x04\x21\x3e\x10\x04\x51\x2d\xd0\x1b\xb4\x68\x81\x2a\x08"
"\xa0\x0c\x41\x88\x0f\x84\x62\x54\x0b\x24\x07\x77\x5a\xa0\x0a\x02"
"\x28\x43\x10\xe2\x03\x01\x29\xd5\x02\xd5\x01\x6b\x16\xb8\x82\x00"
"\x02\xca\x10\x04\xa2\xb2\x05\x31\x54\x30\x04\xca\x87\x00\xc8\xcb"
"\x16\x03\x41\x01\x9e\x16\x80\x82\x01\x54\x00\x68\x09\xe2\x21\xc4"
"\x07\x42\x20\xab\x45\x09\xca\x21\xc4\x07\x82\x10\xab\x45\x09\x6e"
"\x21\xc4\x07\xc2\x10\xab\x45\x09\x56\x21\xc8\x53\x00\xd7\x02\x7c"
"\xed\xd5\x5b\x01\x4a\xc0\xb4\x00\xe7\x5b\x03\x2a\x08\xbf\x56\x7a"
"\xab\x5e\xd8\x8b\xe0\x6c\x31\x10\x15\x00\x4a\x6c\xb6\x20\x46\x0a"
"\xc4\xb5\x00\x81\x82\xb3\x45\x30\x94\x30\x48\x5c\x20\x10\x01\x09"
"\x82\x40\x6c\xb6\x20\x06\x0a\x72\xb5\x38\x14\x08\x8c\x02\x5d\x2d"
"\x10\x05\x02\xa3\x60\x57\x8b\x43\x81\xc0\xa5\x67\x8b\x60\xa8\x20"
"\x00\x94\x04\x4c\xce\xb6\x20\x06\x0a\xe0\xb5\x00\x14\x4c\xa2\x82"
"\x21\x90\x15\x00\x71\xdb\x62\x20\x48\x08\x40\x05\x80\x96\x20\x09"
"\x52\x52\xc0\xf7\x5b\xe0\x15\x90\xb8\x2d\x06\xa2\x02\x40\xc9\xdb"
"\x16\xc4\x20\x6b\x5b\x10\x43\x09\x83\xa4\xc0\x5e\x0b\x10\x58\x01"
"\x01\x02\x85\x6e\x8b\x60\xc4\x05\x82\x31\x90\x20\x08\xc8\x98\xd7"
"\xe2\x50\x70\x30\x0a\xe8\xb5\x40\x14\x08\x8c\x82\x7a\x2d\x0e\x05"
"\x02\x97\xbb\x2d\x82\xa1\x82\x00\x10\x12\xb0\x0a\x88\x48\x4e\xc8"
"\x16\x20\xb0\x02\x02\x04\x4a\xe8\x16\xc1\x88\x0b\x84\xe9\x21\x41"
"\x10\x10\x02\xb2\xc5\xa1\x20\x61\x14\x84\x6c\x81\x28\x10\x18\x05"
"\x22\x5b\x1c\x0a\x04\x2e\xa4\x5b\x04\x43\x05\x01\x20\x24\x60\x15"
"\x10\x91\x82\x9a\x2d\x6e\x20\x05\xcf\x06\xa4\xee\x65\x0b\x10\x58"
"\x01\x01\x02\x05\x76\x8b\x60\xc4\x05\x82\x18\x44\x24\x08\x02\x52"
"\x5e\xb6\x38\x14\x2c\x8c\x02\x98\x2d\x10\x05\x02\xa3\x20\x66\x8b"
"\x43\x81\xc0\x65\x76\x8b\x60\xa8\x20\x00\x84\x04\xac\x02\x22\x52"
"\xb0\xb3\xc5\x0d\xa0\x36\x30\xdb\x02\x4a\xef\x16\xc1\x88\x0b\x84"
"\x37\x78\x48\x10\x04\x84\xf0\x6c\x71\x28\x48\x18\x05\x3d\x5b\x20"
"\x0a\x04\x46\x81\xcf\x16\x87\x02\x81\x0b\xf8\x16\xc1\x50\x41\x00"
"\x08\x09\x58\x05\x44\xa4\xe0\x6c\x8b\x0b\x48\x0e\xb7\x01\x29\x10"
"\x36\x80\xc0\x6f\x31\x10\x44\x0a\x70\x5b\x00\x0a\x04\x50\x01\xa0"
"\x25\x90\x83\x10\x1f\x08\xc1\xdc\x16\x25\x30\x83\x10\x1f\x08\x82"
"\xdc\x16\x25\xc0\x42\x7c\x20\x0c\x72\x5b\x94\x80\x09\x12\xf1\xdb"
"\x02\x7c\xec\x55\x5e\x01\xb1\xdf\x82\x18\x32\x00\xdd\xc2\x7c\xe1"
"\xc5\x5e\x01\x81\xdf\x82\x18\xc4\x7e\x0b\x62\x90\xfd\x2d\x06\xa2"
"\x02\x40\xd5\x30\xc8\x3a\x86\x08\x70\xe2\x35\xa0\x62\x20\xc2\x2b"
"\x11\xaf\x01\x15\x83\xcd\x2b\xe1\x75\x06\xe2\x35\xa0\x62\xc0\x79"
"\x25\xbc\xc6\x40\xbc\x06\x54\x10\x52\x78\x55\xe2\x95\x88\xd1\x2d"
"\x40\x60\x05\x04\x08\x94\x10\x2e\x82\x11\x17\x08\x89\x41\x82\x20"
"\xa0\x02\x74\x8b\x43\x81\xc1\x28\x08\xdd\x02\x51\x20\x30\x0a\x44"
"\xb7\x38\x14\x08\x5c\x48\xb8\x08\x86\x0a\x02\x40\x48\xc0\x2a\x18"
"\x22\x41\xad\x5b\x9c\x00\x12\x82\x43\x41\xb4\x69\x9a\xdd\x02\x06"
"\x64\x60\x81\x6f\xbc\xc4\x2b\x40\xe9\x50\xbb\x05\x90\x1b\x2e\x06"
"\x82\x84\x00\x54\x00\xa8\x23\xaf\x01\x15\x44\x43\x5e\xa2\xaf\x8c"
"\xd7\x80\x0a\xe0\x20\x2f\x62\xbc\x06\x54\x0c\x07\x79\x49\xe3\xa5"
"\x82\x00\xca\x10\x84\xf8\x40\x18\x7a\xb7\x40\x03\xda\x16\x98\x0c"
"\xf3\x2d\x60\x40\x06\x69\x00\x3e\xf6\x22\xaf\x00\xd5\x03\xad\x16"
"\xe0\xcc\x6b\x40\x05\x41\xfb\x4a\x79\xed\xc2\x7a\x11\x31\x2e\x88"
"\x21\x03\xf6\x2d\xcc\x77\x5e\xeb\x15\x10\x1e\x2e\x88\x41\xc4\xb8"
"\x20\x06\x39\xe3\x62\x20\x2a\x00\x54\x0d\x83\xac\x63\x88\x00\x87"
"\x5e\x03\x2a\x06\xe2\xbc\x12\xf4\x1a\x50\x31\xb8\xbf\x72\x5e\x67"
"\x80\x5e\x03\x2a\x06\xf8\x57\xce\x6b\x0c\xd0\x6b\x40\x05\x21\x9d"
"\x57\x85\x5e\x89\x78\xdf\x02\x04\x56\x40\x80\x40\x69\xe3\x22\x18"
"\x71\x81\x90\x18\x24\x08\x02\x2a\xd8\xb7\x38\x14\x18\x8c\x82\xf6"
"\x2d\x10\x05\x02\xa3\xc0\x7d\x8b\x43\x81\xc0\x05\x8e\x8b\x60\xa8"
"\x20\x00\x84\x04\xac\x82\x21\x12\x94\xbf\xc5\x09\x20\x21\x38\x14"
"\x44\x9b\xa6\xff\x2d\x60\x40\x06\x16\xf8\xd2\x0b\xbd\x02\x22\xca"
"\xc5\x40\x50\x18\x04\x80\xc0\x20\x0c\x44\x05\x43\xa0\x21\x00\x15"
"\x00\xea\xd4\x6b\x40\x05\xd1\xa8\x97\x0f\x2e\xe9\x35\xa0\x02\x38"
"\xd4\x8b\x48\xaf\x01\x15\xc3\xa1\x5e\x56\x7a\xa9\x20\x80\x32\x04"
"\x21\x3e\x10\x86\x15\x2e\xd0\x60\xbb\x05\x26\x83\x86\x0b\x18\x90"
"\xc1\x1a\x80\x6f\xbd\xd4\x2b\x48\x6d\x60\xc3\x05\x04\xc8\x40\x1c"
"\xc0\xc7\x5e\xe6\x15\x24\xbd\xc0\xe1\x02\x02\x64\x30\x22\xe0\x6b"
"\x2f\xdf\x0a\x8a\x2b\x17\x3d\x5c\x0c\x37\x4a\x64\x96\x8b\x81\xa8"
"\x00\x50\x12\xcb\x05\x31\x52\xd0\xc3\x05\x08\x94\x59\x2e\x82\xa1"
"\x84\x41\xe2\x02\x81\x08\x48\x10\x04\x12\xcb\x05\x31\x50\x40\xc3"
"\xc5\xa1\x40\x60\x14\xd4\x70\x81\x28\x10\x18\x05\x36\x5c\x1c\x0a"
"\x04\x2e\xb8\x5c\x04\x43\x05\x01\xa0\x24\xe0\xe4\x9c\x71\x01\x02"
"\x05\x9c\x8b\x60\x28\x67\x90\xb8\x40\x88\x02\x12\x04\x01\x1d\x60"
"\x5c\x1c\x0a\x10\x46\x41\x18\x17\x88\x02\x81\x51\x20\xc6\xc5\xa1"
"\x40\xe0\x42\xce\x45\x30\x54\x10\x80\x44\x02\xf0\xbd\x97\x7f\x05"
"\xc4\x9d\x0b\x62\xc8\x00\x8f\x0b\xf3\xc1\x97\x7c\x05\xca\x19\x64"
"\x0d\x43\x04\xb8\xf8\x1a\x50\x31\x10\xf0\x95\xc4\xd7\x80\x8a\xc1"
"\x1f\x17\xf8\x3a\x83\xf8\x1a\x50\x31\x80\xe4\x02\x5f\x63\x10\x5f"
"\x03\x2a\x08\x0a\xbe\xaa\xf8\x4a\xc4\x1d\x17\x20\xb0\x02\x02\x04"
"\x4a\x3d\x17\xc1\x88\x0b\x84\x32\x30\x48\x10\x04\x54\xd0\x71\x71"
"\x28\x30\x18\x05\x75\x5c\x20\x0a\x04\x46\x81\x1d\x17\x87\x02\x81"
"\x0b\x3e\x17\xc1\x50\x41\x00\x08\x09\x58\x05\x43\x24\x28\x94\x8b"
"\x13\x40\x42\x70\x28\x88\x36\x4d\xa7\x5c\xc0\x80\x0c\x2c\xf0\xc9"
"\x57\x7c\x05\x03\x2a\x06\xb4\x5c\xde\xcb\x88\x2f\x19\x07\x69\x00"
"\xbe\x10\x9b\xaf\x80\xb0\x74\x31\x10\x15\x00\xaa\xd6\x60\x08\xc9"
"\x06\x71\x5c\x90\x8f\xbf\xe8\x2b\x90\x6d\x80\xc6\x05\xf9\xf2\xab"
"\xbe\x02\x34\xb4\x70\xa1\x11\x81\x50\x20\xce\xbe\x06\x54\x0c\x7a"
"\xb9\xd4\xd7\x64\x5f\x03\x2a\x2e\x3b\x5c\xea\x6b\xb2\xaf\x01\x15"
"\x97\x1d\x2e\xf5\xd5\xd8\x57\x44\x20\x10\x03\x09\xbe\xa0\x82\x2b"
"\x52\xe1\xc3\xc5\x09\x20\x21\x38\x14\x18\x9b\x12\x56\x2e\x20\x00"
"\x25\x61\x5c\x80\x14\x1a\xf0\xdd\x97\x7d\x05\x43\x0c\x0a\x20\x04"
"\xc1\x00\x6b\xe7\x82\x90\x8f\x04\xbe\x10\xc3\xaf\x00\x5d\x10\x20"
"\xaa\x8c\x0b\x95\x41\x3b\x17\xe0\xe3\xaf\xfc\x0a\x06\x54\x0c\x66"
"\x80\x5f\xbc\xb9\xd0\xd7\x80\x8a\x81\xc1\x2f\xdf\x5c\xe8\x0b\x61"
"\x61\x5c\x28\xea\x02\x18\xc7\x90\xc6\xc5\x20\xcf\xc5\x38\x86\x34"
"\x2e\x8a\x79\x2e\x06\x32\x04\x6a\x5c\xd0\x72\x91\x02\x35\x2e\x36"
"\x20\x22\x10\x3e\x31\x70\xfa\x35\xa0\x62\x90\xf2\x6b\xd2\xaf\x01"
"\x15\x99\x91\x5f\x93\x7e\x0d\xa8\xc8\x9c\xfc\x6a\xf4\x2b\x22\x10"
"\x88\x81\x04\x61\x50\x41\x16\xa9\x88\xe3\xe2\x04\x90\x10\x1c\x0a"
"\x8c\x4d\x89\x2f\x17\x10\x80\x12\x3a\x2e\x40\x0a\x12\xf8\xf6\x4b"
"\xbf\x82\x21\x06\x05\x10\x82\x60\xa0\x99\x74\x41\x48\x8a\x0d\xc0"
"\x17\x62\xfc\x15\x0c\xe8\x18\x54\x74\x99\x2f\x5a\xc0\x2f\x35\xd8"
"\xaf\x01\x1d\x03\x8b\x2e\xf3\xa5\x07\xf8\x65\xec\xd7\x80\x8e\xc1"
"\x1c\xe6\x0b\x0f\xf0\x8b\x0d\xf6\xcb\xf5\xd7\x80\x8a\xa1\xea\x2f"
"\x83\xbf\x06\x54\x0c\x51\x7f\x19\xfc\x35\xa0\x62\x18\xfa\xcb\xe0"
"\x2f\x14\x80\x74\x01\xf1\x81\x50\x07\x02\x09\x82\xa0\x82\x21\xd2"
"\x11\xd2\xc5\x09\x20\x21\x38\x14\x20\x9b\x94\x93\x2e\x60\x40\x06"
"\x7b\x00\xbe\x10\xeb\xaf\x40\xc2\x03\x3a\x80\x2f\xc4\xfe\x2b\x50"
"\xe7\x30\x88\x4a\x87\x21\x1c\x88\x0d\xa8\x18\x88\xff\x4a\x40\x6c"
"\x40\xc5\x00\xa7\xcb\x7f\x9d\x01\x88\x0d\xa8\x18\xe4\x74\xf9\xaf"
"\x31\x00\xb1\x01\x15\x84\x69\xfc\x57\x05\x62\x89\x80\xe9\x02\x04"
"\x56\x40\x80\x40\x71\xed\x22\x18\x71\x81\xe0\x0f\x06\x09\x82\x80"
"\x8a\x96\x2e\x0e\x05\x06\xa3\xc0\xa5\x0b\x44\x81\xc0\x28\x78\xe9"
"\xe2\x50\x20\x70\x89\xed\x22\x18\x2a\x08\x00\x21\x01\xab\x60\x88"
"\x04\xe9\x74\x71\x02\x48\x08\x0e\x05\xd1\xa6\x09\xac\x0b\x18\x90"
"\x81\x05\xbe\x10\x03\xb1\x60\x40\xcd\xa0\xab\x8b\x7c\xe9\xea\xe2"
"\x5f\x28\x71\x5f\xb4\xb0\x5f\x78\xd0\x5f\x06\x88\x15\xdf\x2e\xc8"
"\xba\x18\x2a\x00\xb4\xf8\x76\x11\x10\x57\x97\x01\x21\xef\x62\x20"
"\x2a\x00\x94\x88\x77\x41\x8c\x14\xb8\x75\x01\x02\x85\xbc\x8b\x60"
"\x28\x61\x90\xb8\x40\x20\x02\x12\x04\x81\x88\x77\x41\x0c\x14\x94"
"\x75\x71\x28\x10\x18\x05\x66\x5d\x20\x0a\x04\x46\xc1\x59\x17\x87"
"\x02\x81\x4b\x7a\x17\xc1\x50\x41\x00\x28\x09\x38\x39\x78\x5d\x80"
"\x40\x89\xef\x22\x18\xca\x19\x24\x2e\x10\xa2\x80\x04\x41\x40\x47"
"\x5c\x17\x87\x02\x84\x51\x20\xd7\x05\xa2\x40\x60\x14\xcc\x75\x71"
"\x28\x10\xb8\xd4\x77\x11\x0c\x15\x04\x20\x91\x00\x7c\x23\x26\x63"
"\x01\xf9\xef\x82\x18\x32\x48\xed\xc2\x7c\x24\x66\x62\x81\x72\x06"
"\x59\xc3\x10\x01\xae\xc4\x06\x54\x0c\x04\x89\x25\x25\x36\xa0\x62"
"\x00\xdb\x85\xc4\xce\xa0\xc4\x06\x54\x0c\x62\xbb\x90\xd8\x18\x94"
"\xd8\x80\x0a\x82\x22\xb1\xaa\xc4\x12\x81\xda\x05\x08\xac\x80\x00"
"\x81\x62\xe2\x45\x30\xe2\x02\xa1\x0c\x0c\x12\x04\x01\x15\xa5\x5d"
"\x1c\x0a\x0c\x46\x81\x69\x17\x88\x02\x81\x51\x70\xda\xc5\xa1\x40"
"\xe0\x92\xe2\x45\x30\x54\x10\x00\x42\x02\x56\xc1\x10\x09\x92\xed"
"\xe2\x04\x90\x10\x1c\x0a\xa2\x4d\x13\x6e\x17\x30\x20\x03\x0b\x7c"
"\x26\x56\x62\xc1\x80\x8a\x41\x75\x97\x11\x33\x4a\x4c\xc6\x41\x1a"
"\x80\xaf\xc6\x4e\x2c\x20\x3d\x5e\x0c\x44\x05\x80\xaa\x35\x18\x42"
"\xb2\x81\x68\x17\xe4\x83\x31\x14\x0b\x64\x1b\xe4\x75\x41\xbe\x16"
"\x4b\xb1\x00\x0d\x3e\x5d\x68\x44\x20\x14\x88\x53\xb1\x01\x15\x03"
"\xef\x2e\x29\x36\xa9\xd8\x80\x8a\x0b\x57\x97\x14\x9b\x54\x6c\x40"
"\xc5\x85\xab\x4b\x8a\x35\x2a\x16\x11\x08\xc4\x40\x82\x2f\xa8\xe0"
"\x8a\x54\xbc\x75\x71\x02\x48\x08\x0e\x05\xc6\xa6\xa4\xb7\x0b\x08"
"\x40\x89\x5c\x17\x20\x85\x06\x7c\x2b\xa6\x62\xc1\x10\x83\x02\x08"
"\x41\x30\xc0\xfc\xbb\x20\xe4\x23\x81\xaf\xc6\x58\x2c\x40\x17\x04"
"\x88\xb2\xeb\x42\x65\xe0\xdf\x05\xf8\x60\xac\xc5\x82\x01\x15\x83"
"\x19\xb0\x98\xff\x2e\x28\x36\xa0\x62\x60\x58\x0c\x84\x17\x14\x43"
"\x98\x5c\x17\x8a\xba\x00\xc6\x31\xe8\x75\x31\x8c\x78\x31\x8e\x41"
"\xaf\x8b\x82\xc4\x8b\x81\x0c\xc1\x5e\x17\xe5\x5d\xa4\x60\xaf\x8b"
"\x0d\x88\x08\x84\x4f\x0c\x9c\x8b\x0d\xa8\x18\xa4\x16\x9b\x5c\x6c"
"\x40\x45\x66\xb4\xd8\xe4\x62\x03\x2a\x32\xa7\xc5\x1a\x17\x8b\x08"
"\x04\x62\x20\x41\x18\x54\x90\x45\x2a\x44\xbb\x38\x01\x24\x04\x87"
"\x02\x63\x53\xf2\xde\x05\x04\xa0\xa4\xb4\x0b\x90\x82\x04\xbe\x17"
"\x73\xb1\x60\x88\x41\x01\x84\x20\x18\x68\x37\x5e\x10\x92\x62\x03"
"\xf0\xd5\x18\x8c\x05\x03\x3a\x06\x36\x5e\x4e\x8c\x16\x58\x4c\x0d"
"\x5e\x6c\x40\xc7\xe0\xc6\xcb\x89\xe9\x01\x8b\x19\x2f\x36\xa0\x63"
"\x30\x87\x13\xc3\x03\x16\x63\x83\x17\x73\x31\x36\xa0\x62\xa8\x62"
"\xcc\x80\xb1\x01\x15\x43\x14\x63\x06\x8c\x0d\xa8\x18\x86\x18\x33"
"\x60\x0c\x05\x31\x5e\x40\x7c\x20\xd4\x81\x40\x82\x20\xa8\x60\x88"
"\x74\xc8\x78\x71\x02\x48\x08\x0e\x05\xc8\x26\x05\xc7\x0b\x18\x90"
"\xc1\x1e\x80\xaf\xc6\x62\x2c\x90\xf0\x80\x0e\xe0\xab\xb1\x19\x0b"
"\xd4\x39\x0c\xa2\xd2\x61\x08\x47\x63\x03\x2a\x06\x62\xc6\x12\x1a"
"\x1b\x50\x31\xc8\xf2\x32\x63\x67\x40\x63\x03\x2a\x06\x5a\x5e\x66"
"\x6c\x0c\x68\x6c\x40\x05\x61\x1a\x33\x56\xd1\x58\x22\xc2\xbc\x00"
"\x81\x15\x10\x20\x50\x7e\xbd\x08\x46\x5c\x20\xf8\x83\x41\x82\x20"
"\xa0\xc2\xc7\x8b\x43\x81\xc1\x28\xf8\xf1\x02\x51\x20\x30\x0a\xc0"
"\xbc\x38\x14\x08\x5c\xc4\xbd\x08\x86\x0a\x02\x40\x48\xc0\x2a\x18"
"\x22\x41\x6b\x5e\x9c\x00\x12\x82\x43\x41\xb4\x69\x8a\xf3\x02\x06"
"\x64\x60\x81\xaf\xc6\x68\x2c\x18\x50\x33\xf0\xf3\x62\x62\xfc\xbc"
"\xc8\x18\x4a\xac\x18\x2d\xbc\x18\x1e\xc4\x98\x41\x63\x2a\x20\xa0"
"\xc4\x7b\x11\x0c\x37\x4a\xa4\xde\x8b\x81\xa8\x00\x50\x32\xef\x05"
"\x31\x52\xf0\xe7\x05\x08\x94\x7a\x2f\x82\xa1\x84\x41\xe2\x02\x81"
"\x08\x48\x10\x04\x32\xef\x05\x31\x50\x60\xe7\xc5\xa1\x40\x60\x14"
"\xdc\x79\x81\x28\x10\x18\x05\x78\x5e\x1c\x0a\x04\x56\x41\x00\x28"
"\x09\x38\x39\xa9\x5e\x80\x00\x22\xfe\xbc\x38\x14\x14\x8c\x02\x50"
"\x2f\x10\x05\x02\xa3\x20\xd4\x8b\x43\x81\xc0\x65\xe4\x8b\x60\x90"
"\x95\x2f\x88\x21\x83\x5a\x2f\xcc\x77\x63\x39\x16\xa8\x64\x90\x35"
"\x0c\x11\xe0\x70\x6c\x40\xc5\x40\xdc\x58\x82\x63\x03\x2a\x06\xbc"
"\x5e\x6e\xec\x0c\x70\x6c\x40\xc5\xa0\xd7\xcb\x8d\x8d\x01\x8e\x0d"
"\xa8\x20\xa0\x1b\xab\x70\x2c\x11\xb4\x5e\x80\xc0\x0a\x08\x10\x28"
"\x32\x5f\x04\x23\x2e\x10\xc0\xc0\x20\x41\x10\x50\x11\xeb\xc5\xa1"
"\xc0\x60\x14\xc8\x7a\x81\x28\x10\x18\x05\xb3\x5e\x1c\x0a\x04\x2e"
"\x35\x5f\x04\x43\x05\x01\x20\x24\x60\x15\x0c\x91\x20\x5f\x2f\x4e"
"\x00\x09\xc1\xa1\x20\xda\x34\x91\x7b\x01\x03\x32\xb0\xc0\x97\x63"
"\x38\x16\x0c\xa8\x20\xec\xc0\xc6\x24\x1c\x1b\x50\x41\x90\x82\x8d"
"\x91\x01\x8e\x0d\xa8\x18\xcc\x7b\xb1\x31\x05\xc7\x92\x00\xef\x05"
"\x08\x14\xb3\x2f\x82\xa1\x86\x41\xe2\x02\xa1\x0e\x02\x12\x04\x01"
"\x1d\xe6\x5e\x1c\x0a\x10\x46\xc1\xb9\x17\x88\x02\x81\x51\x80\xee"
"\xc5\xa1\x40\xe0\xa2\xf6\x45\x30\x54\x10\x00\x42\x02\x4e\x4e\xbe"
"\x17\x20\x50\xe4\xbe\x08\x86\x6a\x06\x89\x0b\x84\x50\x08\x48\x10"
"\x04\x74\xc8\x7b\x71\x28\x40\x18\x05\xf3\x5e\x20\x0a\x04\x46\x01"
"\xbd\x17\x87\x02\x81\x8b\xdd\x17\xc1\x50\x41\x00\x12\x09\xc0\xa7"
"\x63\x69\x16\xbc\x1d\xeb\x31\x3a\x50\xcc\x20\xcb\x0e\x86\x08\x70"
"\x3c\x36\xa0\x62\x20\x76\x2c\xe1\xb1\x01\x15\x83\x8f\x2f\x3b\x76"
"\x06\x3c\x36\xa0\x62\x00\xf3\x65\xc7\xc6\x80\xc7\x06\x54\x10\xd0"
"\x8e\x55\x3c\x96\x88\x93\x2f\x40\x60\x05\x04\x08\x94\xd2\x2f\x82"
"\x11\x17\x08\xb3\x60\x90\x20\x08\xa8\x20\xf9\xe2\x50\x60\x30\x0a"
"\x4a\xbe\x40\x14\x08\x8c\x02\x93\x2f\x0e\x05\x02\x17\xd4\x2f\x82"
"\xa1\x82\x00\x10\x12\xb0\x0a\x86\x48\x50\xcc\x17\x27\x80\x84\xe0"
"\x50\x10\x6d\x9a\x6e\xbe\x80\x01\x19\x58\xe0\xeb\x31\x1e\x0b\x06"
"\x54\x10\x76\xa0\x63\x12\x8f\x0d\xa8\x20\x54\x41\xc7\xc8\x80\xc7"
"\x06\x54\x0c\xac\xbe\xe8\x98\xc2\x63\x12\x0e\xd2\x00\x7c\x6c\xe6"
"\x63\x01\xf1\xfd\x62\x20\x2a\x00\x54\xad\xc1\x10\x92\x0d\x46\xbe"
"\x20\xdf\x99\xfd\x58\x20\xdb\x40\xdf\x0b\xf2\x91\x19\x98\x05\x68"
"\xf8\xf5\x42\x23\x02\xa1\x40\x5c\x98\x0d\xa8\x18\x7c\x7d\x01\xb3"
"\x29\xcc\x06\x54\x5c\xba\xbd\x80\xd9\x14\x66\x03\x2a\x2e\xdd\x5e"
"\xc0\xac\x09\xb3\x88\x40\x20\x06\x12\x7c\x41\x05\x57\xa4\x02\xde"
"\x8b\x13\x40\x42\x70\x28\x30\x36\x25\x3e\x5f\x40\x00\x4a\xe6\xbd"
"\x00\x29\x34\xe0\x13\xb3\x30\x0b\x86\x18\x14\x40\x08\x82\x01\xf6"
"\xf7\x05\x21\x1f\x09\x7c\x6c\x36\x66\x01\xba\x20\x40\xd4\xbd\x17"
"\x2a\x83\xbf\x2f\xc0\x77\x66\x64\x16\x0c\xa8\x18\xcc\x60\xcc\x40"
"\x7e\xf9\xb1\x01\x15\x03\x33\x66\x22\xbf\xfc\x18\xc2\xe6\xbd\x50"
"\xd4\x05\x30\x8e\x61\xdf\x8b\x81\xf4\x8b\x71\x0c\xfb\x5e\x14\xa5"
"\x5f\x0c\x64\x08\xf8\xbd\x30\xfb\x22\x05\xfc\x5e\x6c\x40\x44\x20"
"\x7c\x62\xe0\xca\x6c\x40\xc5\x20\x91\xd9\x54\x66\x03\x2a\x32\x83"
"\xcc\xa6\x32\x1b\x50\x91\x39\x64\xd6\x94\x59\x44\x20\x10\x03\x09"
"\xc2\xa0\x82\x2c\x52\x31\xf2\xc5\x09\x20\x21\x38\x14\x18\x9b\x12"
"\xb8\x2f\x20\x00\x25\x26\x5f\x80\x14\x24\xf0\x99\x59\x99\x05\x43"
"\x0c\x0a\x20\x04\xc1\x40\xc3\xfd\x82\x90\x14\x1b\x80\x8f\xcd\xce"
"\x2c\x18\xd0\x31\xb8\xfd\xe2\x63\xb4\x30\x66\x6a\x60\x66\x03\x3a"
"\x06\xb8\x5f\x7c\x4c\x0f\xc6\xcc\x30\xb3\x01\x1d\x83\x39\xf8\x18"
"\x1e\x8c\x19\x1b\x98\x99\x43\xb3\x01\x15\x43\x85\x66\xc6\x99\x0d"
"\xa8\x18\x22\x34\x33\xce\x6c\x40\xc5\x30\xa0\x99\x71\x66\x28\x90"
"\xfd\x02\xe2\x03\xa1\x0e\x04\x12\x04\x41\x05\x43\xa4\x63\xf6\x8b"
"\x13\x40\x42\x70\x28\x40\x36\x29\xb9\x5f\xc0\x80\x0c\xf6\x00\x7c"
"\x6c\x86\x66\x81\x7c\x07\x74\x00\x1f\x9b\xa9\x59\xa0\xce\x61\x10"
"\x95\x0e\x43\xb8\x35\x1b\x50\x31\x10\x6a\x96\xac\xd9\x80\x8a\x81"
"\xf6\x17\x35\x3b\x83\x35\x1b\x50\x31\xd8\xfe\xa2\x66\x63\xb0\x66"
"\x03\x2a\x08\xd3\x50\xb3\x6a\xcd\x12\x21\xfe\x05\x08\xac\x80\x00"
"\x81\x02\x86\x46\x30\xe2\x02\xc1\x2d\x0c\x12\x04\x01\x15\xbf\x5f"
"\x1c\x0a\x0c\x46\x01\xf8\x17\x88\x02\x81\x51\x10\xfe\xc5\xa1\x40"
"\xe0\x32\x86\x46\x30\x54\x10\x00\x42\x02\x56\xc1\x10\x09\x62\xff"
"\xe2\x04\x90\x10\x1c\x0a\xa2\x4d\x93\xfc\x17\x30\x20\x03\x0b\x7c"
"\x6c\xb6\x66\xc1\x80\x1a\xc2\x2e\x7a\x8c\x3d\xd2\xcc\x2e\xcc\xcc"
"\x2e\xc4\xcc\x2e\xd0\x4c\x5a\xb3\x01\x35\x84\x5d\xf4\x18\x88\xa4"
"\x99\x5d\x98\x99\x5d\x88\x99\x5d\xa0\x19\x19\xac\xd9\x80\x9a\x41"
"\x04\x99\x1e\x13\x41\x26\xcd\x70\xc1\xcc\x58\x42\xcc\xf8\x00\xcd"
"\x94\x35\x4b\x82\xff\x17\x20\x50\xe8\xd0\x08\x86\x1a\x06\x89\x0b"
"\x84\xd1\x08\x48\x10\x04\x74\xd0\x7f\x71\x28\x40\x18\x05\xf5\x5f"
"\x20\x0a\x04\x46\x81\xfd\x17\x87\x02\x81\x0b\x1e\x1a\xc1\x50\x41"
"\x00\x08\x09\x38\x39\x27\x68\x80\x40\x01\x45\x23\x18\xaa\x19\x24"
"\x2e\x10\x5e\x23\x20\x41\x10\xd0\x01\x82\xc6\xa1\x00\x61\x14\x84"
"\xa0\x81\x28\x10\x18\x05\x22\x68\x1c\x0a\x04\x2e\xa4\x68\x04\x43"
"\x05\x01\x48\x24\x00\x5f\x9b\xf1\x59\xf0\xdc\x0c\xce\x44\x43\x31"
"\x83\x2c\xd2\x18\x22\xc0\xbd\xd9\x80\x8a\x81\x70\xb3\xe4\xcd\x06"
"\x54\x0c\x7a\xc8\xb8\xd9\x19\xbc\xd9\x80\x8a\x81\x0f\x19\x37\x1b"
"\x83\x37\x1b\x50\x41\x40\x6e\x56\xbd\x59\x22\x6a\xd0\x00\x81\x15"
"\x10\x20\x50\x66\xd1\x08\x46\x5c\x20\x84\x87\x41\x82\x20\xa0\x42"
"\x06\x8d\x43\x81\xc1\x28\x98\x41\x03\x51\x20\x30\x0a\x68\xd0\x38"
"\x14\x08\x5c\x6c\xd1\x08\x86\x0a\x02\x40\x48\xc0\x2a\x18\x22\x41"
"\x3f\x68\x9c\x00\x12\x82\x43\x41\xb4\x69\x2a\x43\x03\x06\x64\x60"
"\x81\x0f\xce\xde\x2c\x18\x50\x41\xd8\x41\x9b\x49\x6f\x36\xa0\x82"
"\x50\x85\x36\x23\x83\x37\x1b\x50\x31\xa0\x23\xd3\x66\xca\x9b\x49"
"\x38\x48\x03\xf0\xfd\x59\x9c\x05\x84\x1d\x8d\x81\xa8\x00\x50\xb5"
"\x06\x43\x48\x36\x88\x41\x83\x7c\x7a\x26\x67\x81\x6c\x03\x14\x34"
"\xc8\x77\x67\x73\x16\xa0\xa1\xfd\x0b\x8d\x08\x84\x02\x71\x74\x36"
"\xa0\x62\xd0\x47\x66\xce\x26\x3a\x1b\x50\x71\xd9\xff\x32\x67\x13"
"\x9d\x0d\xa8\xb8\xec\x7f\x99\xb3\x86\xce\x22\x02\x81\x18\x48\xf0"
"\x05\x15\x5c\x91\x0a\xff\x2f\x4e\x00\x09\xc1\xa1\xc0\xd8\x94\xb0"
"\xa1\x01\x01\x28\x09\x41\x03\xa4\xd0\x80\xaf\xce\xe8\x2c\x18\x62"
"\x50\x00\x21\x08\x06\x58\x2b\x1a\x84\x7c\x24\xf0\xfd\x99\x9d\x05"
"\xe8\x82\x00\x51\x25\x68\xa8\x0c\x5a\xd1\x00\x9f\x9e\xdd\x59\x30"
"\xa0\x62\x30\x03\x3b\xe3\x49\x46\xce\x06\x54\x0c\x8c\x9d\xf9\x24"
"\x23\x67\x08\x0b\x41\x43\x51\x17\xc0\x38\x86\x14\x34\x06\x59\x34"
"\xc6\x31\xa4\xa0\x51\xcc\xa2\x31\x90\x21\x50\x41\x83\x0e\x8d\x14"
"\xa8\xa0\xb1\x01\x11\x81\xf0\x89\x81\xc3\xb3\x01\x15\x83\x74\x67"
"\x13\x9e\x0d\xa8\xc8\x8c\x3b\x9b\xf0\x6c\x40\x45\xe6\xdc\x59\x83"
"\x67\x11\x81\x40\x0c\x24\x08\x83\x0a\xb2\x48\x45\x0c\x1a\x27\x80"
"\x84\xe0\x50\x60\x6c\x4a\xfc\xd0\x80\x00\x94\xd0\xa0\x01\x52\x90"
"\xc0\x97\x67\x78\x16\x0c\x31\x28\x80\x10\x04\x03\xcd\x1c\x0d\x42"
"\x52\x6c\x00\xbe\x3f\xd3\xb3\x60\x40\xc7\xa0\x9a\x4c\x9c\xd1\x82"
"\x9d\xa9\x41\x9e\x0d\xe8\x18\x58\x93\x89\x33\x3d\xb0\x33\x23\xcf"
"\x06\x74\x0c\xe6\x10\x67\x78\x60\x67\x6c\x90\x67\x6e\xcf\x06\x54"
"\x0c\xd5\x9e\x19\x7a\x36\xa0\x62\x88\xf6\xcc\xd0\xb3\x01\x15\xc3"
"\xb0\x67\x86\x9e\xa1\x00\x1c\x0d\x88\x0f\x84\x3a\x10\x48\x10\x04"
"\x15\x0c\x91\x8e\x70\x34\x4e\x00\x09\xc1\xa1\x00\xd9\xa4\x9c\xa3"
"\x01\x03\x32\xd8\x03\xf0\xfd\xd9\x9e\x05\xf2\x1d\xd0\x01\x7c\x7f"
"\xd6\x67\x81\x3a\x87\x41\x54\x3a\x0c\xe1\xfc\x6c\x40\xc5\x40\xf4"
"\x59\xe2\x67\x03\x2a\x06\xf8\x64\xfa\xec\x0c\xfc\x6c\x40\xc5\x20"
"\x9f\x4c\x9f\x8d\x81\x9f\x0d\xa8\x20\x4c\xa3\xcf\x2a\x3f\x4b\x04"
"\x3c\x1a\x20\xb0\x02\x02\x04\x8a\x5b\x1a\xc1\x88\x0b\x04\x3e\x31"
"\x48\x10\x04\x54\xb4\xa3\x71\x28\x30\x18\x05\xee\x68\x20\x0a\x04"
"\x46\xc1\x3b\x1a\x87\x02\x81\x4b\x5c\x1a\xc1\x50\x41\x00\x08\x09"
"\x58\x05\x43\x24\x48\x1f\x8d\x13\x40\x42\x70\x28\x88\x36\x4d\x20"
"\x69\xc0\x80\x0c\x2c\xf0\xfd\x99\x9f\x05\x03\x6a\x08\xbb\x80\x33"
"\xf6\xe0\x33\xbb\xc8\x33\xbb\xa8\x33\xbb\xd8\x33\xc9\xcf\x06\xd4"
"\x10\x76\x01\x67\x20\xc2\x67\x76\x91\x67\x76\x51\x67\x76\xb1\x67"
"\x64\xe0\x67\x03\x6a\x06\x1f\x65\xe0\xcc\x47\x19\x3e\xc3\x85\x3c"
"\x63\x89\x3a\xe3\x83\x3d\x53\xfc\x4c\x09\x83\xa4\xc0\x24\x0d\x10"
"\x58\x01\x01\x02\x85\x34\x8d\x60\xc4\x05\x82\xac\x0c\x24\x08\x02"
"\x42\x46\xd2\x38\x14\x24\x8c\x02\x92\x34\x10\x05\x02\xa3\xa0\x24"
"\x8d\x43\x81\xc0\xe5\x34\x8d\x60\xa8\x20\x00\x84\x04\xac\x82\x21"
"\x92\x13\x93\x06\x08\xac\x80\x00\x81\x12\x9b\x46\x30\xe2\x02\xe1"
"\x57\x1e\x12\x04\x01\x21\x30\x69\x1c\x0a\x12\x46\x41\x4c\x1a\x88"
"\x02\x81\x51\x20\x93\xc6\xa1\x40\xe0\x42\x9b\x46\x30\x54\x10\x00"
"\x42\x02\x56\xc1\x10\x29\x50\x47\xe3\x06\x52\xf0\x6c\x40\xea\x7e"
"\xd2\x00\x81\x15\x10\x20\x50\xc0\xd3\x08\x46\x5c\x20\xb8\x4b\x44"
"\x82\x20\x20\xe5\x27\x8d\x43\xc1\xc2\x28\x00\x4b\x03\x51\x20\x30"
"\x0a\xc2\xd2\x38\x14\x08\x5c\xc6\xd3\x08\x86\x0a\x02\x40\x48\xc0"
"\x2a\x18\x22\x05\x60\x69\xdc\x00\x6a\x03\xbb\x34\xa0\xb4\xa7\x11"
"\x8c\xb8\x40\xd8\x97\x87\x04\x41\x40\x08\x5b\x1a\x87\x82\x84\x51"
"\xd0\x96\x06\xa2\x40\x60\x14\xb8\xa5\x71\x28\x10\xb8\xc0\xa7\x11"
"\x0c\x15\x04\x80\x90\x80\x55\x30\x44\x0a\xfe\xd0\xb8\x81\xe4\x04"
"\x1b\x90\x82\x6e\x03\x56\x40\x40\x80\x0c\x50\xd3\x30\x1f\xa8\xad"
"\x5a\x80\x86\x3e\x10\x14\xb0\x06\xa8\x00\xd0\x69\xb4\xa5\x41\x06"
"\xbc\x54\x0b\xb5\x60\x1e\x76\x69\x90\x01\xcf\xd4\x44\x2d\x40\x74"
"\x80\x87\x86\xa6\x24\x88\x01\x37\x6a\x03\x2a\x06\xb3\x65\x44\x6d"
"\x1a\xb5\x01\x15\x97\x98\x32\xa2\x36\x8d\xda\x80\x8a\x4b\x4c\x19"
"\x51\x6b\x46\x2d\x22\x10\x90\x81\x04\x5f\x50\xc1\x15\xa9\xa0\x49"
"\xe3\x04\x90\x10\x1c\x0a\x8c\x4d\x89\x68\x1a\x10\x80\x92\x9b\x34"
"\x40\x0a\x0c\xf8\x48\x6d\xd4\x82\x21\x06\x05\x10\x82\x60\x80\x8d"
"\xa7\x41\xc8\x07\x3c\x0d\xf0\xad\x5a\xa9\x05\x11\x81\x30\x3d\x33"
"\x02\x4d\x83\x0c\x78\xa9\x66\x6a\xc1\x80\x8a\x41\x0c\x4a\xcd\x74"
"\x99\x50\x1b\x50\x31\x28\xa5\x86\xba\x4c\xa8\x21\x54\xb8\x4d\x43"
"\x53\x17\x84\x40\x44\x20\x64\xc1\x38\x86\x9f\x34\x08\xf4\x34\xc6"
"\x31\xfc\xa4\x61\xa4\xa7\x31\x90\x21\x00\x4b\x43\x35\x0d\x14\x80"
"\xa5\x01\xee\xd4\x06\x54\x0c\x92\xa9\x4d\xa7\x36\xa0\x22\x23\x4c"
"\x6d\x3a\xb5\x01\x15\x19\x63\x6a\xcd\xa9\x45\x04\x42\x18\x0c\x24"
"\x08\x83\x0a\xb2\x48\x85\x59\x1a\x27\x80\x84\xe0\x50\x60\x6c\x4a"
"\x66\xd3\x80\x00\x94\xa4\xa5\x01\x52\x88\xc0\x87\x6a\xa7\x16\x0c"
"\x31\x28\x80\x10\x04\x03\x6d\x3f\x0d\x42\x52\xf9\x69\x80\x6f\xd5"
"\x52\x2d\x18\xd0\x31\xd0\x2f\x03\x6a\xb0\x50\x6a\x68\x80\x6a\x03"
"\x3a\x06\xfb\x65\x40\x0d\x0f\x4a\xcd\x40\xb5\x01\x1d\x00\x2f\x80"
"\x9a\x1d\x94\x9a\x1a\xa0\x9a\x53\xb5\x01\x15\xc3\xa4\x6a\x46\xaa"
"\x0d\xa8\x18\x1a\x55\x33\x52\x6d\x40\x05\xd0\xa8\x9a\x91\x6a\x24"
"\x08\x82\x0a\x86\x48\x05\x7d\x1a\x27\x80\x84\xe0\x50\x60\x6c\x7c"
"\x20\x18\xfa\x69\xa4\x64\x3f\x0d\x18\x90\x81\x1f\x80\x6f\xd5\x54"
"\x2d\x18\x50\x32\xc0\x30\xf3\x67\xb2\x40\x6a\x60\x80\x6a\x88\xaa"
"\xc9\xd1\xd9\x1b\xf0\x8d\x12\xab\x05\x04\x54\x8d\x81\xa0\x00\x67"
"\x40\x05\x80\x2a\xbf\x21\xc2\xb5\xda\x80\x0a\xa2\x69\x35\x1b\x66"
"\x58\x6d\x40\x05\x70\xb4\x9a\xc1\x6a\x03\x2a\x86\xa3\xd5\x20\x56"
"\x53\x41\x00\x65\x08\x42\x7c\x20\x0c\x27\x6a\xa0\x41\x36\x0d\x4c"
"\x06\x8c\x1a\x30\x20\x03\x04\x7c\xa3\xd4\x6a\x01\x59\x55\x63\x20"
"\x2a\x00\x94\xa4\xaa\x41\x8c\x14\xd4\xa8\x01\x02\x65\x55\x8d\x60"
"\x28\x61\x90\xb8\x40\x20\x02\x12\x04\x81\xa4\xaa\x41\x0c\x14\xb0"
"\xa8\x71\x28\x10\x18\x05\x2d\x6a\x20\x0a\x04\x46\x81\x8b\x1a\x87"
"\x02\x81\x55\x10\x00\x4a\x02\x4e\xce\x8f\x1a\x20\x80\x88\x1a\x35"
"\x0e\x05\x05\xa3\xc0\x46\x0d\x44\x81\xc0\x28\xb8\x51\xe3\x50\x20"
"\x70\xc9\x55\x23\x18\x24\x5c\x0d\x62\xc8\x60\x4d\x0d\xf3\xbd\x5a"
"\xac\x05\x2a\x19\x64\x0d\x43\x04\x38\x58\x1b\x50\x31\x10\xaf\x96"
"\xc0\xda\x80\x8a\x81\x9c\x99\x57\x3b\x03\x58\x1b\x50\x31\x98\x33"
"\xf3\x6a\x63\x00\x6b\x03\x2a\x08\xe8\xd5\x2a\x58\x4b\x84\x9a\x1a"
"\x20\xb0\x02\x02\x04\x0a\xba\x1a\xc1\x88\x0b\x04\x30\x30\x48\x10"
"\x04\x54\x9c\xa9\x71\x28\x30\x18\x05\x68\x6a\x20\x0a\x04\x46\x41"
"\x9a\x1a\x87\x02\x81\xcb\xba\x1a\xc1\x50\x41\x00\x08\x09\x58\x05"
"\x43\x24\x88\x4e\x8d\x13\x40\x42\x70\x28\x88\x36\x4d\x7a\x6a\xc0"
"\x80\x0c\x2c\xf0\xc5\x1a\xac\x05\x03\x2a\x08\x3b\x70\x35\x09\xd6"
"\x06\x54\x10\xa4\xe0\x6a\x64\x00\x6b\x03\x2a\x06\x99\x66\x5c\x4d"
"\x81\xb5\x24\x98\xaa\x01\x02\x85\x5f\x8d\x60\xa8\x61\x90\xb8\x40"
"\xa8\x83\x80\x04\x41\x40\x07\x9f\x1a\x87\x02\x84\x51\xd0\xa7\x06"
"\xa2\x40\x60\x14\xf8\xa9\x71\x28\x10\xb8\x80\xac\x11\x0c\x15\x04"
"\x80\x90\x80\x93\xf3\xaa\x06\x08\x14\x94\x35\x82\xa1\x9a\x41\xe2"
"\x02\x21\x14\x02\x12\x04\x01\x1d\xa8\x6a\x1c\x0a\x10\x46\x41\xaa"
"\x1a\x88\x02\x81\x51\xa0\xaa\xc6\xa1\x40\xe0\xc2\xb2\x46\x30\x54"
"\x10\x80\x44\x02\xf0\xc9\x5a\xb8\x05\x6f\xd6\x6a\x8d\x0e\x14\x33"
"\xc8\xb2\x83\x21\x02\x1c\xad\x0d\xa8\x18\x88\x59\x4b\x68\x6d\x40"
"\xc5\xa0\xda\xcc\xac\x9d\x01\xad\x0d\xa8\x18\x58\x9b\x99\xb5\x31"
"\xa0\xb5\x01\x15\x04\x34\x6b\x15\xad\x25\xa2\x57\x0d\x10\x58\x01"
"\x01\x02\x65\x67\x8d\x60\xc4\x05\xc2\x2c\x18\x24\x08\x02\x2a\x74"
"\xd5\x38\x14\x18\x8c\x82\x5d\x35\x10\x05\x02\xa3\x80\x57\x8d\x43"
"\x81\xc0\xc5\x67\x8d\x60\xa8\x20\x00\x84\x04\xac\x82\x21\x12\x74"
"\xae\xc6\x09\x20\x21\x38\x14\x44\x9b\xa6\x76\x35\x60\x40\x06\x16"
"\xf8\x6a\x8d\xd6\x82\x01\x15\x84\x1d\xc8\x9a\x44\x6b\x03\x2a\x08"
"\x55\x90\x35\x32\xa0\xb5\x01\x15\x03\x7e\x33\xb2\xa6\xd0\x9a\x84"
"\x83\x34\x00\x1f\xb9\xd9\x5a\x40\xe8\xd6\x18\x88\x0a\x00\x55\x6b"
"\x30\x84\x64\x83\x5c\x35\xc8\xf7\x6b\xb7\x16\xc8\x36\x80\x55\x83"
"\x7c\xbc\x86\x6b\x01\x1a\xea\xd4\xd0\x88\x40\x28\x10\x97\x6b\x03"
"\x2a\x06\x15\x67\x70\x6d\xca\xb5\x01\x15\x97\x49\x33\xb8\x36\xe5"
"\xda\x80\x8a\xcb\xa4\x19\x5c\x6b\x72\x2d\x22\x10\x88\x81\x04\x5f"
"\x50\xc1\x15\xa9\x30\x55\xe3\x04\x90\x10\x1c\x0a\x8c\x4d\x09\xbd"
"\x1a\x10\x80\x92\x54\x35\x40\x0a\x0d\xf8\x74\x2d\xd7\x82\x21\x06"
"\x05\x10\x82\x60\x80\xd5\xac\x41\xc8\x47\x02\x1f\xb9\xed\x5a\x80"
"\x2e\x08\x10\xd5\xaa\x86\xca\xa0\x66\x0d\xf0\xfd\x1a\xaf\x05\x03"
"\x2a\x06\x33\xd8\x35\x36\x67\x6e\x6d\x40\xc5\xc0\xec\x9a\x9b\x33"
"\xb7\x86\xb0\x54\x35\x14\x75\x01\x8c\x63\x88\x55\x63\xd0\x59\x63"
"\x1c\x43\xac\x1a\xc5\xce\x1a\x03\x19\x02\x59\x35\xf8\xd5\x48\x81"
"\xac\x1a\x1b\x10\x11\x08\x9f\x18\xb8\x5e\x1b\x50\x31\x48\xbc\x36"
"\xf5\xda\x80\x8a\xcc\xe0\xb5\xa9\xd7\x06\x54\x64\x0e\xaf\x35\xbd"
"\x16\x11\x08\xc4\x40\x82\x30\xa8\x20\x8b\x54\xe4\xaa\x71\x02\x48"
"\x08\x0e\x05\xc6\xa6\xc4\x64\x0d\x08\x40\x09\xaf\x1a\x20\x05\x09"
"\x7c\xbe\xd6\x6b\xc1\x10\x83\x02\x08\x41\x30\xd0\xdc\xd6\x20\x24"
"\xc5\x06\xe0\x23\xb7\x5f\x0b\x06\x74\x0c\xba\xce\xd8\x1a\x2d\xec"
"\x9a\x1a\xf8\xda\x80\x8e\x81\xd7\x19\x5b\xd3\x83\x5d\x33\x7c\x6d"
"\x40\xc7\x60\x0e\xb6\x86\x07\xbb\xc6\x06\xbe\xe6\xc0\x6d\x40\xc5"
"\x50\x81\x9b\xf1\x6b\x03\x2a\x86\x08\xdc\x8c\x5f\x1b\x50\x31\x0c"
"\xe0\x66\xfc\x1a\x0a\xd0\xd6\x80\xf8\x40\xa8\x03\x81\x04\x41\x50"
"\xc1\x10\xe9\x48\x5b\xe3\x04\x90\x10\x1c\x0a\x90\x4d\xca\xdb\x1a"
"\x30\x20\x83\x3d\x00\x1f\xb9\x81\x5b\x20\xdf\x01\x1d\xc0\x47\x6e"
"\xe2\x16\xa8\x73\x18\x44\xa5\xc3\x10\x6e\xdc\x06\x54\x0c\x84\xb8"
"\x25\xe3\x36\xa0\x62\x00\x79\x46\xdc\xce\x60\xdc\x06\x54\x0c\x22"
"\xcf\x88\xdb\x18\x8c\xdb\x80\x0a\xc2\x34\xc4\xad\x1a\xb7\x44\xe0"
"\xad\x01\x02\x2b\x20\x40\xa0\xd8\xaf\x11\x8c\xb8\x40\x70\x0b\x83"
"\x04\x41\x40\x45\xdd\x1a\x87\x02\x83\x51\x60\xb7\x06\xa2\x40\x60"
"\x14\xdc\xad\x71\x28\x10\xb8\xe4\xaf\x11\x0c\x15\x04\x80\x90\x80"
"\x55\x30\x44\x82\x44\xd7\x38\x01\x24\x04\x87\x82\x68\xd3\x84\xba"
"\x06\x0c\xc8\xc0\x02\x1f\xb9\x8d\x5b\x30\xa0\x86\xb0\x8b\x5a\x63"
"\x8f\x70\xb3\x0b\x5f\xb3\x0b\x5d\xb3\x0b\x70\x93\xc6\x6d\x40\x0d"
"\x61\x17\xb5\x06\x22\xe1\x66\x17\xbe\x66\x17\xba\x66\x17\xe0\x46"
"\x06\xe3\x36\xa0\x66\x70\x7b\xa6\xd6\xdc\x9e\x09\x37\x5c\xf0\x35"
"\x96\xd0\x35\x3e\x00\x37\x65\xdc\x92\x40\xbb\x06\x08\x14\x15\x36"
"\x82\xa1\x86\x41\xe2\x02\x61\x34\x02\x12\x04\x01\x1d\xaa\x6b\x1c"
"\x0a\x10\x46\xc1\xea\x1a\x88\x02\x81\x51\xc0\xba\xc6\xa1\x40\xe0"
"\xe2\xc2\x46\x30\x54\x10\x00\x42\x02\x4e\x4e\xef\x1a\x20\x50\x6c"
"\xd8\x08\x86\x6a\x06\x89\x0b\x84\xd7\x08\x48\x10\x04\x74\xd8\xae"
"\x71\x28\x40\x18\x05\xb7\x6b\x20\x0a\x04\x46\x01\xee\x1a\x87\x02"
"\x81\x8b\x0e\x1b\xc1\x50\x41\x00\x12\x09\xc0\x57\x6e\xf4\x16\x3c"
"\x73\x43\x37\xd1\x50\xcc\x20\x8b\x34\x86\x08\x70\xe7\x36\xa0\x62"
"\x20\xcc\x2d\x39\xb7\x01\x15\x83\xf9\x33\xe6\x76\x06\xe7\x36\xa0"
"\x62\x40\x7f\xc6\xdc\xc6\xe0\xdc\x06\x54\x10\x90\xb9\x55\xe7\x96"
"\x88\xf5\x35\x40\x60\x05\x04\x08\x94\x34\x36\x82\x11\x17\x08\xe1"
"\x61\x90\x20\x08\xa8\x40\x5f\xe3\x50\x60\x30\x0a\xd2\xd7\x40\x14"
"\x08\x8c\x02\xf5\x35\x0e\x05\x02\x17\x36\x36\x82\xa1\x82\x00\x10"
"\x12\xb0\x0a\x86\x48\x50\xfd\x1a\x27\x80\x84\xe0\x50\x10\x6d\x9a"
"\xf6\xd7\x80\x01\x19\x58\xe0\x43\xb7\x73\x0b\x06\x54\x10\x76\x50"
"\x6e\xd2\xb9\x0d\xa8\x20\x54\xa1\xdc\xc8\xe0\xdc\x06\x54\x0c\x34"
"\xd8\x94\x9b\x72\x6e\x12\x0e\xd2\x00\x7c\xf7\x96\x6e\x01\x11\x65"
"\x63\x20\x2a\x00\x54\xad\xc1\x10\x92\x0d\xce\xd7\x20\x9f\xbc\xa9"
"\x5b\x20\xdb\xc0\x77\x0d\xf2\xbd\xdb\xba\x05\x68\x18\x5d\x43\x23"
"\x02\xa1\x40\x1c\xbb\x0d\xa8\x18\xcc\xb0\x59\xb7\x89\xdd\x06\x54"
"\x5c\x62\xcf\xac\xdb\xc4\x6e\x03\x2a\x2e\xb1\x67\xd6\xad\x61\xb7"
"\x88\x40\x20\x06\x12\x7c\x41\x05\x57\xa4\x82\x76\x8d\x13\x40\x42"
"\x70\x28\x30\x36\x25\x22\x6c\x40\x00\x4a\x6e\xd7\x00\x29\x34\xe0"
"\x6b\x37\x76\x0b\x86\x18\x14\x40\x08\x82\x01\x36\xc6\x06\x21\x1f"
"\x09\x7c\xf7\xe6\x6e\x01\xba\x20\x40\xd4\xee\x1a\x2a\x83\x31\x36"
"\xc0\x27\x6f\xef\x16\x0c\xa8\x18\xcc\xc0\xdd\x50\xb1\x51\xb7\x01"
"\x15\x03\xe3\x6e\xaa\xd8\xa8\x1b\xc2\x6e\xd7\x50\xd4\x05\x30\x8e"
"\xe1\x77\x8d\x01\x8d\x8d\x71\x0c\xbf\x6b\x14\x69\x6c\x0c\x64\x08"
"\xc0\xd7\x50\x61\x23\x05\xe0\x6b\x6c\x40\x44\x20\x7c\x62\xe0\xe0"
"\x6d\x40\xc5\x20\xbd\xdb\x04\x6f\x03\x2a\x32\xe3\xdd\x26\x78\x1b"
"\x50\x91\x39\xef\xd6\xc0\x5b\x44\x20\x10\x03\x09\xc2\xa0\x82\x2c"
"\x52\x71\xbe\xc6\x09\x20\x21\x38\x14\x18\x9b\x12\x1a\x36\x20\x00"
"\x25\xea\x6b\x80\x14\x24\xf0\xc5\x1b\xbc\x05\x43\x0c\x0a\x20\x04"
"\xc1\x40\xe3\x63\x83\x90\x14\x1b\x80\xef\xde\xe4\x2d\x18\xd0\x31"
"\xd8\x63\x93\x6e\xb4\xe0\x6e\x6a\x10\x6f\x03\x3a\x06\x7c\x6c\xd2"
"\x4d\x0f\xdc\xcd\x88\xb7\x01\x1d\x83\x39\xa4\x1b\x1e\xb8\x1b\x1b"
"\xc4\x9b\x9b\xb7\x01\x15\x43\x35\x6f\x86\xbc\x0d\xa8\x18\xa2\x79"
"\x33\xe4\x6d\x40\xc5\x30\xcc\x9b\x21\x6f\x28\xb0\x63\x03\xe2\x03"
"\xa1\x0e\x04\x12\x04\x41\x05\x43\xa4\xe3\x8e\x8d\x13\x40\x42\x70"
"\x28\x40\x36\x29\x7d\x6c\xc0\x80\x0c\xf6\x00\x7c\xf7\x36\x6f\x81"
"\x7c\x07\x74\x00\xdf\xbd\xd5\x5b\xa0\xce\x61\x10\x95\x0e\x43\x38"
"\x7b\x1b\x50\x31\x10\xf5\x96\xd8\xdb\x80\x8a\x81\x27\x9b\x7a\x3b"
"\x03\x7b\x1b\x50\x31\xf8\x64\x53\x6f\x63\x60\x6f\x03\x2a\x08\xd3"
"\xa8\xb7\xca\xde\x12\x61\xca\x06\x08\xac\x80\x00\x81\x42\xd2\x46"
"\x30\xe2\x02\x81\x4f\x0c\x12\x04\x01\x15\xa3\x6c\x1c\x0a\x0c\x46"
"\x01\x29\x1b\x88\x02\x81\x51\x50\xca\xc6\xa1\x40\xe0\x72\xd2\x46"
"\x30\x54\x10\x00\x42\x02\x56\xc1\x10\x09\x82\x65\xe3\x04\x90\x10"
"\x1c\x0a\xa2\x4d\x93\x2d\x1b\x30\x20\x03\x0b\x7c\xf7\x66\x6f\xc1"
"\x80\x1a\xc2\x2e\xd0\x8d\x3d\xe8\xcd\x2e\xe2\xcd\x2e\xda\xcd\x2e"
"\xe6\x4d\xb2\xb7\x01\x35\x84\x5d\xa0\x1b\x88\xd0\x9b\x5d\xc4\x9b"
"\x5d\xb4\x9b\x5d\xcc\x1b\x19\xd8\xdb\x80\x9a\x41\x35\x1b\x74\x53"
"\xcd\x86\xde\x70\x21\xde\x58\xa2\xdd\xf8\x60\xde\x14\x7b\x4b\x82"
"\x38\x1b\x20\x50\x70\xda\x08\x86\x1a\x06\x89\x0b\x84\x58\x09\x48"
"\x10\x04\x74\xe0\xb2\x71\x28\x40\x18\x05\xb9\x6c\x20\x0a\x04\x46"
"\x81\x2e\x1b\x87\x02\x81\x0b\x4f\x1b\xc1\x50\x41\x00\x08\x09\x38"
"\x39\xeb\x6c\x80\x40\x21\x6b\x23\x18\xaa\x19\x24\x2e\x10\x7a\x25"
"\x20\x41\x10\xd0\x41\xce\xc6\xa1\x00\x61\x14\x94\xb3\x81\x28\x10"
"\x18\x05\xe6\x6c\x1c\x0a\x04\x2e\x68\x6d\x04\x43\x05\x01\x48\x24"
"\x00\x1f\xbe\x9d\x5c\xf0\xf2\x6d\xdf\x60\x45\x31\x83\x2c\x59\x19"
"\x22\xc0\xe9\xdb\x80\x8a\x81\xc8\xb7\x44\xdf\x06\x54\x0c\x22\xda"
"\xe4\xdb\x19\xe8\xdb\x80\x8a\x81\x44\x9b\x7c\x1b\x03\x7d\x1b\x50"
"\x41\x40\xf9\x56\xe9\x5b\x22\xf2\xd9\x00\x81\x15\x10\x20\x50\xee"
"\xda\x08\x46\x5c\x20\xbc\x8b\x41\x82\x20\xa0\xc2\x9e\x8d\x43\x81"
"\xc1\x28\xb8\x67\x03\x51\x20\x30\x0a\xf0\xd9\x38\x14\x08\x5c\xf4"
"\xda\x08\x86\x0a\x02\x40\x48\xc0\x2a\x18\x22\x41\x23\x6d\x9c\x00"
"\x12\x82\x43\x41\xb4\x69\x4a\x69\x03\x06\x64\x60\x81\x6f\xdf\xf4"
"\x2d\x18\x50\x41\xd8\x01\xbe\x49\xfa\x36\xa0\x82\x50\x05\x7c\x23"
"\x03\x7d\x1b\x50\x31\xc0\x69\x83\x6f\x8a\xbe\x49\x38\x48\x03\xf0"
"\xa9\x1c\xbf\x05\x04\xb6\x8d\x81\xa8\x00\x50\xb5\x06\x43\x48\x36"
"\xa8\x67\x83\x7c\x25\xd7\x6f\x81\x6c\x03\x76\x36\xc8\x27\x72\xfe"
"\x16\xa0\x21\x96\x0d\x8d\x08\x84\x02\x71\xff\x36\xa0\x62\x10\xd5"
"\xc6\xdf\xa6\x7f\x1b\x50\x71\xf9\x65\xe3\x6f\xd3\xbf\x0d\xa8\xb8"
"\xfc\xb2\xf1\xb7\xe6\xdf\x22\x02\x81\x18\x48\xf0\x05\x15\x5c\x91"
"\x0a\x71\x36\x4e\x00\x09\xc1\xa1\xc0\xd8\x94\xc0\xb4\x01\x01\x28"
"\x29\x67\x03\xa4\xd0\x80\x0f\xe4\xfe\x2d\x18\x62\x50\x00\x21\x08"
"\x06\x58\x5c\x1b\x84\x7c\x24\xf0\xa9\x5c\xc8\x05\xe8\x82\x00\x51"
"\xe9\x6c\xa8\x0c\xe2\xda\x00\x5f\xc9\x89\x5c\x30\xa0\x62\x30\x83"
"\x90\x23\xd7\xa6\xdf\x06\x54\x0c\x4c\xc8\x99\x6b\xd3\x6f\x08\x2b"
"\x67\x43\x51\x17\xc0\x38\x86\x76\x36\x06\xbb\x36\xc6\x31\xb4\xb3"
"\x51\xdc\xb5\x31\x90\x21\x70\x67\x03\xa7\x8d\x14\xb8\xb3\xb1\x01"
"\x11\x81\xf0\x89\x81\x1b\xb9\x01\x15\x83\x24\x72\xd3\xc8\x0d\xa8"
"\xc8\x0c\x91\x9b\x46\x6e\x40\x45\xe6\x88\x5c\x33\x72\x11\x81\x40"
"\x0c\x24\x08\x83\x0a\xb2\x48\x45\x3d\x1b\x27\x80\x84\xe0\x50\x60"
"\x6c\x4a\xc4\xda\x80\x00\x94\xe0\xb3\x01\x52\x90\xc0\x47\x72\x23"
"\x17\x0c\x31\x28\x80\x10\x04\x03\x4d\xb5\x0d\x42\x52\x6c\x00\x3e"
"\x95\x2b\xb9\x60\x40\xc7\x20\xb3\x0d\xbf\xd1\x42\xc8\xa9\x01\xc9"
"\x0d\xe8\x18\x68\xb6\xe1\x37\x3d\x08\x39\x83\xe4\x06\x74\x0c\xe6"
"\xc0\x6f\x78\x10\x72\x6c\x40\x72\xce\xe4\x06\x54\x0c\x95\xc9\x19"
"\x25\x37\xa0\x62\x88\x4c\xce\x28\xb9\x01\x15\xc3\x60\x72\x46\xc9"
"\xa1\x80\xb4\x0d\x88\x0f\x84\x3a\x10\x48\x10\x04\x15\x0c\x91\x8e"
"\xd2\x36\x4e\x00\x09\xc1\xa1\x00\xd9\xa4\xac\xb6\x01\x03\x32\xd8"
"\x03\xf0\xa9\x9c\xc9\x05\xf2\x1d\xd0\x01\x7c\x2a\x87\x72\x81\x3a"
"\x87\x41\x54\x3a\x0c\xe1\x52\x6e\x40\xc5\x40\xa0\x5c\x92\x72\x03"
"\x2a\x06\xbc\x6d\x50\xee\x0c\x52\x6e\x40\xc5\xa0\xb7\x0d\xca\x8d"
"\x41\xca\x0d\xa8\x20\x4c\x03\xe5\xaa\x94\x4b\x04\x6d\x1b\x20\xb0"
"\x02\x02\x04\x8a\x8c\x1b\xc1\x88\x0b\x04\xd5\x31\x48\x10\x04\x54"
"\xc4\xb6\x71\x28\x30\x18\x05\xb2\x6d\x20\x0a\x04\x46\xc1\x6c\x1b"
"\x87\x02\x81\x4b\x8d\x1b\xc1\x50\x41\x00\x08\x09\x58\x05\x43\x24"
"\xc8\xb7\x8d\x13\x40\x42\x70\x28\x88\x36\x4d\xe4\x6d\xc0\x80\x0c"
"\x2c\xf0\xa9\x5c\xca\x05\x03\x6a\x08\xbb\xd8\x37\xf6\x38\x39\xbb"
"\x20\x39\xbb\x00\x39\xbb\x30\x39\x29\xe5\x06\xd4\x10\x76\xb1\x6f"
"\x20\x72\x72\x76\x41\x72\x76\x01\x72\x76\x61\x72\x64\x90\x72\x03"
"\x6a\x06\xf3\x6d\xf6\xcd\x7c\x9b\x93\xc3\x05\x92\x63\x09\x90\xe3"
"\x03\x93\x53\x52\x4e\x09\x83\xa4\x40\xbd\x0d\x10\x58\x01\x01\x02"
"\x05\xcd\x8d\x60\xc4\x05\x02\xf8\x0c\x24\x08\x02\x42\xce\xdb\x38"
"\x14\x24\x8c\x02\xf4\x36\x10\x05\x02\xa3\x20\xbd\x8d\x43\x81\xc0"
"\x65\xcd\x8d\x60\xa8\x20\x00\x84\x04\xac\x82\x21\x92\x53\xdf\x06"
"\x08\xac\x80\x00\x81\x52\xe7\x46\x30\xe2\x02\xa1\x7d\x1e\x12\x04"
"\x01\x21\xf4\x6d\x1c\x0a\x12\x46\x41\x7d\x1b\x88\x02\x81\x51\x60"
"\xdf\xc6\xa1\x40\xe0\x82\xe7\x46\x30\x54\x10\x00\x42\x02\x56\xc1"
"\x10\x29\x70\x6d\xe3\x06\x52\xf0\x6c\x40\xea\x46\xdc\x00\x81\x15"
"\x10\x20\x50\x48\xdd\x08\x46\x5c\x20\xf0\x4f\x44\x82\x20\x20\x65"
"\xc4\x8d\x43\xc1\xc2\x28\x20\x71\x03\x51\x20\x30\x0a\x4a\xdc\x38"
"\x14\x08\x5c\x4e\xdd\x08\x86\x0a\x02\x40\x48\xc0\x2a\x18\x22\x05"
"\x24\x6e\xdc\x40\x0a\x9e\x0d\x40\x6e\xb0\xe3\x06\x14\x59\x37\x82"
"\x11\x17\x08\x2a\x04\x91\x20\x08\x28\x89\x71\xe3\x50\xa0\x30\x0a"
"\x64\xdc\x40\x14\x08\x8c\x82\x19\x37\x0e\x05\x02\x97\x5a\x37\x82"
"\xa1\x82\x00\x10\x12\xb0\x0a\x86\x48\x01\x59\x1b\x37\x90\x02\x67"
"\x03\x08\xb9\x1b\x03\x41\x81\xf9\x80\xa4\x21\x16\x02\x9f\xce\xad"
"\x5c\xa0\x74\x05\x50\x35\x00\xaa\x5c\x68\x08\xf9\x42\x28\x6e\x90"
"\xc8\xf0\x95\x90\xc1\x8e\x1b\xe4\xe8\x06\xd8\x36\x82\xe1\xb1\x5c"
"\xcb\x05\x03\x3a\x06\x78\x6e\x56\xae\xb0\xb9\x75\xc8\x39\xd7\x73"
"\x92\x86\x60\xdb\x20\xdf\xcd\xb9\x5c\x80\x0e\xb6\x36\x34\x3e\x10"
"\x94\x30\x37\xc8\xf2\x05\x22\x7c\x21\x3e\x10\x18\x32\x37\x4a\x33"
"\x84\x12\x08\x41\x16\x64\x6e\x80\xaf\xe6\x5e\x2e\x88\x0f\x84\xa7"
"\xcc\x8d\xf8\x40\x80\xe8\xda\x20\xc2\x17\x88\xf0\x85\xf8\x40\x90"
"\xd2\xdc\x88\x0f\x84\x09\xaf\x8d\x22\x10\xa1\x04\x43\x90\x4c\x6b"
"\x1b\xe0\xab\x39\x98\x0b\xe2\x03\xc1\x72\x6d\x23\x3e\x10\xae\xbc"
"\x36\x88\xf0\x05\x22\x7c\x21\x3e\x10\x32\xd9\x36\xe2\x03\x41\xeb"
"\x6b\xa3\x08\x44\x28\xc1\x10\xe4\x14\xdb\x06\xf8\x6a\x2e\xe6\x82"
"\xf8\x40\xe8\x64\xdb\x88\x0f\x04\xef\xaf\x0d\x22\x7c\x81\x08\x5f"
"\x88\x0f\x04\x30\xb0\x6d\x23\x3e\x10\xc2\x60\xb4\x8d\x22\x10\xa1"
"\x04\x43\x90\x5a\x6d\x1b\xe0\xab\x39\x99\x0b\xe2\x03\x81\x0c\x6c"
"\xdb\x88\x0f\x84\x32\x28\x6d\x83\x08\x5f\x20\xc2\x17\xe2\x03\xe1"
"\x0c\x74\xdb\x88\x0f\x04\x34\x48\x6d\xa3\x08\x44\x28\xc1\x10\x64"
"\x18\xe4\xb6\x01\xbe\x9a\x9b\xb9\x20\x3e\x10\xd6\x40\xb7\x8d\xf8"
"\x40\x60\x83\xd5\x36\x88\xf0\x05\x22\x7c\x21\x3e\x10\xdc\xc0\xb7"
"\x8d\xf8\x40\x78\x83\xd7\x36\x8a\x40\x84\x12\x0c\x41\xa2\x41\x6f"
"\x1b\xe0\xab\x39\x9a\x0b\xe2\x03\x41\x0e\x7c\xdb\x88\x0f\x84\x39"
"\x88\x6d\x83\x08\x5f\x20\xc2\x17\xe2\x03\xa1\x0e\xc4\xdb\x88\x0f"
"\x04\x3b\xa8\x6d\xa3\x08\x44\x28\xc1\x10\x5c\xcd\xc9\x37\xb0\x03"
"\xf0\xe9\x9c\xcd\x05\xe8\x0e\xc4\xdb\x50\x19\xac\xbb\x01\x3e\x96"
"\xbb\xb9\x60\x40\xc5\x40\x0e\x36\x87\xdb\x4d\xcb\x21\x3d\xc8\x6d"
"\x43\x1d\xce\x0d\xa8\x18\x88\x9b\x4b\x70\x2e\x3e\x10\xfc\x20\x20"
"\x81\x18\xe2\x03\xe1\x0f\x86\x12\x08\x21\x11\x71\x6e\x40\x80\x0c"
"\x0c\xf0\xe5\x1c\xce\x05\xf2\x08\x05\xf0\xe9\x1c\xcb\x05\x0b\x15"
"\x08\x08\x90\xc1\xbc\x1b\xe6\xdb\xb9\x51\x0a\x90\x2a\x90\x84\xa0"
"\x54\x08\x40\x05\x80\x3a\x9e\x1b\x50\x41\x34\x3c\xe7\xde\xcd\xce"
"\x0d\xa8\x00\x0e\x9e\x23\x76\x6e\x40\xc5\x70\xf0\x9c\x1b\xed\x9c"
"\x0a\x02\x28\x43\x10\xe2\x03\x61\x98\x77\x03\x0d\x7e\x6e\x60\x32"
"\xf8\xdd\x80\x01\x19\x30\xe0\x1b\x25\x9e\x0b\x06\x54\x0c\x49\xcf"
"\xd1\x04\xcb\xc5\x07\x82\x2c\x04\x24\x08\x42\x7c\x20\xcc\xc2\x50"
"\x02\x21\x24\x62\xdf\x0d\x18\x90\x01\x2d\x80\x4f\xe7\x7a\x2e\x20"
"\x79\x6f\x10\x83\xd4\xbd\x41\x0c\x14\xe0\xbb\x71\x28\x10\x18\x05"
"\xf9\x6e\x20\x0a\x04\x46\x81\xbe\x1b\x87\x02\x81\x13\x92\xf2\x06"
"\x08\x20\xe1\xdf\x8d\x43\xc1\xc0\x28\x00\x79\x03\x51\x20\x30\x0a"
"\x42\xde\x38\x14\x08\x5c\x46\xdf\x08\x06\x59\x7d\x83\x18\x32\xa8"
"\x79\xc3\x24\xae\x6f\x0c\x44\x05\x80\xbe\x9f\x0b\xbb\x41\x2d\x83"
"\xac\x62\x88\x00\x07\x76\x03\x2a\x06\xe2\xe7\x12\xb0\x1b\x50\x31"
"\xf0\x79\xf3\x73\x67\x00\x76\x03\x2a\x06\x3f\x6f\x7e\x6e\x0c\xc0"
"\x6e\x40\x05\x41\xfd\x5c\x05\x76\x89\xb0\x79\x03\x04\x56\x40\x80"
"\x40\xa1\x7d\x23\x18\x71\x81\x90\x18\x24\x08\x02\x2a\x66\xde\x38"
"\x14\x18\x8c\x02\x9a\x37\x10\x05\x02\xa3\xa0\xe6\x8d\x43\x81\xc0"
"\xe5\xf6\x8d\x60\xa8\x20\x00\x84\x04\xac\x82\x21\x12\x04\xf6\xc6"
"\x09\x20\x21\x38\x14\x44\x9b\x26\xb3\x37\x60\x40\x06\x16\xf8\xc2"
"\x0e\xec\x82\x01\x15\x84\x1e\xf8\x9c\x04\x76\x03\x2a\x08\x54\xf0"
"\x39\x32\x00\xbb\x01\x15\x83\xba\x37\x3e\xa7\x80\x5d\x12\xe4\xde"
"\x00\x81\x82\xfe\x46\x30\xd4\x30\x48\x5c\x20\x78\x01\x09\x82\x80"
"\x0e\xb4\x37\x0e\x05\x08\xa3\x20\xed\x0d\x44\x81\xc0\x28\x50\x7b"
"\xe3\x50\x20\x70\x61\x7f\x23\x18\x2a\x08\x00\x21\x01\x27\x67\xef"
"\x0d\x10\x28\xf4\x6f\x04\x43\x35\x83\xc4\x05\x82\x1a\x04\x24\x08"
"\x02\x3a\xe8\xde\x38\x14\x20\x8c\x82\xba\x37\x10\x05\x02\xa3\xc0"
"\xee\x8d\x43\x81\xc0\x05\xff\x8d\x60\xa8\x20\x00\x89\x04\xe0\x13"
"\xbb\xb8\x0b\xde\xd8\x95\x9d\x1d\x28\x66\x90\x85\x07\x43\x04\x38"
"\xb2\x1b\x50\x31\x10\x63\x97\x90\xdd\x80\x8a\x41\xec\x9b\xb1\x3b"
"\x03\xb2\x1b\x50\x31\x90\x7d\x33\x76\x63\x40\x76\x03\x2a\x08\x68"
"\xec\x2a\xb2\x4b\x44\xea\x1b\x20\xb0\x02\x02\x04\xca\x09\x1e\xc1"
"\x88\x0b\x04\x3e\x30\x48\x10\x04\x54\x98\xbe\x71\x28\x30\x18\x05"
"\xa7\x6f\x20\x0a\x04\x46\x01\xea\x1b\x87\x02\x81\x8b\x0a\x1e\xc1"
"\x50\x41\x00\x08\x09\x58\x05\x43\x24\x68\xf6\x8d\x13\x40\x42\x70"
"\x28\x88\x36\x4d\xb9\x6f\xc0\x80\x0c\x2c\xf0\x95\x1d\xd9\x05\x03"
"\x2a\x08\x3b\x10\x3b\x89\xec\x06\x54\x10\xaa\x20\x76\x64\x40\x76"
"\x03\x2a\x06\xd8\x6f\xc4\x4e\x21\x3b\x09\x07\x69\x00\x3e\xba\x33"
"\xbb\x80\x80\xe1\x31\x10\x15\x00\xaa\xd6\x60\x08\xc9\x06\xa5\x6f"
"\x90\xef\xed\xce\x2e\x90\x6d\xc0\xf7\x06\xf9\xd8\x0e\xed\x02\x34"
"\x84\xbd\xa1\x11\x81\x50\x20\x2e\xed\x06\x54\x0c\xe2\xdf\xa0\xdd"
"\x94\x76\x03\x2a\x2e\x5f\x6f\xd0\x6e\x4a\xbb\x01\x15\x97\xaf\x37"
"\x68\xd7\xa4\x5d\x44\x20\x10\x03\x09\xbe\xa0\x82\x2b\x52\x21\xf7"
"\xc6\x09\x20\x21\x38\x14\x18\x9b\x12\xf0\x37\x20\x00\x25\x75\x6f"
"\x80\x14\x1a\xf0\xa9\x5d\xda\x05\x43\x0c\x0a\x20\x04\xc1\x00\x0b"
"\xc1\x83\x90\x8f\x04\x3e\xba\x5b\xbb\x00\x5d\x10\x20\x2a\xef\x0d"
"\x95\x41\x08\x1e\xe0\x7b\x3b\xb6\x0b\x06\x54\x0c\x66\xb0\x76\x24"
"\xe8\x9c\xdd\x80\x8a\x81\x59\x3b\x13\x74\xce\x0e\x61\x75\x6f\x28"
"\xea\x02\x18\xc7\xd0\xf7\xc6\x60\x82\xc7\x38\x86\xbe\x37\x8a\x13"
"\x3c\x06\x32\x04\x7e\x6f\xa0\xbf\x91\x02\xbf\x37\x36\x20\x22\x10"
"\x3e\x31\x70\x6d\x37\xa0\x62\x90\xd8\x6e\x6a\xbb\x01\x15\x99\xc1"
"\x76\x53\xdb\x0d\xa8\xc8\x1c\xb6\x6b\xda\x2e\x22\x10\x88\x81\x04"
"\x61\x50\x41\x16\xa9\x28\x7d\xe3\x04\x90\x10\x1c\x0a\x8c\x4d\x89"
"\xfc\x1b\x10\x80\x12\xd4\x37\x40\x0a\x12\xf8\xdc\xae\xed\x82\x21"
"\x06\x05\x10\x82\x60\xa0\xe9\xe0\x41\x48\x8a\x0d\xc0\x47\x77\x6f"
"\x17\x0c\xe8\x18\xe4\xd0\x31\x3b\x5a\x58\x3b\x35\x70\xbb\x01\x1d"
"\x03\x1d\x3a\x66\xa7\x07\x6b\x67\xb8\xdd\x80\x8e\xc1\x1c\xcc\x0e"
"\x0f\xd6\x8e\x0d\xdc\xce\xc1\xdd\x80\x8a\xa1\x82\x3b\xe3\xed\x06"
"\x54\x0c\x11\xdc\x19\x6f\x37\xa0\x62\x18\xe0\xce\x78\x3b\x14\xd0"
"\xe0\x01\xf1\x81\x50\x07\x02\x09\x82\xa0\x82\x21\xd2\x51\x83\xc7"
"\x09\x20\x21\x38\x14\x20\x9b\x94\x1d\x3c\x60\x40\x06\x7b\x00\x3e"
"\xba\x83\xbb\x40\xbe\x03\x3a\x80\x8f\xee\xe4\x2e\x50\xe7\x30\x88"
"\x4a\x87\x21\xdc\xdc\x0d\xa8\x18\x08\xb9\x4b\xe6\x6e\x40\xc5\x80"
"\x8b\x8e\xdc\x9d\xc1\xdc\x0d\xa8\x18\x74\xd1\x91\xbb\x31\x98\xbb"
"\x01\x15\x84\x69\xc8\x5d\x35\x77\x89\x20\xc3\x03\x04\x56\x40\x80"
"\x40\x11\xc7\x23\x18\x71\x81\x70\x13\x06\x09\x82\x80\x8a\x30\x3c"
"\x0e\x05\x06\xa3\x40\x0c\x0f\x44\x81\xc0\x28\x18\xc3\xe3\x50\x20"
"\x70\x29\xc7\x23\x18\x2a\x08\x00\x21\x01\xab\x60\x88\x04\xb9\xe1"
"\x71\x02\x48\x08\x0e\x05\xd1\xa6\x89\x0e\x0f\x18\x90\x81\x05\x3e"
"\xba\x9b\xbb\x60\x40\x0d\x61\x17\x65\xc7\x1e\x71\x67\x17\x6e\x67"
"\x17\x6a\x67\x17\x70\x27\xcd\xdd\x80\x1a\xc2\x2e\xca\x0e\x44\xe2"
"\xce\x2e\xdc\xce\x2e\xd4\xce\x2e\xe0\x8e\x0c\xe6\x6e\x40\xcd\x60"
"\x92\x4e\xd9\x99\xa4\x13\x77\xb8\xe0\x76\x2c\xa1\x76\x7c\x00\x77"
"\xca\xdc\x25\x01\x14\x0f\x10\x28\xf6\x78\x04\x43\x0d\x83\xc4\x05"
"\x02\x5b\x04\x24\x08\x02\x3a\xec\xf0\x38\x14\x20\x8c\x82\x3b\x3c"
"\x10\x05\x02\xa3\x00\x0f\x8f\x43\x81\xc0\x45\x1f\x8f\x60\xa8\x20"
"\x00\x84\x04\x9c\x9c\x54\x3c\x40\xa0\x88\xe4\x11\x0c\xd5\x0c\x12"
"\x17\x08\x78\x11\x90\x20\x08\xe8\x10\xc5\xe3\x50\x80\x30\x0a\x46"
"\xf1\x40\x14\x08\x8c\x02\x52\x3c\x0e\x05\x02\x17\x93\x3c\x82\xa1"
"\x82\x00\x24\x12\x80\xaf\xee\x48\x2f\x78\x76\x87\x77\xa4\xa1\x98"
"\x41\x96\x69\x0c\x11\xe0\xee\x6e\x40\xc5\x40\xd8\x5d\x72\x77\x03"
"\x2a\x06\xbf\x74\xec\xee\x0c\xee\x6e\x40\xc5\x00\x9a\x8e\xdd\x8d"
"\xc1\xdd\x0d\xa8\x20\x20\xbb\xab\xee\x2e\x11\xb7\x78\x80\xc0\x0a"
"\x08\x10\x28\x35\x79\x04\x23\x2e\x10\x54\xc3\x20\x41\x10\x50\x41"
"\x8b\xc7\xa1\xc0\x60\x14\xd4\xe2\x81\x28\x10\x18\x05\xb6\x78\x1c"
"\x0a\x04\x2e\x38\x79\x04\x43\x05\x01\x20\x24\x60\x15\x0c\x91\xa0"
"\x70\x3c\x4e\x00\x09\xc1\xa1\x20\xda\x34\x9d\xe3\x01\x03\x32\xb0"
"\xc0\x87\x77\x77\x17\x0c\xa8\x20\xec\xa0\xee\xa4\xbb\x1b\x50\x41"
"\xa8\x42\xdd\x91\xc1\xdd\x0d\xa8\x18\xd8\xd3\xa9\x3b\xe5\xee\x24"
"\x1c\xa4\x01\xf8\x4e\x2f\xef\x02\xe2\x96\xc7\x40\x54\x00\xa8\x5a"
"\x83\x21\x24\x1b\xcc\xe2\x41\x3e\xd1\xd3\xbb\x40\xb6\x81\x2a\x1e"
"\xe4\xfb\xbb\xbd\x0b\xd0\xf0\x86\x87\x46\x04\x42\x81\x38\xbe\x1b"
"\x50\x31\xf8\xa7\xb3\x77\x13\xdf\x0d\xa8\xb8\xf4\xd1\xd9\xbb\x89"
"\xef\x06\x54\x5c\xfa\xe8\xec\x5d\xc3\x77\x11\x81\x40\x0c\x24\xf8"
"\x82\x0a\xae\x48\x05\x28\x1e\x27\x80\x84\xe0\x50\x60\x6c\x4a\xdc"
"\xf1\x80\x00\x94\x8c\xe2\x01\x52\x68\xc0\xd7\x77\x7c\x17\x0c\x31"
"\x28\x80\x10\x04\x03\xec\x25\x0f\x42\x3e\x12\xf8\x4e\xcf\xef\x02"
"\x74\x41\x80\xa8\x53\x3c\x54\x06\x2f\x79\x80\x4f\xf4\xfe\x2e\x18"
"\x50\x31\x98\x81\xdf\x81\xa9\xa3\x77\x03\x2a\x06\xc6\xef\xc4\xd4"
"\xd1\x3b\x84\x8d\xe2\xa1\xa8\x0b\x60\x1c\xc3\x2a\x1e\x03\x4d\x1e"
"\xe3\x18\x56\xf1\x28\x6a\xf2\x18\xc8\x10\xb0\xe2\x61\x8f\x47\x0a"
"\x58\xf1\xd8\x80\x88\x40\xf8\xc4\xc0\x81\xde\x80\x8a\x41\xfa\xbb"
"\x09\xf4\x06\x54\x64\xc6\xdf\x4d\xa0\x37\xa0\x22\x73\xfe\xae\x01"
"\xbd\x88\x40\x20\x06\x12\x84\x41\x05\x59\xa4\x62\x16\x8f\x13\x40"
"\x42\x70\x28\x30\x36\x25\x20\x79\x40\x00\x4a\x6c\xf1\x00\x29\x48"
"\xe0\x0b\x3d\xd0\x0b\x86\x18\x14\x40\x08\x82\x81\x86\x96\x07\x21"
"\x29\x36\x00\xdf\xe9\x89\x5e\x30\xa0\x63\x70\x55\x27\xef\x68\xc1"
"\xef\xd4\x20\xf4\x06\x74\x0c\xb0\xea\xe4\x9d\x1e\xf8\x9d\x11\x7a"
"\x03\x3a\x06\x73\xc8\x3b\x3c\xf0\x3b\x36\x08\x3d\x37\x7a\x03\x2a"
"\x86\x6a\xf4\x0c\xd1\x1b\x50\x31\x44\xa3\x67\x88\xde\x80\x8a\x61"
"\x18\x3d\x43\xf4\x50\x20\x96\x07\xc4\x07\x42\x1d\x08\x24\x08\x82"
"\x0a\x86\x48\xc7\x58\x1e\x27\x80\x84\xe0\x50\x80\x6c\x52\xd2\xf2"
"\x80\x01\x19\xec\x01\xf8\x4e\x6f\xf4\x02\xf9\x0e\xe8\x00\xbe\xd3"
"\x2b\xbd\x40\x9d\xc3\x20\x2a\x1d\x86\x70\xa6\x37\xa0\x62\x20\x4a"
"\x2f\x31\xbd\x01\x15\x03\xbd\x3a\xa5\x77\x06\xa6\x37\xa0\x62\xb0"
"\x57\xa7\xf4\xc6\xc0\xf4\x06\x54\x10\xa6\x51\x7a\x95\xe9\x25\x42"
"\x2e\x0f\x10\x58\x01\x01\x02\x05\x3e\x8f\x60\xc4\x05\x42\x99\x18"
"\x24\x08\x02\x2a\xde\xf2\x38\x14\x18\x8c\x02\xb8\x3c\x10\x05\x02"
"\xa3\x20\x2e\x8f\x43\x81\xc0\x65\x3e\x8f\x60\xa8\x20\x00\x84\x04"
"\xac\x82\x21\x12\xc4\x97\xc7\x09\x20\x21\x38\x14\x44\x9b\x26\xd1"
"\x3c\x60\x40\x06\x16\xf8\x4e\xcf\xf4\x82\x01\x35\x84\x5d\xe0\x1d"
"\x7b\x90\x9e\x5d\x84\x9e\x5d\xf4\x9d\x5d\x8c\x9e\x64\x7a\x03\x6a"
"\x08\xbb\xc0\x3b\x10\x21\x3d\xbb\x08\x3d\xbb\xe8\x3b\xbb\x18\x3d"
"\x32\x30\xbd\x01\x35\x83\xd8\x3a\x78\x27\xb6\x0e\xe9\xe1\x42\xe8"
"\xb1\x44\xdf\xf1\xc1\xe8\x29\xa6\xa7\x84\x41\x52\x80\x9a\x07\x08"
"\xac\x80\x00\x81\x62\xa2\x47\x30\xe2\x02\x61\x4f\x06\x12\x04\x01"
"\x21\xa5\x79\x1c\x0a\x12\x46\x81\x69\x1e\x88\x02\x81\x51\x70\x9a"
"\xc7\xa1\x40\xe0\x92\xa2\x47\x30\xd2\x02\x9b\x07\x08\xac\x80\x00"
"\x81\x02\xa3\x47\x30\xe2\x02\xa1\x54\x18\x12\x04\x01\x15\xaf\x79"
"\x1c\x0a\x0c\x46\x01\x6c\x1e\x88\x02\x81\x51\x10\x9b\xc7\xa1\x40"
"\xe0\x32\xa3\x47\x30\x52\x95\x9b\x07\x08\xac\x80\x00\x81\xa2\xa3"
"\x47\x30\xe2\x02\xe1\x55\x18\x12\x04\x01\x15\xb9\x79\x1c\x0a\x0c"
"\x46\x81\x6e\x1e\x88\x02\x81\x51\xb0\x9b\xc7\xa1\x40\xe0\xd2\xa3"
"\x47\x30\x50\x18\xb0\xe7\x01\x65\x4c\x8f\x60\xc4\x05\x02\xae\x2c"
"\x24\x08\x02\x22\xc4\xf3\x38\x14\x14\x8c\x82\xf1\x3c\x10\x05\x02"
"\xa3\x80\x3c\x8f\x43\x81\xc0\xc5\x4c\x8f\x60\xa8\x64\x90\x14\xc0"
"\xe7\x01\x02\x2b\x20\x40\xa0\xb8\xe9\x11\x8c\xb8\x40\x18\x97\x81"
"\x04\x41\x40\x46\x7b\x1e\x87\x82\x83\x51\xe0\x9e\x07\xa2\x40\x60"
"\x14\xbc\xe7\x71\x28\x10\xb8\xc4\xe9\x11\x8c\xb4\xe0\xe7\x01\x02"
"\x2b\x20\x40\xa0\xe0\xe9\x11\x8c\xb8\x40\x68\x17\x86\x04\x41\x40"
"\xc5\x7d\x1e\x87\x02\x83\x51\x80\x9f\x07\xa2\x40\x60\x14\xe4\xe7"
"\x71\x28\x10\xb8\xec\xe9\x11\x8c\x54\x85\xe8\x01\x02\x2b\x20\x40"
"\xa0\x88\xea\x11\x8c\xb8\x40\xb8\x17\x86\x04\x41\x40\x45\x88\x1e"
"\x87\x02\x83\x51\x20\xa2\x07\xa2\x40\x60\x14\x8c\xe8\x71\x28\x10"
"\xb8\x94\xea\x11\x0c\x94\x0a\x33\x7a\x40\x59\xd5\x23\x18\x71\x81"
"\x00\x32\x0b\x09\x82\x80\x08\x15\x3d\x0e\x05\x05\xa3\x60\x45\x0f"
"\x44\x81\xc0\x28\x60\xd1\xe3\x50\x20\x30\x0a\x60\xf4\x38\x14\x08"
"\x8c\x82\x18\x3d\x10\x05\x02\xa3\x40\x46\x8f\x43\x81\xc0\x28\xb0"
"\xd1\xe3\x50\x20\x30\x0a\x6e\xf4\x40\x14\x08\x8c\x02\x1c\x3d\x0e"
"\x05\x02\xa3\x80\x47\x8f\x43\x81\xc0\x28\xe8\xd1\x03\x51\x20\x30"
"\x0a\x7c\xf4\x38\x14\x08\x8c\x02\x31\x3d\x0e\x05\x02\xa3\x60\x4c"
"\x0f\x44\x81\xc0\x28\x20\xd3\xe3\x50\x20\x30\x52\x07\xb0\x3c\xa0"
"\x9c\xeb\x21\x0c\x02\xaf\xc7\x40\x54\x00\xa8\x1a\x06\x49\xc1\x9c"
"\x1e\x20\xb0\x02\x02\x04\x4a\xbc\x1e\xc1\x88\x0b\x04\x62\x20\x41"
"\x10\x50\x02\xa7\xc7\xa1\x40\x61\x14\xc4\xe9\x81\x28\x10\x18\x05"
"\x72\x7a\x1c\x0a\x04\x2e\xf4\x7a\x04\x43\x05\x01\x20\x24\x60\x15"
"\x10\x91\x1c\x3f\x3d\x40\x60\x05\x04\x08\x14\x7f\x3d\x82\x11\x17"
"\x08\xd1\x43\x82\x20\x20\xa4\x4f\x8f\x43\x41\xc2\x28\xf0\xd3\x03"
"\x51\x20\x30\x0a\xfe\xf4\x38\x14\x08\x5c\x42\xf6\x08\x86\x0a\x02"
"\x40\x48\xc0\x2a\x20\x22\x05\xb2\x7a\xdc\x40\x0a\x9e\x0d\x48\x1d"
"\xab\x1e\x20\xb0\x02\x02\x04\x4a\xcb\x1e\xc1\x88\x0b\x04\x30\x88"
"\x48\x10\x04\xa4\xb0\xea\x71\x28\x58\x18\x05\xad\x7a\x20\x0a\x04"
"\x46\x81\xab\x1e\x87\x02\x81\x0b\xcc\x1e\xc1\x50\x41\x00\x08\x09"
"\x58\x05\x44\xa4\x00\x57\x8f\x1b\x48\xc1\xb3\x01\x28\x27\x74\xf5"
"\x80\xb2\xb3\x47\x30\xe2\x02\xc1\x0d\x20\x12\x04\x01\x25\xba\x7a"
"\x1c\x0a\x14\x46\xc1\xae\x1e\x88\x02\x81\x51\xc0\xab\xc7\xa1\x40"
"\xe0\xe2\xb3\x47\x30\x54\x10\x00\x42\x02\x56\x01\x11\x29\x28\xd7"
"\xe3\x02\x52\xe0\x6c\x80\x9a\x87\x00\x90\x3e\x04\xac\x82\x21\x14"
"\x3b\x04\x80\xe6\x21\x60\x15\x0c\x91\x02\x3e\x3d\x6e\x20\x05\xc5"
"\x06\xa8\x73\x08\x00\xb9\x43\xc0\x2a\x18\x22\x05\xe8\x7a\xdc\x40"
"\x0a\x8a\x0d\x50\xe3\x10\x00\x52\x87\x80\x55\x30\x44\x0a\xfe\xf3"
"\xb8\x81\x14\x14\x1b\xa0\xda\x22\x00\x44\x17\x01\xab\x60\x08\x65"
"\x16\x01\xa0\xb6\x08\x58\x05\x43\xa4\xc0\x55\x8f\x1b\x48\x41\xb1"
"\x01\x2a\x2c\x02\x40\x68\x11\xb0\x0a\x86\x48\x81\xbe\x1e\x37\x90"
"\x82\x62\x03\x54\x4f\x04\x80\xc8\x22\x60\x15\x0c\x91\x82\x18\x3d"
"\x6e\x20\x05\xc5\x06\xac\x80\x80\x00\x69\x06\x39\x7b\x80\x6f\x94"
"\x50\x2f\x20\xb3\x7b\x0c\x04\x05\xe9\x03\xb2\xf8\xd9\x03\x54\x02"
"\xa0\x09\xb1\xd1\x03\x04\x52\xe0\x80\x40\x0a\x28\x10\x48\x41\x06"
"\x02\xca\x21\x22\x05\x36\x7b\x5c\x80\xaa\x88\x48\x41\xce\x1e\x37"
"\x90\x86\x60\x03\x54\x47\x44\x0a\xca\xf6\xb8\x81\x34\x04\x1b\xa0"
"\xc6\x80\x88\x24\x04\x1b\xa0\x30\x22\x52\x00\xb6\xc7\x05\xa8\x8f"
"\x88\x14\x8c\xed\x71\x03\x69\x08\x36\x40\x9d\x01\x11\x29\x78\xdb"
"\xe3\x06\xd2\x10\x6c\x80\x6a\x03\x22\x92\x10\x6c\x40\x02\x83\x32"
"\xd8\x80\x14\xac\xc1\x06\xa4\x00\x0e\x36\x20\x8d\x41\x9c\x1e\x20"
"\x90\x82\x34\x00\x81\x14\xbc\x01\x08\xa4\x80\x0e\x40\x40\xa5\x01"
"\x11\x29\x88\xdb\xe3\x02\x14\x1c\x10\x91\x02\xba\x3d\x6e\x20\x0d"
"\xc1\x06\x28\x3c\x20\x22\x05\xa0\x7b\xdc\x40\x1a\x82\x0d\x50\x7e"
"\x40\x44\x12\x82\x0d\x48\x71\x60\x07\x1b\x90\x02\x3e\xd8\x80\x14"
"\x84\xc2\x06\xcc\x80\x65\x0f\x32\x40\x3d\x04\x48\x88\x4e\x0f\x71"
"\x12\x75\x7b\x90\x01\xc8\x14\xea\xf4\xd0\x64\x04\x31\x20\x85\xd9"
"\x3d\xc0\x39\xcc\xec\x41\x06\x20\x55\xc0\xd3\x43\x93\x12\x84\x80"
"\x14\x6e\xf7\x00\x67\x77\xb3\x07\x19\xa0\xea\x80\x00\x69\x07\x7f"
"\x7a\x88\x13\x0c\x40\xf7\x20\x03\x50\x2c\x80\xea\xa1\x49\x0c\x82"
"\x18\x90\x82\xef\x1e\xe0\x1c\x7c\xf6\x20\x03\x50\x2d\x8c\xea\xa1"
"\xc9\x0c\x82\x10\x90\x82\xf8\x1e\xa0\x4b\xbd\x01\x15\x04\xe8\x3b"
"\xa8\xf7\x23\xe3\x87\xb6\x40\x50\x1b\x08\xa2\x82\x21\x50\x1e\x10"
"\x42\x7a\xf8\x18\x88\x0a\x00\x25\x3b\x7c\x10\x83\xdc\xf0\x41\x0c"
"\x25\x0c\x92\x02\xf1\x3d\x40\x60\x05\x04\x08\x14\x30\x3e\x82\x11"
"\x17\x08\xc6\x40\x82\x20\x20\xe3\x77\x8f\x43\xc1\xc1\x28\x00\xdf"
"\x03\x51\x20\x30\x0a\xc2\xf7\x38\x14\x08\x5c\xc6\xf8\x08\x46\x5a"
"\xd4\xf7\x00\x81\x15\x10\x20\x50\xd4\xf8\x08\x46\x5c\x20\x40\x0c"
"\x09\x82\x80\x8a\xf4\x3d\x0e\x05\x06\xa3\x40\x7d\x0f\x44\x81\xc0"
"\x28\x58\xdf\xe3\x50\x20\x70\x69\xe3\x23\x18\xa9\x9a\xdf\x03\x04"
"\x56\x40\x80\x40\xa1\xe3\x23\x18\x71\x81\xa0\x31\x24\x08\x02\x2a"
"\xe6\xf7\x38\x14\x18\x8c\x02\xfa\x3d\x10\x05\x02\xa3\xa0\x7e\x8f"
"\x43\x81\xc0\xe5\x8e\x8f\x60\xa0\x30\x30\xe1\x03\x4a\x1f\x1f\xc1"
"\x88\x0b\x84\x31\x58\x48\x10\x04\x44\xf0\xef\x71\x28\x28\x18\x05"
"\xfd\x7b\x20\x0a\x04\x46\x81\xff\x1e\x87\x02\x81\x0b\x28\x1f\xc1"
"\x50\x41\x00\x08\x09\x58\x06\xf1\x7b\x98\xaf\xf6\x54\x2f\x78\xe3"
"\xb7\x7a\xf8\x80\xe8\x80\x1f\xe4\xb1\x5e\xeb\xad\xc2\x80\x92\x01"
"\x0e\x9f\xd5\x83\xc3\xa7\xf5\x58\x22\xf6\x48\x82\xf6\x9c\xf8\xa1"
"\x3a\x30\xdb\x83\x65\xc0\x0a\x24\x0a\x58\x61\x1f\xeb\xb9\x5e\xf0"
"\x64\xef\xf5\x58\x61\x40\xc5\xd0\xbc\x1e\x1e\x3e\xae\xa7\x02\x02"
"\xd0\x11\x80\x0a\x86\x88\x0f\x04\x90\x08\xe2\x03\x21\x38\xe1\xa3"
"\x08\x6c\x7b\x84\x12\xb0\xed\x11\x92\x71\xc2\x07\x04\xc8\x20\x16"
"\xc0\x07\x7b\xaf\x17\xbc\xf1\x8b\xbd\x58\x78\xac\x27\x7b\xb0\x30"
"\xa0\x62\x20\x8b\xd8\x43\xc5\xc7\xf5\xdc\xec\x0d\xa8\x18\x04\xd9"
"\x5b\x66\x4f\x05\x04\x20\x28\x00\x15\x0c\x11\x1f\x08\x29\x11\x94"
"\x00\x6c\x8f\x90\x8a\xf4\x3d\x20\x40\x06\xb5\x00\x3e\xda\x9b\xbd"
"\xe0\x8d\x1f\xeb\xd5\xc2\x1b\x3f\xdb\x6b\x89\x75\x0d\x11\x90\x82"
"\xb2\x3d\x6e\x40\x91\x41\x00\x68\x0d\x02\x56\xc1\x10\x29\xb8\xe1"
"\xe3\x06\x94\x1c\x04\x80\xf2\x20\x60\x15\x0c\x91\x02\xfa\x3d\x6e"
"\x40\x81\x42\x00\xe8\x14\x02\x56\xc1\x10\x89\x08\x36\x20\x25\xc1"
"\x06\x24\x27\xd8\x80\x19\xd0\x05\x19\x30\xba\xa1\x8f\x8f\xba\x08"
"\xd2\x10\xc4\x40\x0a\xca\x42\x06\x50\x50\xb6\x87\x8e\x6e\xf0\x1f"
"\x78\x29\x90\x10\x80\x0a\x00\x45\xe1\x90\x16\xf2\xc0\xef\xf6\xda"
"\x01\xf9\x82\xec\x1e\x2c\x83\x76\x20\x51\xd0\x0e\xfb\xc0\x0f\xf7"
"\x02\xa4\x16\xe2\x00\x28\x38\x42\x06\x6f\x7c\x90\x0f\xfc\x72\x2f"
"\x78\xbd\xa7\x7b\xf0\x30\xa0\x62\xa8\x74\xcf\x26\x9f\xdc\x53\x01"
"\x01\xf1\x81\xa0\x08\xf1\x81\x10\xd0\xf1\x41\x84\x2f\x10\xe1\x0b"
"\xa8\x29\x40\x05\x43\xc4\x07\xc2\x5c\x04\xf1\x81\x10\xe8\xf1\x51"
"\x04\x23\x94\xa0\x08\x49\xd1\xe3\x03\x02\x64\x90\x0f\xe0\xdb\x3d"
"\xdd\x0b\xde\xf8\xf1\x5e\x3e\x3c\xf0\xeb\x3d\x7c\x18\x50\x31\xd0"
"\x07\xef\xb9\xe5\x93\x7b\xce\xf7\x06\x54\x0c\x42\xef\x3d\xbe\xa7"
"\x02\x02\xe2\x03\xe1\x12\x48\x20\x06\x84\x0d\xa0\x82\x21\xe2\x03"
"\xc1\x2f\x82\x12\x10\x21\x1d\x3e\x7c\x40\x80\x0c\xfe\x01\x7c\xbf"
"\xe7\x7b\xc1\x1b\x3f\xf0\xfb\x87\x01\x2d\x83\x68\x3e\xb6\x27\x9a"
"\xcf\xed\x89\xe6\x83\x7b\x28\xc2\x7b\x20\xf2\x7b\x2e\xfc\x06\x54"
"\x0c\x4f\xf8\x09\xe0\x17\x1f\x08\x60\x10\x90\x20\x08\x6b\x20\x20"
"\x00\x89\x41\x00\x2a\x18\x22\x3e\x10\x50\x23\x28\x41\x11\xd2\xe1"
"\xcb\x07\x0c\xc8\x00\x36\xc0\x37\x7e\xe1\x17\x0c\xa8\x18\x16\xf1"
"\x33\x0b\xd6\x5b\x01\x01\x01\xc8\x16\x02\x50\xc1\x10\xf1\x81\xf0"
"\x1a\x41\x09\xde\xf9\x08\xa9\x28\xe7\x03\x06\x64\x70\x1b\xe0\x1b"
"\x3f\xf1\x0b\xd2\x4b\xb8\xf3\x01\x01\x32\xe8\x0f\xf0\x8d\x52\xea"
"\x05\x24\xad\x8f\x81\xa8\x00\x50\x72\xd6\x07\x31\x52\x30\xcf\x07"
"\x08\x94\xb4\x3e\x82\xa1\x84\x41\xe2\x02\x81\x08\x48\x10\x04\x72"
"\xd6\x07\x31\x50\xa0\xce\xc7\xa1\x40\x60\x14\xac\xf3\x81\x28\x10"
"\x18\x05\xec\x7c\x1c\x0a\x04\x56\x41\x00\x28\x09\x38\x39\xfd\x7c"
"\x80\x00\x22\xe6\xf9\x38\x14\x14\x8c\x02\x7a\x3e\x10\x05\x02\xa3"
"\xa0\x9e\x8f\x43\x81\xc0\xe5\xae\x8f\x60\x90\xbf\x3e\x88\x21\x83"
"\x94\x3e\xcc\x57\x7e\xe7\x17\xa8\x64\x90\x35\x0c\x11\xe0\xcc\x6f"
"\x40\xc5\x40\x94\x5f\x62\x7e\x03\x2a\x06\x30\x7d\xca\xef\x0c\xcc"
"\x6f\x40\xc5\x20\xa6\x4f\xf9\x8d\x81\xf9\x0d\xa8\x20\xa0\xf2\xab"
"\xcc\x2f\x11\x28\x7d\x80\xc0\x0a\x08\x10\x28\xa6\x7d\x04\x23\x2e"
"\x10\xc0\xc0\x20\x41\x10\x50\x51\xd2\xc7\xa1\xc0\x60\x14\x98\xf4"
"\x81\x28\x10\x18\x05\x27\x7d\x1c\x0a\x04\x2e\xa9\x7d\x04\x43\x05"
"\x01\x20\x24\x60\x15\x0c\x91\x20\x99\x3e\x4e\x00\x09\xc1\xa1\x20"
"\xda\x34\xe1\xf4\x01\x03\x32\xb0\xc0\x77\x7e\xe6\x17\x0c\xa8\x20"
"\xec\x80\xfc\x24\xf3\x1b\x50\x41\x90\x02\xf9\x91\x81\xf9\x0d\xa8"
"\x18\x5c\xf5\x21\x3f\xc5\xfc\x92\x40\xd6\x07\x08\x14\xdd\x3e\x82"
"\xa1\x86\x41\xe2\x02\xa1\x0e\x02\x12\x04\x01\x1d\x3a\x7d\x1c\x0a"
"\x10\x46\xc1\x4e\x1f\x88\x02\x81\x51\xc0\xd3\xc7\xa1\x40\xe0\xe2"
"\xdb\x47\x30\x54\x10\x00\x42\x02\x4e\x4e\x5b\x1f\x20\x50\xcc\xfb"
"\x08\x86\x6a\x06\x89\x0b\x84\x50\x08\x48\x10\x04\x74\x98\xf5\x71"
"\x28\x40\x18\x05\x67\x7d\x20\x0a\x04\x46\x01\x5a\x1f\x87\x02\x81"
"\x8b\x7a\x1f\xc1\x50\x41\x00\x12\x09\xc0\x87\x7e\xf7\x17\xbc\xf4"
"\x5b\x3f\x3a\x50\xcc\x20\xcb\x0e\x86\x08\x70\xea\x37\xa0\x62\x20"
"\xd2\x2f\x51\xbf\x01\x15\x83\xc9\x3e\xe9\x77\x06\xea\x37\xa0\x62"
"\x40\xd9\x27\xfd\xc6\x40\xfd\x06\x54\x10\x50\xfa\x55\xea\x97\x88"
"\xbd\x3e\x40\x60\x05\x04\x08\x94\xfc\x3e\x82\x11\x17\x08\xb3\x60"
"\x90\x20\x08\xa8\xc0\xeb\xe3\x50\x60\x30\x0a\xf2\xfa\x40\x14\x08"
"\x8c\x02\xbd\x3e\x0e\x05\x02\x17\xfe\x3e\x82\xa1\x82\x00\x10\x12"
"\xb0\x0a\x86\x48\x50\x69\x1f\x27\x80\x84\xe0\x50\x10\x6d\x9a\x56"
"\xfb\x80\x01\x19\x58\xe0\x5b\x3f\xf5\x0b\x06\x54\x0c\x70\xfb\xa0"
"\x9f\xa1\x7e\xd2\x0d\xce\x00\x7c\xfa\xc7\x7e\x01\x81\xf1\x63\x20"
"\x2a\x00\x54\xa5\xc1\x10\x52\x0d\xea\xfa\x20\x5f\xfd\xb5\x5f\x20"
"\xd7\x80\xad\x0f\xf2\xc9\x9f\xfb\x05\x68\x88\xe9\x43\x23\x02\xa1"
"\x40\xdc\xfb\x0d\xa8\x18\x44\xf7\x71\xbf\xe9\xfd\x06\x54\x5c\x7e"
"\xfa\xb8\xdf\xf4\x7e\x03\x2a\x2e\x3f\x7d\xdc\xaf\x79\xbf\x88\x40"
"\x20\x06\x12\x7c\x41\x05\x57\xa4\x42\xac\x8f\x13\x40\x42\x70\x28"
"\x30\x36\x25\xb0\x7d\x40\x00\x4a\xca\xfa\x00\x29\x34\xe0\x83\xbf"
"\xf7\x0b\x86\x18\x14\x40\x08\x82\x01\x16\xdf\x07\x21\x1f\x09\x7c"
"\xfa\x17\x7f\x01\xba\x20\x40\x54\x5a\x1f\x2a\x83\xf8\x3e\xc0\x57"
"\x7f\xf2\x17\x0c\xa8\x18\xcc\x20\xfe\xc8\xf7\x69\xbf\x01\x15\x03"
"\x13\x7f\xe6\xfb\xb4\x1f\xc2\xca\xfa\x50\xd4\x05\x30\x8e\xa1\xad"
"\x8f\xc1\xbe\x8f\x71\x0c\x6d\x7d\x14\xf7\x7d\x0c\x64\x08\xdc\xfa"
"\xc0\xed\x23\x05\x6e\x7d\x6c\x40\x44\x20\x7c\x62\xe0\xe6\x6f\x40"
"\xc5\x20\xc9\xdf\x34\x7f\x03\x2a\x32\x43\xfe\xa6\xf9\x1b\x50\x91"
"\x39\xf2\xd7\xcc\x5f\x44\x20\x10\x03\x09\xc2\xa0\x82\x2c\x52\x51"
"\xd7\xc7\x09\x20\x21\x38\x14\x18\x9b\x12\xf1\x3e\x20\x00\x25\x78"
"\x7d\x80\x14\x24\xf0\xd1\xdf\xfc\x05\x43\x0c\x0a\x20\x04\xc1\x40"
"\x53\xf1\x83\x90\x14\x1b\x80\x4f\xff\xea\x2f\x18\xd0\x31\xc8\xf0"
"\xc3\x7e\xb4\x10\x7f\x6a\x40\x7f\x03\x3a\x06\x1a\x7e\xd8\x4f\x0f"
"\xe2\xcf\xa0\xbf\x01\x1d\x83\x39\xb0\x1f\x1e\xc4\x1f\x1b\xd0\x9f"
"\xb3\xbf\x01\x15\x43\x65\x7f\x46\xfd\x0d\xa8\x18\x22\xfb\x33\xea"
"\x6f\x40\xc5\x30\xd8\x9f\x51\x7f\x28\x20\xf1\x03\xe2\x03\xa1\x0e"
"\x04\x12\x04\x41\x05\x43\xa4\xa3\xc4\x8f\x13\x40\x42\x70\x28\x40"
"\x36\x29\x2b\x7e\xc0\x80\x0c\xf6\x00\x7c\xfa\x67\x7f\x81\x6c\x07"
"\x73\x00\x9f\xfe\xe1\x5f\xa0\xca\x61\x10\x75\x0e\x43\xb8\xfc\x1b"
"\x50\x31\x10\xf8\x97\xe4\xdf\x80\x8a\x01\x8f\x1f\xfc\x3b\x83\xfc"
"\x1b\x50\x31\xe8\xf1\x83\x7f\x63\x90\x7f\x03\x2a\x08\xd1\xc0\xbf"
"\x2a\xff\x12\x41\xe3\x07\x08\xac\x80\x00\x81\x22\xeb\x47\x30\xe2"
"\x02\x81\x2d\x0c\x12\x04\x01\x15\x31\x7e\x1c\x0a\x0c\x46\x81\x8c"
"\x1f\x88\x02\x81\x51\x30\xe3\xc7\xa1\x40\xe0\x52\xeb\x47\x30\x54"
"\x10\x00\x42\x02\x56\xc1\x10\x09\xf2\xf1\xe3\x04\x90\x10\x1c\x0a"
"\xa2\x4d\x13\x99\x1f\x30\x20\x03\x0b\x7c\xfa\x97\x7f\xc1\x80\x9a"
"\x41\x9c\x9f\xf5\x13\xe7\xe7\xfe\x50\x02\xfe\x68\x81\xfe\xf0\xc0"
"\xfe\x8c\xfc\x93\x78\x01\x17\xe0\x1b\xa5\xfd\x0b\x48\xba\x1f\x03"
"\x41\x41\x4b\x80\x0a\x00\x55\x73\x41\x84\xe3\xbf\x01\x15\x44\xc3"
"\x7f\xe8\xfc\xec\xdf\x80\x0a\xe0\xe0\x3f\x63\xff\x06\x54\x0c\x07"
"\xff\x41\xfb\xa7\x82\x00\xca\x10\x84\xf8\x40\x18\xe0\xfc\x40\xc3"
"\x7e\x1f\x98\x8c\x3c\x3f\x60\x40\x06\x08\xf8\x46\x89\xff\x02\x25"
"\xba\xc7\x20\xab\x6e\x8f\x21\x02\x9c\xff\x0d\xa8\x18\x88\xfe\x4b"
"\xfc\x6f\x40\xc5\x40\xd2\x4f\xff\x9d\x81\xff\x0d\xa8\x18\x4c\xfa"
"\xe9\xbf\x31\xf0\xbf\x01\x15\x84\xbf\x3b\xfd\x57\xf9\x5f\x22\xf4"
"\xfc\x00\x81\x15\x10\x20\x50\xf0\xfd\x08\x46\x5c\x20\xe4\xef\x61"
"\x90\x20\x08\xa8\xb8\xf3\xe3\x50\x60\x30\x0a\xf0\xfc\x40\x14\x08"
"\x8c\x82\x3c\x3f\x0e\x05\x02\x97\x7d\x3f\x82\xa1\x82\x00\x10\x12"
"\xb0\x0a\x86\x48\x10\xa9\x1f\x27\x80\x84\xe0\x50\x10\x6d\x9a\x54"
"\xfd\x80\x01\x19\x58\xe0\xfb\x3f\xff\x0b\xc8\xc9\x1f\xc1\x90\xc1"
"\xad\x1f\xe0\x0b\xc1\x60\x04\x83\x80\xa4\xfc\x11\x0c\x19\xe4\xfa"
"\x01\xbe\x51\x1a\xc1\x20\x90\xc7\xae\x1f\xe0\x1b\x25\x11\x0c\x02"
"\x85\x10\x50\x5c\xfe\x08\x86\x1b\xa5\x01\x15\x83\x5e\x3f\x20\x18"
"\x48\xff\x37\xa0\x82\x90\x7b\x07\x04\x03\x30\xf8\xbf\x01\x15\x04"
"\xe9\x3b\x20\x18\xc8\xc1\xff\x11\x97\x3f\x88\xa1\x82\x41\x24\xee"
"\x1e\xbf\x7e\x80\x2f\x06\x03\x12\x0c\x02\x22\xf3\x07\x40\x64\x20"
"\xee\x07\xb8\x74\xf7\x18\x22\x60\xed\xee\x31\x44\x80\x2b\xc1\x60"
"\x40\x05\x81\xda\x0f\x09\x06\xf5\x00\x83\xc1\x80\x0a\x42\x22\xc1"
"\x20\x14\x60\x30\x18\x50\x41\x58\x24\x18\xbc\x02\x0c\x06\xcf\x04"
"\x83\x17\x0c\x7c\xf7\x50\xc2\x20\xee\x04\x83\x01\x15\x83\x60\x82"
"\x41\x72\x82\xc1\x80\x8a\x01\xb7\x1f\x13\x0c\xce\xe0\x04\x83\x01"
"\x15\x83\x6e\x3f\x26\x18\x8c\xc1\x09\x06\x03\x2a\x08\xc5\x04\x83"
"\xea\x04\x83\x44\x90\xfb\x01\x02\x2b\x20\x40\xa0\x88\xfd\x11\x8c"
"\xb8\x40\x18\xe3\xc3\x20\x41\x10\x50\x11\xee\xc7\xa1\xc0\x60\x14"
"\x88\xfb\x81\x28\x10\x18\x05\xe3\x7e\x1c\x0a\x04\x2e\x65\x7f\x04"
"\x43\x05\x01\x20\x24\x60\x15\x0c\x91\x20\x77\x3f\x4e\x00\x09\xc1"
"\xa1\x20\xda\x34\xd1\xfb\x01\x03\x32\xd8\xc0\x87\x82\xc1\x09\x06"
"\x01\x92\xcc\xfd\xb8\x14\x9c\xfb\x91\x01\x2e\x05\x83\x01\x15\x83"
"\x80\x82\x41\x92\x82\xc1\x80\x8a\x01\xc5\x1f\x14\x0c\xce\x20\x05"
"\x83\x01\x15\x83\x8a\x3f\x28\x18\x8c\x41\x0a\x06\x03\x2a\x08\x0e"
"\x05\x83\x2a\x05\x83\x44\xf0\xfb\x01\x02\x2b\x20\x40\xa0\xe8\xfd"
"\x11\x8c\xb8\x40\xd8\xe3\xc3\x20\x41\x10\x50\x91\xef\xc7\xa1\xc0"
"\x60\x14\xe8\xfb\x81\x28\x10\x18\x05\xfb\x7e\x1c\x0a\x04\x2e\x7d"
"\x7f\x04\x43\x05\x01\x20\x24\x60\x15\x0c\x91\x20\x93\x3f\x4e\x00"
"\x09\xc1\xa1\x20\xda\x34\xb1\xfc\x01\x03\x32\x90\x03\xf0\xa9\x60"
"\x90\x82\x41\x20\x87\x9c\x3f\x40\x49\xe4\x01\x38\xba\x81\xce\x8f"
"\x40\x78\x2e\x18\xac\x60\x10\x3c\x18\x0c\x58\x30\xc0\x03\x92\x07"
"\x03\x91\xc1\x01\xbe\x16\x0c\x60\x30\x08\x14\x18\x10\xe0\x5e\x30"
"\x50\x61\x40\x80\x7b\xc1\x60\x40\x07\x41\xb4\x60\x20\xb8\x60\xa0"
"\xe7\x4f\x09\x06\x45\xf6\x8f\x60\xb8\x51\x4a\x7a\xd0\xf3\x07\x04"
"\xc8\x00\x87\x0f\xf0\xc5\x60\x50\x82\x41\x20\x4d\x61\xec\x0f\xf0"
"\x8d\x92\x0c\x06\x81\x3a\x05\x02\x8a\xed\x1f\xc1\x70\xa3\x44\x74"
"\xff\x18\x88\x0a\x00\x25\xb8\x7f\x10\x23\x05\x64\x7f\x80\x40\xd1"
"\xfd\x23\x18\x4a\x18\x24\x2e\x10\x88\x80\x04\x41\x20\xb8\x7f\x10"
"\x03\x05\x3b\x7f\x1c\x0a\x04\x46\x01\xcf\x1f\x88\x02\x81\x51\xd0"
"\xf3\xc7\xa1\x40\xe0\xf2\xfb\x47\x30\x54\x10\x00\x4a\x02\x4e\x8e"
"\xdb\x1f\x20\x50\xce\xff\x08\x86\x72\x06\x89\x0b\x84\x28\x20\x41"
"\x10\xd0\x71\xf6\xc7\xa1\x00\x61\x14\xa0\xfd\x81\x28\x10\x18\x05"
"\x69\x7f\x1c\x0a\x04\x2e\xeb\x7f\x04\x43\x05\x01\x20\x24\x60\x99"
"\x08\xe0\xa3\xc1\x60\x0c\x83\x80\xd8\xff\x41\x0c\x19\x80\xfe\x61"
"\xbe\x1a\x0c\x6e\x30\x08\xd4\x33\xc8\x1a\x86\x08\x70\x36\x18\x0c"
"\xa8\x18\x88\x1a\x0c\x12\x1b\x0c\x06\x54\x0c\x2e\xff\xd4\x60\x70"
"\x06\x36\x18\x0c\xa8\x18\x60\xfe\xa9\xc1\x60\x0c\x6c\x30\x18\x50"
"\x41\x58\x35\x18\x54\x36\x18\x24\xe2\xef\x0f\x10\x58\x01\x01\x02"
"\xa5\xff\x8f\x60\xc4\x05\x82\x19\x18\x24\x08\x02\x2a\xf8\xfe\x38"
"\x14\x18\x8c\x82\xbe\x3f\x10\x05\x02\xa3\xc0\xef\x8f\x43\x81\xc0"
"\x05\x04\x91\x60\xa8\x20\x00\x84\x04\xac\x82\x21\x12\x94\xfa\xc7"
"\x09\x20\x21\x38\x14\x44\x9b\xa6\xd7\x3f\x60\x40\x06\x16\xf8\x6e"
"\x30\xb0\xc1\x20\x18\x50\x31\xe0\xfd\x43\x83\x81\x61\x83\x81\x94"
"\x03\x35\x00\x9f\x19\x06\x38\x18\x04\x84\x06\x91\x81\xa8\x00\x50"
"\xc5\x06\x43\xc8\x36\xc8\xfb\x83\x7c\x61\x18\xe4\x60\x10\x48\x37"
"\x80\xfb\x83\x7c\x3e\x18\xe8\x60\x10\xa0\xa1\xe6\x0f\x8d\x08\x84"
"\x02\x71\x3b\x18\x0c\xa8\x18\x54\xff\xd1\xc1\x60\xda\xc1\x60\x40"
"\xc5\x65\xea\x8f\x0e\x06\xd3\x0e\x06\x03\x2a\x2e\x53\x7f\x74\x30"
"\x68\x76\x30\x88\x08\x04\x62\x20\xc1\x17\x54\x70\x45\x2a\xcc\xfe"
"\x38\x01\x24\x04\x87\x02\x63\x53\x42\xfb\x07\x04\xa0\x24\xed\x0f"
"\x90\x42\x03\x3e\x1e\x0c\x76\x30\x08\x86\x18\x14\x40\x08\x82\x01"
"\x56\xff\x07\x21\x1f\x09\x7c\x66\x18\xf4\x60\x10\xa0\x0b\x02\x44"
"\xb5\xfd\xa1\x32\xa8\xff\x03\x7c\x61\x18\xf8\x60\x10\x0c\xa8\x18"
"\xcc\xa0\x07\x03\xf6\x7f\x72\x30\x18\x50\x31\x30\x3d\x18\xb8\xff"
"\x93\x83\x01\xc2\xd2\xfe\x50\xd4\x05\x30\x8e\x21\xee\x8f\x41\xff"
"\x8f\x71\x0c\x71\x7f\x14\xfb\x7f\x0c\x64\x08\xe4\xfe\xe0\xfd\x23"
"\x05\x72\x7f\x6c\x40\x44\x20\x7c\x62\xe0\x7e\x30\x18\x50\x31\x48"
"\x3e\x18\x4c\x3f\x18\x0c\xa8\xc8\x0c\x1f\x0c\xa6\x1f\x0c\x06\x54"
"\x64\x8e\x0f\x06\xcd\x0f\x06\x11\x81\x40\x0c\x24\x08\x83\x0a\xb2"
"\x48\x45\xde\x1f\x27\x80\x84\xe0\x50\x60\x6c\x4a\xcc\xff\x80\x00"
"\x94\xf0\xfd\x01\x52\x90\xc0\x07\x86\xc1\x0f\x06\xc1\x10\x83\x02"
"\x08\x41\x30\xd0\x5c\x10\x21\x24\xc5\x06\xe0\x33\xc3\x20\x0c\x83"
"\x60\x40\xc7\xa0\x83\x10\x0e\x06\xb4\xd0\x83\x81\x1a\x80\x61\x30"
"\xa0\x63\xe0\x41\x08\x07\x03\x3d\xe8\xc1\xc0\x00\xc3\x60\x40\xc7"
"\x60\x0e\x38\x18\xe0\x41\x0f\x06\x6c\x00\x86\x81\x13\xc3\x60\x40"
"\xc5\x50\x89\x61\x60\x84\x61\x30\xa0\x62\x88\xc4\x30\x30\xc2\x30"
"\x18\x50\x31\x0c\x62\x18\x18\x61\x18\xa0\x00\x05\x11\x88\x0f\x84"
"\x3a\x10\x48\x10\x04\x15\x0c\x91\x8e\x14\x44\x4e\x00\x09\xc1\xa1"
"\x00\xd9\xa4\xbc\x20\x02\x03\x32\xd8\x03\xf0\x99\x61\x20\x86\x41"
"\x20\xe3\x21\x1d\xc0\x67\x86\x01\x19\x06\x81\x42\x87\x41\x94\x3a"
"\x0c\xe1\xca\x30\x18\x50\x31\x10\x64\x18\x24\x65\x18\x0c\xa8\x18"
"\x40\x11\x22\xc3\xe0\x0c\xca\x30\x18\x50\x31\x88\x22\x44\x86\xc1"
"\x18\x94\x61\x30\xa0\x82\x40\x0d\x32\x0c\xaa\x32\x0c\x12\x81\x83"
"\x08\x08\xac\x80\x00\x81\x62\x8b\x48\x30\xe2\x02\xe1\x1f\x0c\x12"
"\x04\x01\x15\x35\x88\x1c\x0a\x0c\x46\x81\x0d\x22\x88\x02\x81\x51"
"\x70\x83\xc8\xa1\x40\xe0\x92\x8b\x48\x30\x54\x10\x00\x42\x02\x56"
"\xc1\x10\x09\x12\x43\xe4\x04\x90\x10\x1c\x0a\xa2\x4d\x13\x1a\x22"
"\x30\x20\x03\x0b\x7c\x66\x18\x94\x61\x10\x0c\xa8\x19\xd4\x11\xba"
"\xc1\x40\x1d\xa1\x31\x0c\x50\x82\x07\x03\x5a\x00\xc3\x00\x0f\xc4"
"\x30\x30\xca\x30\x40\xf6\x20\x12\x2b\x03\x3b\x44\x40\xd9\x12\x25"
"\x01\x8e\x6e\x90\xfd\x23\x10\x5e\x5d\x06\x67\x18\x04\x04\x1e\x91"
"\x81\xa8\x00\x50\x85\x12\x44\x38\x34\x0c\x06\x54\x10\x0d\x1a\x06"
"\xf4\x08\x9d\x61\x30\xa0\x02\x38\xd0\x30\x30\xce\x30\x18\x50\x31"
"\x1c\x68\x18\x50\x67\x18\xa8\x20\x80\x32\x04\x21\x3e\x10\x06\x3b"
"\x44\xd0\x10\x82\x08\x26\xe3\x0f\x11\x18\x90\x01\x02\xbe\xba\x0c"
"\xd0\x30\x08\x48\x3e\x22\xc4\x90\xc1\x28\x22\xe6\x5b\xc3\x40\x0d"
"\x83\x80\xe0\x23\x42\x0c\x42\x8f\x08\x31\x5c\x1b\x06\xa4\x1e\x11"
"\x62\x90\x7d\x44\x88\x41\x40\x12\x19\x88\x0a\x00\x55\xc3\x20\x2b"
"\x19\x22\xc0\xb1\x61\x30\xa0\x62\x20\xd6\x30\x48\xd8\x30\x18\x50"
"\x31\x80\x25\xb4\x86\xc1\x19\xb0\x61\x30\xa0\x62\x10\x4b\x68\x0d"
"\x83\x31\x60\xc3\x60\x40\x05\x21\xad\x61\x50\xb1\x61\x90\x08\x54"
"\x44\x40\x60\x05\x04\x08\x14\x93\x44\x82\x11\x17\x08\x89\x41\x82"
"\x20\xa0\xa2\x14\x91\x43\x81\xc1\x28\x30\x45\x04\x51\x20\x30\x0a"
"\x4e\x11\x39\x14\x08\x5c\x52\x12\x09\x86\x0a\x02\x40\x48\xc0\x2a"
"\x18\x22\x41\xb2\x88\x9c\x00\x12\x82\x43\x41\xb4\x69\xc2\x45\x04"
"\x06\x64\x60\x81\xaf\x0d\x03\x36\x0c\x82\x01\x15\x84\x1e\xa8\x61"
"\x20\xb1\x61\x30\xa0\x82\xf0\x03\x35\x0c\xc8\x80\x0d\x83\x01\x15"
"\x83\x6b\x42\x6a\x18\x28\x6c\x18\xa0\xc1\x16\x91\x43\x01\xc1\x28"
"\xb8\x45\x04\x51\x20\x30\x0a\x70\x11\x39\x14\x08\x9c\x90\x73\x44"
"\x40\xa0\x80\x25\x12\x0c\x24\xf4\x22\x72\x28\x18\x18\x05\xbe\x88"
"\x20\x0a\x04\x46\xc1\x2f\x22\x87\x02\x81\x4b\x58\x22\xc1\x78\x6e"
"\x18\xc0\x61\xf0\x06\x44\x2d\x91\x81\xa8\x00\x50\x95\x0c\xb2\xe6"
"\x60\x88\x00\xf7\x86\xc1\x80\x8a\x81\x70\xc3\x20\x79\xc3\x60\x40"
"\xc5\x40\x9f\x90\x1b\x06\x67\xf0\x86\xc1\x80\x8a\xc1\x3e\x21\x37"
"\x0c\xc6\xe0\x0d\x83\x01\x15\x04\xe4\x86\x41\xf5\x86\x41\x22\xe4"
"\x11\x01\x81\x15\x10\x20\x50\xe0\x12\x09\x46\x5c\x20\x24\x06\x09"
"\x82\x80\x8a\x77\x44\x0e\x05\x06\xa3\x00\x1e\x11\x44\x81\xc0\x28"
"\x88\x47\xe4\x50\x20\x70\x99\x4b\x24\x18\x2a\x08\x00\x21\x01\xab"
"\x60\x88\x04\xf1\x23\x72\x02\x48\x08\x0e\x05\xd1\xa6\x49\x24\x11"
"\x18\x90\x81\x05\x3e\x38\x0c\xde\x30\x08\x06\x54\x0c\x3e\x0a\xb5"
"\x61\x60\xbc\x61\x40\x46\x13\x09\x82\x0c\x60\x12\x01\xdf\x1c\x06"
"\x71\x18\x04\x43\x0c\x0c\x29\x04\xc1\x80\x4a\x4b\xc4\x25\x91\x35"
"\x20\xa5\x89\x04\x41\x06\x32\x89\x80\x6f\x0e\x03\x39\x0c\x82\x21"
"\x06\x86\x14\x82\x60\x40\xad\x25\xd2\x92\x48\xe1\xe6\x30\x18\x62"
"\x50\x40\x21\x08\x06\x46\x5f\x22\x6d\xe0\x46\x89\xa0\x26\x42\x0c"
"\x19\xc8\x24\x62\x3e\x3b\x0c\xea\x30\x08\xc8\x69\x22\xc4\x20\xa3"
"\x89\x10\xc3\xe1\x61\x40\x48\x13\x21\x06\x51\x4d\x84\x18\xe4\x35"
"\x91\x81\xa8\x00\x50\x35\x0c\xb2\x92\x21\x02\xdc\x1d\x06\x03\x2a"
"\x06\xc2\x0e\x83\xe4\x0e\x83\x01\x15\x83\x9f\x42\x76\x18\x9c\xc1"
"\x1d\x06\x03\x2a\x06\x50\x85\xec\x30\x18\x83\x3b\x0c\x06\x54\x10"
"\x92\x1d\x06\xd5\x1d\x06\x89\xb8\x49\x04\x04\x56\x40\x80\x40\xa9"
"\x4d\x24\x18\x71\x81\x90\x18\x24\x08\x02\x2a\x68\x12\x39\x14\x18"
"\x8c\x82\x9a\x44\x10\x05\x02\xa3\xc0\x26\x91\x43\x81\xc0\x05\x37"
"\x91\x60\xa8\x20\x00\x84\x04\xac\x82\x21\x12\x14\x96\xc8\x09\x20"
"\x21\x38\x14\x44\x9b\xa6\xb3\x44\x60\x40\x06\x16\xf8\xf0\x30\xb8"
"\xc3\x20\x18\x50\x41\xe8\x41\x1d\x06\xd2\x1d\x06\x03\x2a\x08\x3f"
"\xa8\xc3\x80\x0c\xee\x30\x18\x50\x31\xb0\x2b\x54\x87\x81\x72\x87"
"\x01\x1a\xca\x12\x39\x14\x10\x8c\x02\xb3\x44\x10\x05\x02\xa3\xe0"
"\x2c\x91\x43\x81\xc0\x09\xb1\x4b\x04\x04\xca\x7b\x22\xc1\x40\x02"
"\x5b\x22\x87\x82\x81\x51\xd0\x96\x08\xa2\x40\x60\x14\xb8\x25\x72"
"\x28\x10\xb8\xc0\x27\x12\x8c\x97\x87\xc1\x1e\x06\x6f\x30\xa0\x82"
"\x88\xf2\x30\x10\x59\x08\x0f\x83\x01\x15\x44\x93\x87\x01\x81\x87"
"\x01\x0a\xe8\x12\x39\x14\x08\x8c\x82\xba\x44\x10\x05\x02\xa3\xc0"
"\x2e\x91\x43\x81\xc0\x09\x41\x4d\x04\x06\x64\x90\x07\xe0\xd3\xc3"
"\x20\x0f\x83\x00\xe9\x41\x04\x05\x44\x91\x60\x94\xfd\x44\x88\xe1"
"\xf6\x30\x18\x62\x50\x40\x21\x08\x06\x06\x7e\x22\x99\x1b\x25\x02"
"\xa2\x08\x31\x08\x7f\x22\xc4\x40\xc1\x5f\x22\x87\x02\x81\x51\x00"
"\x9a\x08\xa2\x40\x60\x14\x84\x26\x72\x28\x10\x18\x05\xa5\x89\x1c"
"\x0a\x04\x46\x81\x69\x22\x88\x02\x81\x51\x70\x9a\xc8\xa1\x40\x60"
"\x14\xac\x26\x72\x28\x10\x18\x05\xac\x89\x20\x0a\x04\x46\x41\x6b"
"\x22\x87\x02\x81\x51\x10\x9b\xc8\xa1\x40\x60\x14\xc8\x26\x82\x28"
"\x10\x18\x05\xb3\x89\x1c\x0a\x04\x46\xc1\x6d\x22\x87\x02\x81\x51"
"\x80\x9b\x08\xa2\x40\x60\x14\xe4\x26\x72\x28\x10\x18\x81\xc1\x6e"
"\x22\x50\xc2\x14\x09\x46\xe1\x51\x44\x18\x83\x0c\x04\x23\x70\xa3"
"\x44\xc2\x14\x21\x06\xe9\x51\x84\x18\x28\x00\x4f\xe4\x50\x20\x30"
"\x0a\xc2\x13\x41\x14\x08\x8c\x02\xf1\x44\x0e\x05\x02\x27\x24\x3e"
"\x11\x10\x40\xc2\x79\x22\x87\x82\x81\x51\x80\x9e\x08\xa2\x40\x60"
"\x14\xa4\x27\x72\x28\x10\xb8\xac\x29\x12\x0c\x32\xa7\x08\x31\x64"
"\xd0\x9f\x88\x49\xec\x14\x19\xc8\xf3\xc3\x00\x14\x03\x41\x05\x80"
"\xaa\x65\x90\x55\x0c\x11\xe0\xfe\x30\x18\x50\x31\x10\x7e\x18\x24"
"\x7f\x18\x0c\xa8\x18\x58\x18\xf2\xc3\xe0\x0c\xfe\x30\x18\x50\x31"
"\xb8\x30\xe4\x87\xc1\x18\xfc\x61\x30\xa0\x82\xa0\xfc\x30\xa8\xfe"
"\x30\x48\x84\x7f\x22\x20\xb0\x02\x02\x04\x0a\x9f\x22\xc1\x88\x0b"
"\x84\xc4\x20\x41\x10\x50\xb1\x9f\xc8\xa1\xc0\x60\x14\xf0\x27\x82"
"\x28\x10\x18\x05\xfd\x89\x1c\x0a\x04\x2e\x7f\x8a\x04\x43\x05\x01"
"\x20\x24\x60\x15\x0c\x91\x20\x14\x45\x4e\x00\x09\xc1\xa1\x20\xda"
"\x34\xb9\x28\x02\x03\x32\xb0\xc0\x07\x8a\xc1\x1f\x06\xc1\x80\x0a"
"\x42\x0f\xfa\x30\x90\xfe\x30\x18\x50\x41\xa0\x42\x1f\x06\x64\xf0"
"\x87\xc1\x80\x8a\x41\x8f\xa1\x3e\x0c\x94\x3f\x0c\xd0\xc0\xa2\xc8"
"\xa1\x80\x60\x14\xb4\x28\x82\x28\x10\x18\x05\x2e\x8a\x1c\x0a\x04"
"\x4e\x48\x8f\x22\x20\x80\x84\x19\x45\x0e\x05\x03\xa3\x80\x46\x11"
"\x44\x81\xc0\x28\xa8\x51\xe4\x50\x20\x70\xb9\x55\x24\x18\x2f\x14"
"\x83\x51\x0c\xd6\x40\xa9\x01\xa0\x0a\x19\x64\xb9\xc1\x10\x01\x4e"
"\x14\x83\x01\x15\x03\x11\x8a\x41\x22\x8a\xc1\x80\x8a\xc1\x97\xa1"
"\x50\x0c\xce\x40\x14\x83\x01\x15\x03\x38\x43\xa1\x18\x8c\x81\x28"
"\x06\x03\x2a\x08\x27\x14\x83\x4a\x14\x83\x44\x9c\x29\x02\x02\x2b"
"\x20\x40\xa0\x94\x2b\x12\x8c\xb8\x40\x48\x0c\x12\x04\x01\x15\x64"
"\x8a\x1c\x0a\x0c\x46\x41\x99\x22\x88\x02\x81\x51\x60\xa6\xc8\xa1"
"\x40\xe0\x82\xae\x48\x30\x54\x10\x00\x42\x02\x56\xc1\x10\x09\x8a"
"\x53\xe4\x04\x90\x10\x1c\x0a\xa2\x4d\xd3\x9d\x22\x30\x20\x03\x0b"
"\x7c\xa3\x18\x88\x62\x10\x0c\xa8\x20\xe8\x00\x14\x03\x49\x14\x83"
"\x01\x15\x84\x28\x80\x62\x40\x06\xa2\x18\x0c\xa8\x18\x58\x1a\x02"
"\xc5\x40\x11\xc5\x00\x0d\x75\x8a\x1c\x0a\x08\x46\x81\x9d\x22\x88"
"\x02\x81\x51\x70\xa7\xc8\xa1\x40\xe0\x84\x98\x2a\x02\x02\x48\xe0"
"\x53\xe4\x50\x30\x30\x0a\xfa\x14\x41\x14\x08\x8c\x02\x3f\x45\x0e"
"\x05\x02\x17\x90\x45\x82\xf1\x48\x31\x30\xc5\x80\x16\xd4\x2c\x00"
"\xaa\x90\x41\xd6\x2d\x0c\x11\xe0\x4a\x31\x18\x50\x31\x10\xa4\x18"
"\x24\xa5\x18\x0c\xa8\x18\xe0\x1a\x22\xc5\xe0\x0c\x4a\x31\x18\x50"
"\x31\xc8\x35\x44\x8a\xc1\x18\x94\x62\x30\xa0\x82\x70\x48\x31\xa8"
"\x4a\x31\x48\x04\xac\x22\x20\xb0\x02\x02\x04\x8a\xcb\x22\xc1\x88"
"\x0b\x84\xc4\x20\x41\x10\x50\xd1\xaa\xc8\xa1\xc0\x60\x14\xb8\x2a"
"\x82\x28\x10\x18\x05\xaf\x8a\x1c\x0a\x04\x2e\x31\x8b\x04\x43\x05"
"\x01\x20\x24\x60\x15\x0c\x91\x20\x5d\x45\x4e\x00\x09\xc1\xa1\x20"
"\xda\x34\x81\x2b\x02\x03\x32\xb0\xc0\x67\x8a\x41\x29\x06\xc1\x80"
"\x0a\x82\x0e\x46\x31\x90\x4a\x31\x18\x50\x41\x88\xc2\x28\x06\x64"
"\x50\x8a\xc1\x80\x8a\xc1\xb7\xa1\x51\x0c\x94\x52\x0c\xd0\xe0\xab"
"\xc8\xa1\x80\x60\x14\xfc\x2a\x82\x28\x10\x18\x05\xe0\x8a\x1c\x0a"
"\x04\x4e\xc8\xbb\x22\x20\x80\x84\x72\x45\x0e\x05\x03\xa3\xc0\x5c"
"\x11\x44\x81\xc0\x28\x38\x57\xe4\x50\x20\x70\x49\x5b\x24\x18\x8a"
"\x1f\x00\x7d\xa7\x18\xa4\x62\xe0\x0f\x0a\x19\x64\x81\xc4\x10\x01"
"\x0e\x15\x83\x01\x15\x03\x71\x8a\x41\x82\x8a\xc1\x80\x8a\x41\xc4"
"\xa1\x53\x0c\xce\x00\x15\x83\x01\x15\x03\x89\x43\xa7\x18\x8c\x01"
"\x2a\x06\x03\x2a\x08\xe7\x14\x83\x0a\x15\x83\x44\xe4\x2b\x02\x02"
"\x2b\x20\x40\xa0\xdc\x2d\x12\x8c\xb8\x40\x48\x0c\x12\x04\x01\x15"
"\xf6\x8a\x1c\x0a\x0c\x46\xc1\xbd\x22\x88\x02\x81\x51\x80\xaf\xc8"
"\xa1\x40\xe0\xa2\xb7\x48\x30\x54\x10\x00\x42\x02\x56\xc1\x10\x09"
"\x1a\x59\xe4\x04\x90\x10\x1c\x0a\xa2\x4d\x53\xca\x22\x30\x20\x03"
"\x0b\x7c\xa9\x18\xa0\x62\x10\x0c\xa8\x20\xe8\xc0\x14\x03\x09\x15"
"\x83\x01\x15\x84\x28\x98\x62\x40\x06\xa8\x18\x0c\xa8\x18\xe0\x1c"
"\x32\xc5\x40\x41\xc5\x00\x0d\x27\x8b\x1c\x0a\x08\x46\x01\xca\x22"
"\x88\x02\x81\x51\x90\xb2\xc8\xa1\x40\xe0\x84\xe0\x2c\x02\x02\x48"
"\x70\x59\xe4\x50\x30\x30\x0a\x5e\x16\x41\x14\x08\x8c\x02\x98\x45"
"\x0e\x05\x02\x17\xd9\x45\x82\xa1\x8e\x41\x52\xc0\xb3\x08\x08\xac"
"\x80\x00\x81\xa2\xbb\x48\x30\xe2\x02\x81\x0d\x06\x12\x04\x01\x19"
"\x39\x8b\x1c\x0a\x0e\x46\x81\xce\x22\x88\x02\x81\x51\xb0\xb3\xc8"
"\xa1\x40\xe0\xd2\xbb\x48\x30\x54\x10\x00\x42\x02\x56\xc1\x10\xc9"
"\x39\x5b\x04\x04\x56\x40\x80\x40\x39\x5f\x24\x18\x71\x81\x90\x07"
"\x0f\x09\x82\x80\x10\xb3\x45\x0e\x05\x09\xa3\xe0\x6c\x11\x44\x81"
"\xc0\x28\x40\x5b\xe4\x50\x20\x70\x51\x5f\x24\x18\x2a\x08\x00\x21"
"\x01\xab\x60\x88\x14\x80\x2c\x72\x03\x29\x78\x36\x20\x75\x75\x8b"
"\x80\xc0\x0a\x08\x10\x28\xf6\x8b\x04\x23\x2e\x10\x50\x21\x22\x41"
"\x10\x90\x52\xb7\xc8\xa1\x60\x61\x14\xd8\x2d\x82\x28\x10\x18\x05"
"\x77\x8b\x1c\x0a\x04\x2e\xf9\x8b\x04\x43\x05\x01\x20\x24\x60\x15"
"\x0c\x91\x02\xbb\x45\x6e\x20\x05\xcf\x06\xa0\x3d\xa0\x53\x04\x0a"
"\x09\x23\xc1\x88\x0b\x04\x5b\x80\x48\x10\x04\x94\x8c\x2e\x72\x28"
"\x50\x18\x05\xa4\x8b\x20\x0a\x04\x46\x41\xe9\x22\x87\x02\x81\xcb"
"\x09\x23\xc1\x50\x41\x00\x08\x09\x58\x05\x43\xa4\xc0\x56\x91\x1b"
"\x48\x81\xb3\x01\x2b\x20\x20\x80\xdc\x30\x32\x90\xa7\x8a\x81\x2d"
"\x06\xe2\x81\x02\x9e\x00\x15\x00\xba\xca\x63\x88\x00\x69\x1e\xe0"
"\x8b\x90\x6f\x16\x83\x55\x0c\x02\x79\x1e\xb7\x8b\x90\x0f\x16\x03"
"\x56\x0c\x02\x34\x94\x2d\xa2\xae\x15\x83\x01\x15\x03\xec\x43\xac"
"\x18\x4c\xad\x18\x0c\xa8\xb8\x58\x1d\x62\xc5\x60\x6a\xc5\x60\x40"
"\xc5\xc5\xea\x10\x2b\x06\x4d\x2b\x06\x11\x81\x80\x0c\x24\xf8\x82"
"\x0a\xae\x48\x45\xda\x22\x27\x80\x84\xe0\x50\x60\x6c\x4a\x6e\x17"
"\x81\x00\x94\xb0\x2d\x02\x52\x60\xc0\xe7\x8a\x41\x2b\x06\xc1\x10"
"\x83\x02\x08\x41\x30\xc0\xf0\x17\x21\xa4\x13\x81\xaf\x16\x83\x57"
"\x0c\x82\x88\x40\x98\x1e\x34\xc1\x2d\xa2\x32\xc0\x5f\x04\x7c\xb3"
"\x18\xc0\x62\x10\x0c\xa8\x18\xc8\xe0\x15\x03\xf9\x87\x56\x31\x18"
"\x50\x31\x30\xaf\x18\xd0\x3f\xb4\x8a\x01\xba\x7a\x17\xd1\x88\x40"
"\xc8\x82\x71\x0c\x74\x8b\x0c\xfd\x8b\x8c\x63\xa0\x5b\xa4\xf0\x5f"
"\x64\x20\x43\x50\xb7\xc8\xef\x22\x29\xa8\x5b\x64\x03\x5c\x2c\x06"
"\x03\x2a\x06\x08\x16\x83\x29\x16\x83\x01\x15\x19\x01\x8b\xc1\x14"
"\x8b\xc1\x80\x8a\x8c\x81\xc5\xa0\x89\xc5\x20\x22\x10\xc2\x60\x20"
"\x41\x18\x54\x90\x45\x2a\xf6\x16\x39\x01\x24\x04\x87\x02\x63\x53"
"\x82\xbe\x08\x04\xa0\xc4\x6f\x11\x90\x42\x04\x3e\x59\x0c\x62\x31"
"\x08\x86\x18\x14\x40\x08\x82\x81\x06\xc3\x08\x21\x27\x35\x00\x5f"
"\x2d\x06\xb3\x18\x04\x03\x3a\x06\x1f\x8c\x54\x31\x80\x85\x57\x0c"
"\xd0\x40\x16\x83\x01\x1d\x03\x18\x46\xaa\x18\xe0\xc1\x2b\x06\x86"
"\x2c\x06\x03\x3a\x00\x5e\x50\xc5\xc0\x0e\x5e\x31\x50\x03\x59\x0c"
"\x1c\x2d\x06\x03\x2a\x86\x89\x16\x03\x63\x16\x83\x01\x15\x43\x43"
"\x8b\x81\x31\x8b\xc1\x80\x0a\xa0\xa1\xc5\xc0\x98\xc5\x80\x04\x41"
"\x50\xc1\x10\xa9\x48\x61\xe4\x04\x90\x10\x1c\x0a\x8c\x8d\x0f\x04"
"\xe3\x85\x91\x94\xc0\x30\x02\x03\x32\xc0\x03\xf0\xd5\x62\x40\x8b"
"\x41\x30\xa0\x63\x90\x05\x57\x0c\xc0\x40\x16\x03\x84\x16\x03\x15"
"\x00\xea\x6c\x31\x18\x50\x01\xe8\x61\x94\x8a\x81\x50\x8b\x81\xfa"
"\x03\x40\xe3\x03\x21\x90\x8b\xf8\x40\x10\x54\x62\x88\x81\x41\x81"
"\x20\x18\x20\xaa\x8c\xa4\x30\xf2\xaf\xc8\x60\x16\x62\x14\x76\x31"
"\xe0\x83\x5b\x0c\xfe\x00\x17\x83\x3e\xc8\xc5\xc0\x0f\x74\x31\x20"
"\x42\x10\x88\x10\x84\xe1\x06\x89\x21\x04\x80\x11\x18\x40\x30\x34"
"\x21\x00\x86\x26\x08\x41\x21\x59\x44\x20\x6e\x17\x03\x72\x9c\x82"
"\x1c\xa7\x18\x6e\x90\x2c\x42\x00\x18\x81\x01\x08\x43\x13\x02\x60"
"\x68\x82\x10\x94\x94\x45\x04\xe2\x76\x31\x20\x0c\x31\x08\x43\x8c"
"\xe1\x06\x09\x24\x04\x80\x11\x18\xc0\x30\x34\x21\x00\x86\x26\x08"
"\x41\x71\x59\x44\x20\x6e\x17\x03\x12\x0d\x84\x44\x03\x19\x6e\x90"
"\x54\x42\x00\x18\x81\x01\x10\x43\x13\x02\x60\x68\x82\x10\x94\x99"
"\x45\x04\xe2\x76\x31\x18\xd0\xe2\x80\xc1\x2d\x06\x16\x2e\x06\x4c"
"\x2e\x06\x82\x2e\x06\xae\x0f\xd9\x62\x40\xdc\x19\x19\x88\x0a\x00"
"\x8d\x0f\x84\xa0\x47\x86\x18\x20\x15\x08\x82\xc1\x83\xcb\x48\x70"
"\xb3\x08\x2f\xac\x2f\xa2\x88\x20\x88\x3c\x23\x03\x41\xbe\x00\x26"
"\x80\x02\x01\x54\x00\x68\x09\x8a\x30\xc4\xc0\xa0\x40\x10\x0c\x10"
"\x73\x46\xcc\x18\xe1\x59\xc4\x8d\x12\xa9\x67\x64\x20\x2a\x00\x94"
"\xcc\x33\x42\x8c\x14\xfc\x31\x02\x02\xa5\x9e\x91\x60\x28\x61\x90"
"\xb8\x40\x20\x02\x12\x04\x81\xcc\x33\x42\x0c\x14\xd8\x31\x72\x28"
"\x10\x18\x05\x77\x8c\x20\x0a\x04\x46\x01\x1e\x23\x87\x02\x81\x55"
"\x10\x00\x4a\x02\x46\x83\x1f\x23\x87\x02\x82\x51\xf0\xc7\x08\xa2"
"\x40\x60\x14\x80\x32\x72\x28\x10\x38\x51\x25\x8c\x80\x00\x12\x4a"
"\x19\x39\x14\x0c\x8c\x02\x53\x46\x10\x05\x02\xa3\xe0\x94\x91\x43"
"\x81\xc0\x25\xa5\x91\x60\x90\x98\x46\x88\x21\x83\x5d\x46\xcc\xd7"
"\x8b\xc1\x2f\x06\x81\x4a\x06\x59\xc3\x10\x01\xce\x17\x83\x01\x15"
"\x03\xd1\x8b\x41\xe2\x8b\xc1\x80\x8a\x81\x34\xa3\x5e\x0c\xce\xc0"
"\x17\x83\x01\x15\x83\x69\x46\xbd\x18\x8c\x81\x2f\x06\x03\x2a\x08"
"\xa8\x17\x83\xca\x17\x83\x44\xe8\x32\x02\x02\x2b\x20\x40\xa0\xe0"
"\x34\x12\x8c\xb8\x40\x30\x03\x83\x04\x41\x40\xc5\x2d\x23\x87\x02"
"\x83\x51\x80\xcb\x08\xa2\x40\x60\x14\xe4\x32\x72\x28\x10\xb8\xec"
"\x34\x12\x0c\x15\x04\x80\x90\x80\x55\x30\x44\x82\xc8\x19\x39\x01"
"\x24\x04\x87\x82\x68\xd3\xa4\xce\x08\x0c\xc8\xc0\x02\xdf\x2f\x06"
"\xbe\x18\x04\x03\x2a\x08\x3b\xe0\xc5\x40\xf2\xc5\x60\x40\x05\x41"
"\x0a\xbc\x18\x90\x81\x2f\x06\x03\x2a\x06\xf9\x8c\x78\x31\x50\x7c"
"\x31\x40\x03\x3a\x23\x87\x02\x82\x51\x90\xce\x08\xa2\x40\x60\x14"
"\xa8\x33\x72\x28\x10\x38\x21\xf9\x8c\x80\x00\x12\xde\x19\x39\x14"
"\x0c\x8c\x02\x78\x46\x10\x05\x02\xa3\x20\x9e\x91\x43\x81\xc0\x65"
"\xae\x91\x60\x3c\x70\x0c\xc4\x31\x48\x03\x75\x0c\xb2\xd6\x60\x88"
"\x00\x17\x8e\xc1\x80\x8a\x81\x00\xc7\x20\x09\xc7\x60\x40\xc5\x40"
"\xa3\x11\x38\x06\x67\x10\x8e\xc1\x80\x8a\xc1\x46\x23\x70\x0c\xc6"
"\x20\x1c\x83\x01\x15\x04\x03\x8e\x41\x15\x8e\x41\x22\x44\x1a\x01"
"\x81\x15\x10\x20\x50\x40\x1b\x09\x46\x5c\x20\xb8\x82\x41\x82\x20"
"\xa0\xe2\x9f\x91\x43\x81\xc1\x28\x00\x69\x04\x51\x20\x30\x0a\x42"
"\x1a\x39\x14\x08\x5c\x46\x1b\x09\x86\x0a\x02\x40\x48\xc0\x2a\x18"
"\x22\x41\x2c\x8d\x9c\x00\x12\x82\x43\x41\xb4\x69\x92\x69\x04\x06"
"\x64\x60\x81\x4f\x1c\x83\x70\x0c\x82\x01\x15\x84\x1c\xfc\x62\x20"
"\x85\x63\x30\xa0\x82\x00\x85\x5f\x0c\xc8\x20\x1c\x83\x01\x15\x83"
"\xa8\x46\xbf\x18\x28\xe1\x18\xa0\x01\xa6\x91\x43\x01\xc1\x28\x88"
"\x69\x04\x51\x20\x30\x0a\x64\x1a\x39\x14\x08\x9c\x90\xb0\x46\x40"
"\x00\x09\x37\x8d\x1c\x0a\x06\x46\x01\x4e\x23\x88\x02\x81\x51\x90"
"\xd3\xc8\xa1\x40\xe0\xb2\xdb\x48\x30\xde\x38\x06\xe5\x18\xc4\x82"
"\x3a\x06\x59\xb3\x30\x44\x80\x23\xc7\x60\x40\xc5\x40\x8c\x63\x90"
"\x90\x63\x30\xa0\x62\x20\xd7\x68\x1c\x83\x33\x20\xc7\x60\x40\xc5"
"\x60\xae\xd1\x38\x06\x63\x40\x8e\xc1\x80\x0a\x82\x19\xc7\xa0\x22"
"\xc7\x20\x11\x6a\x8d\x80\xc0\x0a\x08\x10\x28\xe8\x8d\x04\x23\x2e"
"\x10\xec\xc1\x20\x41\x10\x50\x71\xd6\xc8\xa1\xc0\x60\x14\xa0\x35"
"\x82\x28\x10\x18\x05\x69\x8d\x1c\x0a\x04\x2e\xeb\x8d\x04\x43\x05"
"\x01\x20\x24\x60\x15\x0c\x91\x20\xba\x46\x4e\x00\x09\xc1\xa1\x20"
"\xda\x34\xe9\x35\x02\x03\x32\xb0\xc0\x57\x8e\x01\x39\x06\xc1\x80"
"\x0a\x42\x0e\xc4\x31\x90\xc8\x31\x18\x50\x41\x80\x82\x38\x06\x64"
"\x40\x8e\xc1\x80\x8a\x41\x66\x23\x71\x0c\x14\x72\x0c\x92\x60\xda"
"\x08\x08\x20\x22\xaf\x91\x43\x41\xc1\x28\xd0\x6b\x04\x51\x20\x30"
"\x0a\xf6\x1a\x39\x14\x08\x5c\xfa\x1b\x09\x86\x3a\x06\x49\xc1\x69"
"\x23\x20\xb0\x02\x02\x04\x4a\x89\x23\xc1\x88\x0b\x84\x99\x18\x48"
"\x10\x04\x64\x90\x36\x72\x28\x38\x18\x05\xa5\x8d\x20\x0a\x04\x46"
"\x81\x69\x23\x87\x02\x81\x0b\x8a\x23\xc1\x50\x41\x00\x08\x09\x58"
"\x05\x43\x24\x47\xb6\x11\x10\x58\x01\x01\x02\x45\xc6\x91\x60\xc4"
"\x05\x02\x58\x3c\x24\x08\x02\x42\x62\x1b\x39\x14\x24\x8c\x02\xd9"
"\x46\x10\x05\x02\xa3\x60\xb6\x91\x43\x81\xc0\xa5\xc6\x91\x60\xa8"
"\x20\x00\x84\x04\xac\x82\x21\x52\xb0\xd6\xc8\x0d\xa4\xe0\xd9\x80"
"\xd4\x81\x37\x02\x02\x2b\x20\x40\xa0\x84\x39\x12\x8c\xb8\x40\x78"
"\x8b\x88\x04\x41\x40\x0a\x78\x23\x87\x82\x85\x51\x10\xde\x08\xa2"
"\x40\x60\x14\x88\x37\x72\x28\x10\xb8\x90\x39\x12\x0c\x15\x04\x80"
"\x90\x80\x55\x30\x44\x0a\xc2\x1b\xb9\x81\x14\x3c\x1b\x80\xea\x20"
"\xbd\x11\x28\x6f\x8e\x04\x23\x2e\x10\xfa\x02\x22\x41\x10\x50\xe2"
"\xde\xc8\xa1\x40\x61\x14\xbc\x37\x82\x28\x10\x18\x05\xf0\x8d\x1c"
"\x0a\x04\x2e\x72\x8e\x04\x43\x05\x01\x20\x24\x60\x15\x0c\x91\x82"
"\x90\x46\x6e\x20\x05\xce\x06\xac\x80\x80\x00\x22\xea\xc8\x40\x9e"
"\x39\x06\xf2\x18\xbc\x05\x0a\xd8\x01\x54\x00\xe8\x92\x8b\x21\x02"
"\xe4\x5c\xac\x38\x42\xbe\x77\x0c\xce\x31\x08\x24\x5d\x88\x38\x42"
"\x3e\x76\x0c\xd0\x31\x08\xd0\x00\xdb\x88\xba\x74\x0c\x06\x54\x0c"
"\x66\x1c\xa1\x63\x30\xa5\x63\x30\xa0\xe2\x12\xdb\x08\x1d\x83\x29"
"\x1d\x83\x01\x15\x97\xd8\x46\xe8\x18\x34\xe9\x18\x44\x04\x02\x32"
"\x90\xe0\x0b\x2a\xb8\x22\x15\xb4\x8d\x9c\x00\x12\x82\x43\x81\xb1"
"\x29\x11\x71\x04\x02\x50\x72\xdb\x08\x48\x81\x01\x9f\x3a\x06\xe9"
"\x18\x04\x43\x0c\x0a\x20\x04\xc1\x00\x1b\x73\x84\x90\x4e\x04\xbe"
"\x78\x0c\xd6\x31\x08\x22\x02\x61\x7a\xd0\xb4\xdb\x88\xca\x60\xcc"
"\x11\xf0\xbd\x63\xc0\x8e\x41\x30\xa0\x62\x20\x83\x75\x0c\x50\x39"
"\x3a\xc7\x60\x40\xc5\xc0\xac\x63\xa0\xca\xd1\x39\x06\xe8\x42\x71"
"\x44\x23\x02\x21\x0b\xc6\x31\xfc\x36\x32\xa0\x39\x32\x8e\xe1\xb7"
"\x91\x22\xcd\x91\x81\x0c\x01\x78\x23\x2a\x8e\xa4\x00\xbc\x91\x0d"
"\x70\xed\x18\x0c\xa8\x18\x20\x76\x0c\xa6\x76\x0c\x06\x54\x64\x04"
"\x3b\x06\x53\x3b\x06\x03\x2a\x32\x86\x1d\x83\xa6\x1d\x83\x88\x40"
"\x08\x83\x81\x04\x61\x50\x41\x16\xa9\x30\x6f\xe4\x04\x90\x10\x1c"
"\x0a\x8c\x4d\xc9\x8c\x23\x10\x80\x92\xf4\x46\x40\x0a\x11\xf8\xdc"
"\x31\x68\xc7\x20\x18\x62\x50\x00\x21\x08\x06\xda\x9e\x23\x84\x9c"
"\xd4\x00\x7c\xf1\x18\xbc\x63\x10\x0c\xe8\x18\xe8\x39\x32\xc7\x00"
"\x16\xd6\x31\x40\x03\x77\x0c\x06\x74\x0c\xf6\x1c\x99\x63\x80\x07"
"\xeb\x18\x18\xee\x18\x0c\xe8\x00\x78\xc1\x1c\x03\x3b\x58\xc7\x40"
"\x0d\xdc\x31\x70\xf0\x18\x0c\xa8\x18\x26\x78\x0c\x8c\x77\x0c\x06"
"\x54\x0c\x0d\x3c\x06\xc6\x3b\x06\x03\x2a\x80\x06\x1e\x03\xe3\x1d"
"\x03\x12\x04\x41\x05\x43\xa4\x82\xce\x91\x13\x40\x42\x70\x28\x30"
"\x36\x3e\x10\x0c\x3d\x47\x52\xb2\xe7\x08\x0c\xc8\x00\x0f\xc0\x17"
"\x8f\x01\x3c\x06\xc1\x80\x8e\x41\x16\xd4\x31\x00\x03\x77\x0c\x10"
"\x78\x0c\x54\x00\xa8\x93\xc7\x60\x40\x05\x00\xd3\x51\x39\x06\x42"
"\x3c\x06\xea\x0f\x00\x8d\x0f\x84\x60\x24\x86\x18\x18\x14\x08\x82"
"\x01\x42\xef\xc8\x9c\x23\x68\x8d\x0c\xe6\x20\x44\xa1\x24\x83\x3e"
"\x98\xc7\xc0\x0f\xf8\x31\x20\x01\x31\x06\xf3\x04\xff\xa1\x8f\x41"
"\x1e\xd0\x63\x20\x0a\xf5\x18\xf8\x82\x3d\x06\xbf\x70\x8f\x41\x38"
"\xe0\x63\x20\x0e\xf9\x18\x8c\x3d\x38\x88\x00\x00\x8c\x60\x70\xfb"
"\x18\x8c\x3d\x38\x0a\x21\x00\x8c\x60\x70\xfb\x18\x8c\x3d\x38\x8c"
"\x41\x00\x8c\x60\x70\xfb\x18\x8c\x3d\x38\x0e\x62\x00\x8c\x60\x70"
"\xfb\x18\x8c\x3d\x38\x90\xa2\x00\x8c\x60\x70\xfb\x18\x8c\x3d\x38"
"\x12\xc3\x00\x8c\x60\x70\xfb\x18\x8c\x3d\x38\x94\x23\x00\x8c\x60"
"\x70\xfb\x18\x0c\xe8\x21\x04\x7d\x0c\x1c\x7a\x0c\x98\x7a\x0c\x14"
"\x7b\x0c\x90\x7b\x0c\x0c\x7c\x0c\x88\x7c\x0c\x4a\x5c\x23\x01\x71"
"\x25\x19\x10\x65\x20\x83\x79\x02\x14\x19\xc9\x20\x0f\xfa\x31\x10"
"\x05\x7f\x0c\x7c\xe1\x1f\x83\x5f\x00\xc9\x20\x1c\x42\x32\x10\x07"
"\x91\x0c\xc6\x1e\x1c\x4d\x00\x00\x46\x40\x38\x92\x0c\xc6\x1e\x1c"
"\x8e\x10\x00\x46\x40\x38\x92\x0c\xc6\x1e\x1c\xcf\x20\x00\x46\x40"
"\x38\x92\x0c\xc6\x1e\x1c\x10\x31\x00\x46\x40\x38\x92\x0c\xc6\x1e"
"\x1c\x51\x51\x00\x46\x40\x38\x92\x0c\xc6\x1e\x1c\x92\x61\x00\x46"
"\x40\x38\x92\x0c\xc6\x1e\x1c\xd3\x11\x00\x46\x40\x38\x92\x0c\x06"
"\xf4\x0c\xc2\x48\x06\x4e\x3f\x06\x8c\x3f\x06\xca\x3f\x06\x08\x48"
"\x06\x46\x48\x06\x84\x48\x06\x45\xaf\x91\x80\xb8\x92\x0c\x48\xcd"
"\x23\x03\x51\x01\xa0\xf1\x81\x10\xa0\xc7\x10\x03\xa4\x02\x41\x30"
"\x78\xfe\x1d\x09\xfa\x1a\xc1\x05\x19\x47\x86\x18\x18\x14\x08\x82"
"\x01\x82\xf2\x08\xaa\x23\x7d\x8d\xb8\x51\x22\x33\x8f\x10\x83\xbc"
"\x3c\x42\x0c\x14\xc8\x3a\x72\x28\x10\x18\x05\xb3\x8e\x20\x0a\x04"
"\x46\x01\xad\x23\x87\x02\x81\x13\x32\xee\x08\x08\x20\x21\xd7\x91"
"\x43\xc1\xc0\x28\xd0\x75\x04\x51\x20\x30\x0a\x76\x1d\x39\x14\x08"
"\x5c\x7a\x1e\x09\x06\x29\x7b\x84\x18\x32\x78\x77\xc4\x24\x68\x8f"
"\x0c\xe4\x9d\x64\x90\x92\x81\xa0\x02\x40\xd5\x32\xc8\x2a\x86\x08"
"\x70\x28\x19\x0c\xa8\x18\x88\x93\x0c\x12\x94\x0c\x06\x54\x0c\xf0"
"\x1d\x9d\x64\x70\x06\x28\x19\x0c\xa8\x18\xe4\x3b\x3a\xc9\x60\x0c"
"\x50\x32\x18\x50\x41\x50\x27\x19\x54\x28\x19\x24\x02\xde\x11\x10"
"\x58\x01\x01\x02\xc5\xed\x91\x60\xc4\x05\x42\x62\x90\x20\x08\xa8"
"\x68\x77\xe4\x50\x60\x30\x0a\xdc\x1d\x41\x14\x08\x8c\x82\x77\x47"
"\x0e\x05\x02\x97\xb8\x47\x82\xa1\x82\x00\x10\x12\xb0\x0a\x86\x48"
"\x90\xbe\x23\x27\x80\x84\xe0\x50\x10\x6d\x9a\x40\x1e\x81\x01\x19"
"\x58\xe0\x4b\xc9\x00\x25\x83\x60\x40\x05\xa1\x07\x26\x19\x48\x28"
"\x19\x0c\xa8\x20\x50\xc1\x24\x03\x32\x40\xc9\x60\x40\xc5\xe0\xe3"
"\x91\x49\x06\x0a\x4a\x06\x68\xf0\x77\xe4\x50\x40\x30\x0a\xfe\x1d"
"\x41\x14\x08\x8c\x02\x90\x47\x0e\x05\x02\x27\xe4\xe5\x11\x10\x40"
"\x42\xc9\x23\x87\x82\x81\x51\x60\xf2\x08\xa2\x40\x60\x14\x9c\x3c"
"\x72\x28\x10\xb8\xa4\x3e\x12\x0c\xa5\x06\x80\x3e\x95\x0c\x56\x32"
"\x60\x03\x85\x0c\xb2\xdc\x60\x88\x00\xc7\x92\xc1\x80\x0a\x02\x49"
"\xc9\x60\x35\x58\x32\x18\x50\x41\x58\x29\x19\xe4\x05\x4b\x06\x03"
"\x2a\x06\x52\x8f\x52\x32\x98\x0d\x96\x0c\x94\x30\x48\x0a\x72\x1e"
"\x01\x81\x15\x10\x20\x50\x6e\x1f\x09\x46\x5c\x20\x24\x03\x09\x82"
"\x80\x10\x9b\x47\x0e\x05\x09\xa3\xe0\xe6\x11\x44\x81\xc0\x28\xc0"
"\x79\xe4\x50\x20\x70\xd1\x7d\x24\x18\x2a\x08\x00\x21\x01\xab\x60"
"\x88\xe4\x90\x3d\x02\x02\x2b\x20\x40\xa0\x90\x3f\x12\x8c\xb8\x40"
"\xb0\x1e\x12\x04\x01\x21\x63\x8f\x1c\x0a\x12\x46\x01\xd9\x23\x88"
"\x02\x81\x51\x50\xf6\xc8\xa1\x40\xe0\x72\xfe\x48\x30\x54\x10\x00"
"\x42\x02\x56\xc1\x10\x29\xe8\x77\xe4\x06\x52\xf0\x6c\x40\xea\xe4"
"\x1e\x01\x81\x15\x10\x20\x50\xe6\x1f\x09\x46\x5c\x20\x94\x41\x44"
"\x82\x20\x20\x45\xee\x91\x43\xc1\xc2\x28\x98\x7b\x04\x51\x20\x30"
"\x0a\xe8\x1e\x39\x14\x08\x5c\xec\x1f\x09\x86\x0a\x02\x40\x48\xc0"
"\x2a\x18\x22\x05\x73\x8f\xdc\x40\x0a\x9e\x0d\x40\x6e\xa0\xfa\x08"
"\x94\x10\x4c\x82\x11\x17\x08\x73\x00\x91\x20\x08\x28\x01\x7d\xe4"
"\x50\xa0\x30\x0a\x42\x1f\x41\x14\x08\x8c\x02\xd1\x47\x0e\x05\x02"
"\x17\x12\x4c\x82\xa1\x82\x00\x10\x12\xb0\x0a\x86\x48\xc1\xac\x23"
"\x37\x90\x02\x67\x03\x56\x40\x40\x00\xea\x03\xd5\x47\xa0\xc0\x60"
"\x12\x0c\x05\x0d\x12\x17\x08\xa3\x10\x90\x20\x08\x68\x81\x7d\xe4"
"\x50\xc0\x30\x0a\x62\x1f\x41\x14\x08\x8c\x02\xd9\x47\x0e\x05\x02"
"\x17\x1a\x4c\x82\xa1\x82\x00\x10\x12\x30\x4a\x05\x56\x47\xa0\xf0"
"\x60\x12\x0c\xd5\x0c\x12\x17\x08\xaf\x10\x90\x20\x08\xe8\xe0\x7d"
"\xe4\x50\x80\x30\x0a\x7a\x1f\x41\x14\x08\x8c\x02\xdf\x47\x0e\x05"
"\x02\x17\x30\x4c\x82\xa1\x82\x00\x10\x12\xb0\x6a\x88\x90\x4e\xec"
"\x23\xe2\x6b\xc9\xe0\x25\x83\x60\x40\xc5\x40\x17\x2a\x19\x24\x2c"
"\x19\x0c\xa8\x18\xe4\x3f\x52\xc9\xe0\x0c\x58\x32\x18\x50\x31\xd0"
"\x7f\xa4\x92\xc1\x18\xb0\x64\x30\xa0\x82\xf0\x0b\x95\x0c\x2a\x96"
"\x0c\x12\x11\xff\x08\x08\xac\x80\x00\x81\xf2\x86\x49\x30\xe2\x02"
"\x21\x1c\x0c\x12\x04\x01\x15\xee\x8f\x1c\x0a\x0c\x46\xc1\xfb\x23"
"\x88\x02\x81\x51\x00\xff\xc8\xa1\x40\xe0\x22\x87\x49\x30\x54\x10"
"\x00\x42\x02\x56\xc1\x10\x09\xda\x7f\xe4\x04\x90\x10\x1c\x0a\xa2"
"\x4d\x53\x08\x26\x30\x20\x03\x77\x00\xdf\x4a\x06\x2c\x19\x04\x09"
"\x7b\x77\x04\x04\x1c\x4c\x06\x08\x14\x32\x28\xa1\x98\x04\x63\xb0"
"\x41\xc1\x87\x49\xfd\xff\xff\xff\x0f\xc4\x00\xb8\x97\x0c\x88\x29"
"\x26\x03\x41\xc1\x3b\x80\x0a\x00\x25\x01\x40\x06\xd3\x10\x77\xf0"
"\x96\x01\x1f\xc4\x64\xf0\x07\x36\x19\xf4\xc1\x4e\x06\x7e\x00\x96"
"\xc1\x29\xa8\x65\x30\xa0\x82\x88\x60\x32\x10\x43\xa9\x25\x83\x01"
"\x15\x44\x03\x93\x01\x29\xb4\x64\x80\x02\x12\x4c\x0e\x05\x02\xa3"
"\xa0\x04\x13\x44\x81\xc0\x28\x30\xc1\xe4\x50\x20\x70\x42\x70\x30"
"\x81\x01\x99\x3c\xe0\x73\xc9\x00\x26\x83\x20\x3e\x10\x16\x9b\x47"
"\x48\x40\x10\x19\xb4\x3d\x62\x3e\x9a\x0c\x64\x32\x08\x92\xb0\x83"
"\x09\x08\x14\x22\x20\x73\x10\x79\x84\x0c\x78\x33\x19\xd0\x64\x10"
"\xc4\x07\x02\x24\xfe\x08\x09\x00\xa2\x8c\x41\xe2\x02\x41\x08\x5c"
"\x4d\x06\x84\x02\x48\x7c\x20\x04\xe7\x8f\x14\x2b\x20\xe4\x17\x93"
"\x81\xb8\x9a\x0c\x06\x54\x0c\x74\x30\x93\x81\x40\x93\xc1\x80\x0a"
"\x40\x99\xc9\x00\xa1\xc9\x80\x04\x04\x51\x41\x00\x8a\x00\x34\x3e"
"\x10\x02\xb0\x28\xc1\x10\x1c\x5d\x06\xf1\x81\xd0\xa1\x3d\x42\x02"
"\x82\xc8\xe0\xef\x11\xf3\xe5\x64\x70\x93\x41\x90\x84\x36\x4c\x40"
"\xa0\x10\x01\x99\x03\xcd\x23\x64\xc0\xc3\xc9\x20\x27\x83\x20\x3e"
"\x10\xc4\x80\xfe\x11\x12\x00\x44\x19\x83\xc4\x05\x82\x10\x38\x9d"
"\x0c\x88\x19\x00\x24\x3e\x10\x82\xfc\x47\x0a\x1a\x04\x84\xc4\x63"
"\x32\x10\xa7\x93\xc1\x80\x8a\x01\x17\x70\x32\x10\x72\x32\x18\x50"
"\x01\x28\x38\x19\x20\x39\x19\x90\x80\x20\x2a\x38\x41\x11\x80\xc6"
"\x07\x42\x20\x17\x25\x18\x82\xa3\xcb\x20\x3e\x10\xde\x40\xef\x11"
"\x12\x10\x44\x06\xb1\x8f\x98\xcf\x27\x03\x9e\x0c\x82\x24\xfc\x61"
"\x02\x02\x85\x08\xc8\x1c\xcc\x1e\x21\x03\x5e\x4f\x06\x3e\x19\x04"
"\xf1\x81\x40\x07\x26\x98\x90\x00\x20\xca\x18\x24\x2e\x10\x84\xc0"
"\xfd\x64\x40\xf0\x00\x20\xf1\x81\x10\xac\x60\x52\xf4\x20\x20\x64"
"\x24\x93\x81\xb8\x9f\x0c\x06\x54\x0c\xfc\xd0\x93\x81\xe0\x93\xc1"
"\x80\x0a\x40\xe9\xc9\x00\xf1\xc9\x80\x04\x04\x51\x03\xa0\xf1\x81"
"\x10\x8c\x46\x09\x86\xe0\xe8\x32\x90\xbe\xb0\x86\x09\xf8\xc2\x32"
"\x28\xcb\x20\x88\x0f\x84\x50\xb8\xc3\x84\x04\xc4\x90\xc1\xf8\x23"
"\xe6\x23\xcb\x40\x2c\x83\x20\x09\xa8\x98\x80\x40\x21\x82\x31\x87"
"\xbb\x47\xc8\x80\x37\x96\x01\x59\x06\x41\x7c\x20\x98\xc2\x1f\x26"
"\x24\x00\x88\x32\x06\x89\x0b\x04\x21\x70\x69\x19\x10\x55\x00\x48"
"\x7c\x20\x04\x3d\x98\x14\x56\x08\x88\x4b\xcb\x20\x3e\x10\x58\xe1"
"\xf6\x11\x12\x10\x44\x06\xee\x8f\x98\x0f\x2d\x03\xb3\x0c\x82\x24"
"\xf0\x62\x02\x02\x85\x08\xc8\x1c\x46\x1f\x21\x03\xde\x59\x06\x68"
"\x19\x04\xf1\x81\x10\x0b\x63\x98\x90\x00\x20\xca\x18\x24\x2e\x10"
"\x84\xc0\xa5\x65\x40\x6a\x01\x20\xf1\x81\x10\xa0\x61\x52\x6e\x21"
"\x20\x2e\x2d\x83\x01\x25\x00\x37\x96\x81\x46\x96\x81\x71\x96\x01"
"\x81\x96\x01\x09\x06\x42\xc4\x32\x19\x88\x0a\x00\x8d\x0f\x84\xe0"
"\x37\x4a\x40\x04\x47\x97\x41\x7c\x20\xf0\x82\x2c\x26\x24\x20\x86"
"\x0c\xfc\x1f\x31\x5f\x5b\x06\x6b\x19\x04\x49\x18\xc7\x04\x04\x0a"
"\x11\x8c\x39\xc8\x3e\x42\x06\x3c\xb6\x0c\xda\x32\x08\xe2\x03\x21"
"\x1c\x74\x31\x21\x01\x40\x94\x31\x48\x5c\x20\x08\x81\x73\xcb\x80"
"\x94\x03\x40\xe2\x03\x21\x00\x7f\x64\x88\x81\x61\x85\x20\x18\x54"
"\x21\x99\x04\xb8\x8f\xc4\x07\x42\x10\x8e\x49\x49\x87\x80\x10\xb9"
"\x4c\x06\xe2\xdc\x32\x18\x50\x31\xe8\x06\x5b\x06\x42\x5b\x06\x03"
"\x2a\x00\x87\x2d\x03\xa4\x2d\x03\x12\xbc\x45\x0d\x80\xc6\x07\x42"
"\x20\x1f\x25\x18\x82\xa3\xcb\x20\x3e\x10\xde\x41\xff\x11\x12\x10"
"\x44\x06\x31\x98\x98\x4f\x2e\x03\xb8\x0c\x82\x24\xfc\x63\x02\x02"
"\x85\x08\xc8\x1c\xcc\x1f\x21\x03\x5e\x5c\x06\x72\x19\x04\xf1\x81"
"\x40\x0f\xa6\x98\x90\x00\x20\xca\x18\x24\x2e\x10\x84\xc0\xcd\x65"
"\x40\xf0\x01\x20\xf1\x81\x10\xac\x62\x52\xf4\x21\x20\x64\x34\x93"
"\x81\xb8\xb9\x0c\x06\x54\x0c\xfc\x11\x97\x81\x20\x97\xc1\x80\x0a"
"\x40\x89\xcb\x00\x91\xcb\x80\x04\x00\x51\x03\xa0\xf1\x81\x10\x8c"
"\xc8\x10\x03\x24\x0a\x41\x30\x78\xe0\x32\x09\x86\xbb\x18\xc5\xc4"
"\xd1\x65\x50\x42\x02\x24\x88\x1b\x25\x16\x20\x06\xdb\x09\x00\x00"
"\x5b\x86\x21\x50\x83\x2d\x03\x12\xa4\xc1\x96\x21\x09\xd2\x60\xcb"
"\xe0\x04\x6a\xb0\x65\xa0\x82\x33\xd8\x32\x54\x41\x1a\x6c\x19\xb6"
"\x20\x0d\xb6\x0c\x5d\xa0\x06\x5b\x86\x30\x08\xd2\x60\xcb\x30\x06"
"\x81\x1a\x6c\x19\xd2\x20\x48\x83\x2d\xc3\x1a\x04\x6a\xb0\x65\x80"
"\x83\x20\x0d\xb6\x0c\x72\x10\xa8\xc1\x96\xc1\x0e\x82\x34\xd8\x32"
"\xe8\x41\x90\x06\x5b\x06\x3e\x08\xd4\x60\xcb\x00\x0a\x41\x1a\x6c"
"\x19\x44\x21\x50\x83\x2d\x03\x2a\x04\x69\xb0\x65\x50\x85\x40\x0d"
"\xb6\x0c\xaf\x10\xa4\xc1\x96\x21\x16\x02\x35\xd8\x32\xd4\x42\x90"
"\x06\x5b\x86\x5b\x08\xce\x60\xcb\x80\x0b\x81\x1a\x6c\x19\x78\x21"
"\x38\x83\x2d\x43\x2f\x04\x69\xb0\x65\x20\x87\x20\x0d\xb6\x0c\xe7"
"\x10\xa8\xc1\x96\x01\x1d\x82\x34\xd8\x32\xbc\x43\x90\x06\x5b\x06"
"\x79\x08\xd2\x60\xcb\x20\x13\x81\x1a\x6c\x19\x66\x22\x50\x83\x2d"
"\x83\x4e\x48\x73\xb0\x65\x88\x8b\x40\x0d\xb6\x0c\x77\x21\xd1\xc1"
"\x96\xa1\x2f\x82\x34\xd8\x32\x9c\x46\xa0\x06\x5b\x06\xd6\x90\xea"
"\x60\xcb\xf0\x1a\x81\x1a\x6c\x19\x68\x43\xb2\x83\x2d\x43\x6d\x04"
"\x69\xb0\x65\xc8\x8d\x40\x0d\xb6\x0c\xe0\x11\x9c\xc1\x96\x41\x3c"
"\x82\x34\xd8\x32\x8c\x47\x90\x06\x5b\x86\xf3\x08\xd2\x60\xcb\x90"
"\x1e\x81\x1a\x6c\x19\xe0\x23\x48\x83\x2d\x83\x7d\x04\x69\xb0\x65"
"\xc0\x8f\x40\x0d\xb6\x0c\xff\x11\xa4\xc1\x96\xe1\x44\x82\x34\xd8"
"\x32\xa4\x48\xa0\x06\x5b\x06\x18\x09\xd2\x60\xcb\x70\x23\x41\x1a"
"\x6c\x19\x72\x24\x50\x83\x2d\x03\x98\x04\x69\xb0\x65\x30\x93\x20"
"\x0d\xb6\x0c\x69\x12\x9c\xc1\x96\x61\x4d\x82\x34\xd8\x32\xb4\x49"
"\x90\x06\x5b\x06\x38\x09\xd4\x60\xcb\x10\x27\x41\x1a\x6c\x19\xf6"
"\x24\x48\x83\x2d\x83\xa8\x04\x69\xb0\x65\x18\x95\x20\x0d\xb6\x0c"
"\xb3\x12\xa4\xc1\x96\xa1\x56\x02\x35\xd8\x32\xf0\x4a\x90\x06\x5b"
"\x86\x72\x91\xaa\x2d\x03\xbb\x04\x69\xb0\x65\x70\x97\x40\x0d\xb6"
"\x0c\xf5\x12\xa4\xc1\x96\xc1\x5f\xa4\x6a\xcb\x30\x32\xc1\x19\x6c"
"\x19\x5a\x26\x50\x83\x2d\x83\xcc\x48\xd6\x96\x61\x66\x82\x33\xd8"
"\x32\xd4\x4c\x90\x06\x5b\x86\x9b\x09\xd2\x60\xcb\xa0\x33\x81\x1a"
"\x6c\x19\x76\x26\x48\x83\x2d\xc3\xda\x04\x69\xb0\x65\x60\x9b\x20"
"\x0d\xb6\x0c\x78\x13\xa4\xc1\x96\x41\x6f\x02\x35\xd8\x32\x84\x4e"
"\x90\x06\x5b\x06\xd5\x91\xaa\x2d\x43\xed\x04\x69\xb0\x65\xe0\x9d"
"\x20\x0d\xb6\x0c\xe1\x13\x9c\xc1\x96\x61\x7e\x02\x35\xd8\x32\xec"
"\x8f\x74\x07\x5b\x86\x18\x0a\xd4\x60\xcb\x90\x43\x12\x1e\x6c\x19"
"\xc6\x28\x48\x83\x2d\x43\x19\x05\x6a\xb0\x65\x60\xa3\x20\x0d\xb6"
"\x0c\x75\x24\x55\x5b\x86\x3d\x0a\xd4\x60\xcb\x20\x4a\x52\x1e\x6c"
"\x19\x6a\x29\x50\x83\x2d\x43\x2f\x49\x7a\xb0\x65\x90\xa7\x40\x0d"
"\xb6\x0c\xfa\x24\xed\xc1\x96\xa1\xa4\x02\x35\xd8\x32\xb4\x94\xc4"
"\x07\x5b\x86\x97\x0a\xce\x60\xcb\x70\x53\x81\x1a\x6c\x19\x78\x4a"
"\xb2\xb6\x0c\x3d\x15\x9c\xc1\x96\xe1\xa7\x82\x34\xd8\x32\x84\x55"
"\x90\x06\x5b\x06\xb2\x0a\xd4\x60\xcb\x50\x56\x41\x1a\x6c\x19\xd8"
"\x2a\x48\x83\x2d\x03\x5c\x05\x69\xb0\x65\x98\xab\x40\x0d\xb6\x0c"
"\x7a\x15\xa4\xc1\x96\x01\xb4\x82\x34\xd8\x32\xb0\x56\x90\x06\x5b"
"\x06\xd7\x0a\xd4\x60\xcb\x50\x5b\x41\x1a\x6c\x19\x7c\x4b\xaa\xb6"
"\x0c\xe9\x15\xa4\xc1\x96\x01\xbe\x82\x34\xd8\x32\xd4\x57\x70\x06"
"\x5b\x86\xfb\x0a\xce\x60\xcb\x90\x62\x81\x1a\x6c\x19\x62\x4c\xea"
"\x83\x2d\xc3\x99\x05\x6a\xb0\x65\x78\x33\xc9\x0f\xb6\x0c\x79\x16"
"\xa4\xc1\x96\x61\xcf\x02\x35\xd8\x32\x88\x5a\x90\x06\x5b\x86\x55"
"\x93\xaa\x2d\x43\xac\x05\x6a\xb0\x65\xc0\x35\xe9\x0f\xb6\x0c\xea"
"\x16\xa4\xc1\x96\xa1\xde\x82\x33\xd8\x32\x9c\x5c\xa0\x06\x5b\x86"
"\x97\x93\x40\x61\xcb\x50\x76\x81\x1a\x6c\x19\xda\x4e\x0a\x85\x2d"
"\xc3\xdd\x05\x69\xb0\x65\xc8\xbb\x40\x0d\xb6\x0c\xa0\x17\xa4\xc1"
"\x96\x21\xf5\xa4\x6a\xcb\xf0\x7a\x81\x1a\x6c\x19\x6c\x4f\x12\x85"
"\x2d\x43\xef\x05\x69\xb0\x65\xf8\xbd\x40\x0d\xb6\x0c\xe6\x17\xa4"
"\xc1\x96\xe1\xfd\xa4\x6a\xcb\xa0\x7f\x41\x1a\x6c\x19\x42\x30\x08"
"\xd2\x60\xcb\x20\x82\x41\x90\x06\x5b\x06\x14\x0c\x82\x33\xd8\x32"
"\xe8\x60\x10\xa8\xc1\x96\x41\x0c\x03\x69\x14\xb6\x0c\x78\x18\x04"
"\x6a\xb0\x65\x00\xc5\x40\x22\x85\x2d\x83\x2a\x06\x41\x1a\x6c\x19"
"\x58\x31\x08\xd4\x60\xcb\x30\x8b\x41\x90\x06\x5b\x06\x5e\x0c\xa4"
"\x6a\xcb\x20\x8e\x41\xa0\x06\x5b\x86\x74\x0c\xa4\x52\xd8\x32\xd0"
"\x63\x10\xa8\xc1\x96\x21\x1f\x03\xc9\xda\x32\xe8\x63\x10\x9c\xc1"
"\x96\x81\x1f\x83\x20\x0d\xb6\x0c\xfe\x18\x04\x69\xb0\x65\x08\xc9"
"\x20\x50\x83\x2d\x83\x48\x06\x41\x1a\x6c\x19\x52\x32\x08\xd2\x60"
"\xcb\xd0\x92\x41\x90\x06\x5b\x06\x98\x0c\x02\x35\xd8\x32\xe8\x64"
"\x10\xa4\xc1\x96\x21\x2c\x83\x20\x0d\xb6\x0c\x62\x19\x04\x69\xb0"
"\x65\x70\xcb\x20\x48\x83\x2d\x03\x5c\x06\x81\x1a\x6c\x19\xee\x32"
"\x08\xd2\x60\xcb\x00\x9a\x81\x54\x6d\x19\x4c\x33\x08\xd2\x60\xcb"
"\x90\x9a\x41\xa0\x06\x5b\x06\xd8\x0c\x82\x34\xd8\x32\xd0\x66\x10"
"\xa4\xc1\x96\xe1\x36\x83\x40\x0d\xb6\x0c\xbe\x19\x04\x69\xb0\x65"
"\x68\xcf\x20\x48\x83\x2d\xc3\x7b\x06\x81\x1a\x6c\x19\xec\x33\x08"
"\xd2\x60\xcb\xf0\x9f\x81\x54\x6d\x19\x46\x34\x08\xce\x60\xcb\x10"
"\xa3\x41\xa0\x06\x5b\x86\x1c\x0d\x24\x53\xd8\x32\xbc\x69\x10\xa8"
"\xc1\x96\xe1\x4e\x03\xe9\x14\xb6\x0c\xa4\x1a\x04\x6a\xb0\x65\x58"
"\xd5\x40\x42\x85\x2d\xc3\xad\x06\x41\x1a\x6c\x19\x72\x35\x08\xd4"
"\x60\xcb\x00\xae\x41\x90\x06\x5b\x86\x74\x0d\xa4\x6a\xcb\x20\xb2"
"\x41\x90\x06\x5b\x06\x92\x0d\x02\x35\xd8\x32\xac\x6c\x10\xa4\xc1"
"\x96\x81\x66\x03\xa9\xda\x32\xe8\x6c\x10\x9c\xc1\x96\x01\x6d\x83"
"\x40\x0d\xb6\x0c\x70\x1b\x48\xa9\xb0\x65\x30\xdd\x20\x50\x83\x2d"
"\x83\xeb\x06\x92\x2a\x6c\x19\x76\x37\x08\xd4\x60\xcb\x20\xbe\x81"
"\xb4\x0a\x5b\x06\xf7\x0d\x82\x34\xd8\x32\xc0\x6f\x10\xa8\xc1\x96"
"\xe1\x7e\x83\x20\x0d\xb6\x0c\x20\x1c\x48\xd5\x96\xa1\x84\x83\x20"
"\x0d\xb6\x0c\x28\x1c\x04\x6a\xb0\x65\x78\xe1\x20\x48\x83\x2d\xc3"
"\x0c\x07\x41\x1a\x6c\x19\x6c\x38\x08\xd4\x60\xcb\xd0\xc3\x41\x90"
"\x06\x5b\x86\x35\x0e\x82\x34\xd8\x32\xb4\x71\x10\xa8\xc1\x96\x81"
"\x8e\x83\x20\x0d\xb6\x0c\x7d\x1c\x48\xd5\x96\x21\x94\x83\xe0\x0c"
"\xb6\x0c\xaf\x1c\x04\x6a\xb0\x65\xb8\xe5\x40\x62\x85\x2d\x43\x3b"
"\x07\x81\x1a\x6c\x19\xea\x39\x90\x5a\x61\xcb\x20\xd2\x41\xa0\x06"
"\x5b\x86\x94\x0e\x24\x57\xd8\x32\xd4\x74\x10\xa4\xc1\x96\xe1\xa6"
"\x83\x40\x0d\xb6\x0c\x3e\x1d\x04\x69\xb0\x65\x38\xeb\x40\xaa\xb6"
"\x0c\x6f\x1e\x04\x67\xb0\x65\xc0\xf3\x20\x50\x83\x2d\x43\x9f\x07"
"\x92\xb5\x65\xf0\xf3\x20\x38\x83\x2d\x03\xa8\x07\x41\x1a\x6c\x19"
"\x44\x3d\x08\xd2\x60\xcb\x50\xea\x41\xa0\x06\x5b\x06\x53\x0f\x82"
"\x34\xd8\x32\xb4\x7a\x10\xa4\xc1\x96\x21\xd6\x83\x20\x0d\xb6\x0c"
"\xb4\x1e\x04\x6a\xb0\x65\xd8\xf5\x20\x48\x83\x2d\x83\xaf\x07\x41"
"\x1a\x6c\x19\xc2\x3d\x08\xd4\x60\xcb\x10\xef\x41\x90\x06\x5b\x06"
"\x79\x0f\x82\x34\xd8\x32\xf8\x7b\x10\xa4\xc1\x96\x01\xe4\x83\x40"
"\x0d\xb6\x0c\x27\x1f\x04\x69\xb0\x65\x80\xf9\x40\xaa\xb6\x0c\x35"
"\x1f\x04\x69\xb0\x65\xc0\xf9\x20\x50\x83\x2d\xc3\xcf\x07\x41\x1a"
"\x6c\x19\xc6\x3e\x08\xd2\x60\xcb\x60\xf6\x41\xa0\x06\x5b\x86\xb6"
"\x0f\x82\x34\xd8\x32\xec\x7d\x10\xa4\xc1\x96\xa1\xef\x83\x40\x0d"
"\xb6\x0c\xa4\x1f\x04\x69\xb0\x65\x68\xfd\x40\xaa\xb6\x0c\xb3\x1f"
"\x04\x67\xb0\x65\x08\xff\x20\x50\x83\x2d\x43\xfa\x07\xd2\x2b\x6c"
"\x19\xfe\x3f\x08\xd4\x60\xcb\x70\x82\x82\x04\x0b\x5b\x06\x1a\x14"
"\x02\x35\xd8\x32\xec\xa0\x20\xc5\xc2\x96\xe1\x0c\x85\x20\x0d\xb6"
"\x0c\x69\x28\x04\x6a\xb0\x65\x80\x43\x21\x48\x83\x2d\x43\x1e\x0a"
"\x52\xb5\x65\xf0\x43\x21\x48\x83\x2d\x43\x28\x0a\x81\x1a\x6c\x19"
"\x50\x51\x08\xd2\x60\xcb\xc0\x8a\x42\x90\x06\x5b\x86\x57\x14\x02"
"\x35\xd8\x32\xd8\xa2\x10\xa4\xc1\x96\x81\x1c\x85\x20\x0d\xb6\x0c"
"\xe6\x28\x04\x6a\xb0\x65\x68\x47\x21\x48\x83\x2d\x83\x3d\x0a\x52"
"\xb5\x65\xd0\x47\x21\x38\x83\x2d\x03\x4a\x0a\x81\x1a\x6c\x19\x60"
"\x52\x90\x64\x61\xcb\x60\x96\x42\xa0\x06\x5b\x06\xb7\x14\xa4\x59"
"\xd8\x32\xec\xa5\x10\xa8\xc1\x96\x41\x34\x05\x89\x16\xb6\x0c\xae"
"\x29\x04\x69\xb0\x65\x80\x4d\x21\x50\x83\x2d\xc3\x6d\x0a\x41\x1a"
"\x6c\x19\xc0\x53\x90\xaa\x2d\x03\x79\x0a\xc1\x19\x6c\x19\xe8\x53"
"\x08\xd4\x60\xcb\x90\x9f\x82\x64\x6d\x19\xf4\x53\x08\xce\x60\xcb"
"\xc0\x9f\x42\x90\x06\x5b\x06\xff\x14\x82\x34\xd8\x32\x84\xa8\x10"
"\xa8\xc1\x96\x41\x44\x85\x20\x0d\xb6\x0c\x29\x2a\x04\x69\xb0\x65"
"\x68\x51\x21\x48\x83\x2d\x03\x8c\x0a\x81\x1a\x6c\x19\xc0\x54\x08"
"\xd2\x60\xcb\x10\xa6\x42\x90\x06\x5b\x86\x36\x15\x82\x34\xd8\x32"
"\xbc\xa9\x10\xa8\xc1\x96\xc1\x4e\x85\x20\x0d\xb6\x0c\x7f\x2a\x48"
"\xd5\x96\x81\x54\x85\x20\x0d\xb6\x0c\xa7\x2a\x04\x6a\xb0\x65\x70"
"\x55\x21\x48\x83\x2d\x83\xac\x0a\x41\x1a\x6c\x19\x6a\x55\x08\xd4"
"\x60\xcb\xc0\xab\x42\x90\x06\x5b\x06\x75\x15\x82\x34\xd8\x32\xb0"
"\xab\x10\xa8\xc1\x96\x61\x5e\x85\x20\x0d\xb6\x0c\xfc\x2a\x48\xd5"
"\x96\x41\x64\x85\xe0\x0c\xb6\x0c\x30\x2b\x04\x6a\xb0\x65\xc0\x59"
"\x41\xaa\x85\x2d\x83\xdb\x0a\x81\x1a\x6c\x19\xec\x56\x90\x6c\x61"
"\xcb\x30\xba\x42\xa0\x06\x5b\x06\xd5\x15\xa4\x5b\xd8\x32\xd8\xae"
"\x10\xa4\xc1\x96\x01\x77\x85\x40\x0d\xb6\x0c\xbf\x2b\x04\x69\xb0"
"\x65\x40\x5f\x41\xaa\xb6\x0c\xed\x2b\x04\x69\xb0\x65\x80\x5f\x21"
"\x50\x83\x2d\xc3\xfd\x0a\x41\x1a\x6c\x19\xf6\x57\x08\xd2\x60\xcb"
"\xe0\xbf\x42\xa0\x06\x5b\x86\x12\x16\x82\x34\xd8\x32\xcc\xb0\x10"
"\xa4\xc1\x96\xa1\x86\x85\x40\x0d\xb6\x0c\x3c\x2c\x04\x69\xb0\x65"
"\x28\x63\x41\xaa\xb6\x0c\x69\x2c\x04\x67\xb0\x65\xb8\x63\x21\x50"
"\x83\x2d\xc3\x1f\x0b\x12\x2e\x6c\x19\x6a\x59\x08\xd4\x60\xcb\xd0"
"\xcb\x82\x94\x0b\x5b\x06\x75\x16\x02\x35\xd8\x32\xc4\xb3\x20\xe9"
"\xc2\x96\xa1\x9f\x85\x20\x0d\xb6\x0c\xff\x2c\x04\x6a\xb0\x65\x30"
"\x69\x21\x48\x83\x2d\xc3\x4b\x0b\x52\xb5\x65\x88\x69\x21\x50\x83"
"\x2d\x83\x89\x0b\xc1\x19\x6c\x19\x54\x5c\x08\xd4\x60\xcb\x60\xe3"
"\x42\xa0\x06\x5b\x86\x1b\x17\x02\x35\xd8\x32\xe4\xb8\x20\xed\xc2"
"\x96\x81\xc7\x85\x40\x0d\xb6\x0c\x3d\x2e\x04\x6a\xb0\x65\xf8\x71"
"\x41\xda\x85\x2d\x83\x98\x0b\x81\x1a\x6c\x19\xc6\x5c\x08\xd4\x60"
"\xcb\x50\xe6\x82\xb4\x0b\x5b\x06\x34\x17\x02\x35\xd8\x32\xa4\xb9"
"\x10\xa8\xc1\x96\x61\xcd\x05\x69\x17\xb6\x0c\x6e\x2e\x04\x6a\xb0"
"\x65\x78\x73\x21\x50\x83\x2d\x43\x9c\x0b\xd2\x2e\x6c\x19\xe8\x5c"
"\x08\xd4\x60\xcb\x50\xe7\x42\xa0\x06\x5b\x86\x3b\x17\xa4\x5d\xd8"
"\x32\xe8\xb9\x10\xa8\xc1\x96\x61\xcf\x85\x40\x0d\xb6\x0c\xae\x2e"
"\x04\x6a\xb0\x65\x88\x75\x41\xe2\x85\x2d\x83\xae\x0b\x81\x1a\x6c"
"\x19\x7a\x5d\x90\x7a\x61\xcb\xe0\xeb\x42\x70\x06\x5b\x06\x70\x17"
"\x82\x34\xd8\x32\x88\xbb\x10\xa4\xc1\x96\xa1\xdc\x85\x40\x0d\xb6"
"\x0c\xe6\x2e\x04\x69\xb0\x65\x68\x77\x21\x48\x83\x2d\x43\xbc\x0b"
"\x41\x1a\x6c\x19\xe8\x5d\x08\xd4\x60\xcb\xb0\xef\x42\x90\x06\x5b"
"\x86\x7f\x17\x82\x34\xd8\x32\x88\xbc\x10\xa8\xc1\x96\x41\xe6\x85"
"\x20\x0d\xb6\x0c\x33\x2f\x04\x69\xb0\x65\xf8\x79\x21\x48\x83\x2d"
"\x43\xd8\x0b\x81\x1a\x6c\x19\xd0\x5e\x08\xd2\x60\xcb\x10\xf7\x82"
"\x54\x6d\x19\xec\x5e\x08\xd2\x60\xcb\x90\xf7\x42\xa0\x06\x5b\x06"
"\xd0\x17\x82\x34\xd8\x32\x90\xbe\x10\xa4\xc1\x96\xe1\xf4\x85\x40"
"\x0d\xb6\x0c\xae\x2f\x04\x69\xb0\x65\xe0\x7d\x21\x48\x83\x2d\x83"
"\xef\x0b\x81\x1a\x6c\x19\xca\x5f\x08\xd2\x60\xcb\xe0\xfe\x82\x54"
"\x6d\x19\xe4\x5f\x08\xce\x60\xcb\x00\x82\x43\xa0\x06\x5b\x06\x14"
"\x1c\x24\x5f\xd8\x32\xf8\xe0\x10\xa8\xc1\x96\xc1\x0c\x07\xe9\x17"
"\xb6\x0c\x73\x38\x04\x6a\xb0\x65\xd0\xc3\x41\x02\x87\x2d\x83\x29"
"\x0e\x41\x1a\x6c\x19\x50\x71\x08\xd4\x60\xcb\xf0\x8a\x43\x90\x06"
"\x5b\x06\x5c\x1c\xa4\x6a\xcb\xe0\x93\x43\x70\x06\x5b\x86\xb3\x1c"
"\x02\x35\xd8\x32\xb0\xe5\x20\x59\x5b\x86\xb6\x1c\x82\x33\xd8\x32"
"\xbc\xe5\x10\xa4\xc1\x96\x21\x2e\x87\x20\x0d\xb6\x0c\x74\x39\x04"
"\x6a\xb0\x65\xa8\xcb\x21\x48\x83\x2d\x03\x5f\x0e\x41\x1a\x6c\x19"
"\xfc\x72\x08\xd2\x60\xcb\xa0\x9a\x43\x90\x06\x5b\x06\xd6\x1c\x02"
"\x35\xd8\x32\xcc\xe6\x10\xa4\xc1\x96\x81\x37\x07\xa9\xda\x32\xf4"
"\xe6\x10\x9c\xc1\x96\x01\x3c\x87\xe0\x0c\xb6\x0c\xed\x39\x04\x69"
"\xb0\x65\x78\xcf\x21\x50\x83\x2d\x83\x7d\x0e\x41\x1a\x6c\x19\xfe"
"\x73\x90\xaa\x2d\xc3\x88\x0e\x41\x1a\x6c\x19\x4c\x74\x08\xd4\x60"
"\xcb\xd0\xa2\x43\x90\x06\x5b\x86\x18\x1d\x82\x34\xd8\x32\xd0\xe8"
"\x10\xa8\xc1\x96\x61\x47\x87\x20\x0d\xb6\x0c\x69\x3a\x04\x69\xb0"
"\x65\x58\xd3\x21\x50\x83\x2d\x83\x9c\x0e\x41\x1a\x6c\x19\xf6\x74"
"\x90\xaa\x2d\x43\xa8\x0e\xc1\x19\x6c\x19\x5e\x75\x08\xd4\x60\xcb"
"\x70\xab\x83\x14\x0e\x5b\x86\x76\x1d\x02\x35\xd8\x32\xd4\xeb\x20"
"\x89\xc3\x96\x41\x64\x87\x40\x0d\xb6\x0c\x29\x3b\x48\xe3\xb0\x65"
"\xa8\xd9\x21\x48\x83\x2d\xc3\xcd\x0e\x81\x1a\x6c\x19\x7c\x76\x08"
"\xd2\x60\xcb\x70\xb6\x83\x54\x6d\x19\xf2\x76\x08\xd2\x60\xcb\xb0"
"\xb7\x43\xa0\x06\x5b\x06\xd1\x1d\x82\x34\xd8\x32\xac\xee\x20\x55"
"\x5b\x06\xd9\x1d\x82\x34\xd8\x32\xd0\xee\x10\xa8\xc1\x96\x61\x77"
"\x87\x20\x0d\xb6\x0c\xe4\x3b\x48\xd5\x96\x81\x7d\x87\x20\x0d\xb6"
"\x0c\xee\x3b\x04\x67\xb0\x65\x80\xdf\x21\x48\x83\x2d\x83\xfc\x0e"
"\x41\x1a\x6c\x19\xea\x77\x08\xd4\x60\xcb\x60\xbf\x43\x90\x06\x5b"
"\x86\xfe\x1d\x82\x34\xd8\x32\x84\xf0\x10\xa4\xc1\x96\x81\x84\x87"
"\x40\x0d\xb6\x0c\x2b\x3c\x04\x69\xb0\x65\x78\xe1\x21\x48\x83\x2d"
"\xc3\x0e\x0f\x41\x1a\x6c\x19\x7a\x78\x08\xd4\x60\xcb\x40\xc6\x43"
"\x90\x06\x5b\x86\x36\x1e\xa4\x6a\xcb\x30\xc7\x43\x70\x06\x5b\x86"
"\x50\x1e\x02\x35\xd8\x32\xa4\xf2\x20\x91\xc3\x96\xe1\x97\x87\x40"
"\x0d\xb6\x0c\xe7\x3c\x48\xe5\xb0\x65\xa0\xe7\x21\x50\x83\x2d\xc3"
"\x3e\x0f\x92\x39\x6c\x19\x4e\x7a\x08\xd2\x60\xcb\x90\xd2\x43\xa0"
"\x06\x5b\x06\x98\x1e\x82\x34\xd8\x32\xe4\xf4\x20\x55\x5b\x06\xb0"
"\x1e\x82\x34\xd8\x32\x88\xf5\x10\xa8\xc1\x96\x21\xad\x87\x20\x0d"
"\xb6\x0c\x6c\x3d\x04\x69\xb0\x65\x70\xeb\x21\x50\x83\x2d\x43\x5d"
"\x0f\x41\x1a\x6c\x19\xf0\x7a\x08\xd2\x60\xcb\xa0\xd7\x43\xa0\x06"
"\x5b\x86\xd0\x1e\x82\x34\xd8\x32\x8c\xf6\x10\xa4\xc1\x96\xa1\xb4"
"\x87\x40\x0d\xb6\x0c\xac\x3d\x04\x69\xb0\x65\x80\xed\x21\x48\x83"
"\x2d\x83\x6c\x0f\x81\x1a\x6c\x19\x72\x7b\x08\xd2\x60\xcb\xf0\xdb"
"\x43\x90\x06\x5b\x86\xf0\x1e\x02\x35\xd8\x32\xa0\xf7\x10\xa4\xc1"
"\x96\x01\xbe\x87\x20\x0d\xb6\x0c\xf2\x3d\x04\x6a\xb0\x65\xc8\xef"
"\x21\x48\x83\x2d\x03\x88\x0f\x41\x1a\x6c\x19\x44\x7c\x08\xd4\x60"
"\xcb\x90\xe2\x43\x90\x06\x5b\x86\x30\x1f\x82\x34\xd8\x32\xd8\xf9"
"\x10\xa4\xc1\x96\x01\xcf\x87\x40\x0d\xb6\x0c\x7f\x3e\x04\x69\xb0"
"\x65\x40\xf5\x41\xaa\xb6\x0c\xbb\x3e\x04\x69\xb0\x65\xe8\xf5\x21"
"\x50\x83\x2d\x03\xb9\x0f\x41\x1a\x6c\x19\xda\x7d\x90\xaa\x2d\x03"
"\xbd\x0f\x41\x1a\x6c\x19\xec\x7d\x08\xd4\x60\xcb\xd0\xef\x43\x90"
"\x06\x5b\x06\x93\x1f\xa4\x6a\xcb\x30\xf3\x43\x90\x06\x5b\x06\x9a"
"\x1f\x82\x34\xd8\x32\xe8\xfc\x20\x5d\x5b\x06\xb0\x1f\x82\x34\xd8"
"\x32\xbc\xfd\x20\x55\x5b\x06\xbd\x1f\xa4\x6a\xcb\xc0\xf7\x83\x84"
"\x6d\x19\xfe\x7e\x08\xd2\x60\xcb\x10\xfa\x43\x70\x06\x5b\x86\xd1"
"\x1f\x82\x34\xd8\x32\x94\xfe\x10\xa4\xc1\x96\x01\xf5\x87\x40\x0d"
"\xb6\x0c\xa9\x3f\x04\x69\xb0\x65\xc8\xfd\x21\x48\x83\x2d\x83\xee"
"\x0f\x41\x1a\x6c\x19\xcc\x7f\x08\xd2\x60\xcb\x80\xfe\x43\xa0\x06"
"\x5b\x86\xf7\x1f\x82\x34\xd8\x32\xe0\xff\x20\x55\x5b\x86\xfe\x1f"
"\x82\x34\xd8\x32\x80\x20\x11\xa8\xc1\x96\xe1\x04\x89\x20\x0d\xb6"
"\x0c\x2b\x48\x04\x69\xb0\x65\x70\x41\x22\x50\x83\x2d\x43\x0d\x12"
"\x41\x1a\x6c\x19\xc6\x90\x08\xd2\x60\xcb\x50\x86\x44\xa0\x06\x5b"
"\x06\x36\x24\x82\x34\xd8\x32\xd4\x21\x21\x55\x5b\x86\x3d\x24\x82"
"\x33\xd8\x32\xa4\x22\x11\xa8\xc1\x96\x21\x16\x09\xe9\x1c\xb6\x0c"
"\xe7\x48\x04\x6a\xb0\x65\x78\x47\x42\x42\x87\x2d\x03\x3f\x12\x81"
"\x1a\x6c\x19\x46\x92\x90\xd2\x61\xcb\xf0\x92\x44\x90\x06\x5b\x86"
"\x98\x24\x02\x35\xd8\x32\xe0\x24\x11\xa4\xc1\x96\x21\x2c\x09\xa9"
"\xda\x32\x98\x25\x11\xa4\xc1\x96\x21\x2d\x89\x40\x0d\xb6\x0c\x70"
"\x49\x04\x69\xb0\x65\xa0\x4b\x22\x48\x83\x2d\xc3\x5d\x12\x81\x1a"
"\x6c\x19\xfc\x92\x08\xd2\x60\xcb\xc0\x9a\x44\x90\x06\x5b\x06\xd7"
"\x24\x02\x35\xd8\x32\xd4\x26\x11\xa4\xc1\x96\xc1\x37\x09\xa9\xda"
"\x32\x90\x27\x11\x9c\xc1\x96\x41\x3e\x89\x40\x0d\xb6\x0c\xfa\x49"
"\x48\xea\xb0\x65\x80\x51\x22\x50\x83\x2d\x03\x8e\x12\xd2\x3a\x6c"
"\x19\xca\x94\x08\xd4\x60\xcb\xc0\xa6\x84\xc4\x0e\x5b\x06\x3c\x25"
"\x82\x34\xd8\x32\xe8\x29\x11\xa8\xc1\x96\x21\x54\x89\x20\x0d\xb6"
"\x0c\xaa\x4a\x48\xd5\x96\xe1\x55\x89\x20\x0d\xb6\x0c\xb2\x4a\x04"
"\x6a\xb0\x65\xc8\x55\x22\x48\x83\x2d\x43\xaf\x12\x41\x1a\x6c\x19"
"\xc0\x95\x08\xd4\x60\xcb\x70\xae\x44\x90\x06\x5b\x86\x7a\x25\x82"
"\x34\xd8\x32\xdc\x2b\x11\xa8\xc1\x96\xc1\x5f\x89\x20\x0d\xb6\x0c"
"\x27\x4b\x48\xd5\x96\xa1\x65\x89\xe0\x0c\xb6\x0c\x3b\x4b\x04\x6a"
"\xb0\x65\x18\x5b\x42\x6a\x87\x2d\x43\xde\x12\x81\x1a\x6c\x19\x42"
"\x97\x90\xdc\x61\xcb\xe0\xba\x44\xa0\x06\x5b\x86\xda\x25\xa4\x77"
"\xd8\x32\x84\x2f\x11\xa4\xc1\x96\x61\x7c\x89\x40\x0d\xb6\x0c\xea"
"\x4b\x04\x69\xb0\x65\x98\x5f\x42\xaa\xb6\x0c\xfa\x4b\x04\x69\xb0"
"\x65\xe0\x5f\x22\x50\x83\x2d\xc3\x08\x13\x41\x1a\x6c\x19\x52\x98"
"\x08\xd2\x60\xcb\xb0\xc2\x44\xa0\x06\x5b\x06\x19\x26\x82\x34\xd8"
"\x32\xe8\x30\x11\xa4\xc1\x96\x81\x87\x89\x40\x0d\xb6\x0c\x63\x4c"
"\x04\x69\xb0\x65\x50\x63\x22\x48\x83\x2d\x03\x1b\x13\x81\x1a\x6c"
"\x19\xe6\x98\x08\xd2\x60\xcb\x90\xc7\x44\x70\x06\x5b\x86\x55\x26"
"\x02\x35\xd8\x32\xb0\x32\x11\xa8\xc1\x96\xc1\x95\x89\x40\x0d\xb6"
"\x0c\xaf\x4c\x04\x6a\xb0\x65\x88\x65\x42\x82\x87\x2d\x03\x2d\x13"
"\x81\x1a\x6c\x19\x6a\x99\x08\xd4\x60\xcb\x80\xcb\x44\xa0\x06\x5b"
"\x86\x5c\x26\x02\x35\xd8\x32\xec\x32\x21\xc1\xc3\x96\xc1\x97\x89"
"\x40\x0d\xb6\x0c\xbf\x4c\x04\x6a\xb0\x65\x10\x67\x22\x50\x83\x2d"
"\xc3\x38\x13\x81\x1a\x6c\x19\xca\x99\x90\xe0\x61\xcb\x80\xce\x44"
"\xa0\x06\x5b\x86\x74\x26\x02\x35\xd8\x32\xb0\x33\x11\xa8\xc1\x96"
"\xa1\x9d\x89\x40\x0d\xb6\x0c\xef\x4c\x48\xf0\xb0\x65\x90\x67\x22"
"\x50\x83\x2d\xc3\x3c\x13\x81\x1a\x6c\x19\xec\x99\x08\xd4\x60\xcb"
"\x70\xcf\x44\xa0\x06\x5b\x86\x7c\x26\x24\x78\xd8\x32\xf0\x33\x11"
"\xa8\xc1\x96\xa1\x9f\x89\x40\x0d\xb6\x0c\x20\x4d\x04\x6a\xb0\x65"
"\x08\x69\x22\x50\x83\x2d\xc3\x48\x13\x12\x3c\x6c\x19\x4c\x9a\x08"
"\xd4\x60\xcb\x70\xd2\x44\xa0\x06\x5b\x06\x95\x26\x02\x35\xd8\x32"
"\xac\x34\x11\xa8\xc1\x96\xe1\xa6\x89\x40\x0d\xb6\x0c\x39\x4d\x04"
"\x6a\xb0\x65\xe0\x69\x42\x8a\x87\x2d\x83\x5b\x13\x81\x1a\x6c\x19"
"\xea\x9a\x08\xd4\x60\xcb\x70\xd7\x44\xa0\x06\x5b\x06\xbd\x26\x24"
"\x79\xd8\x32\x80\x36\x11\xa8\xc1\x96\x61\xb4\x09\x69\x1e\xb6\x0c"
"\xa4\x4d\x04\x67\xb0\x65\x30\x6d\x22\x48\x83\x2d\x03\x6a\x13\x41"
"\x1a\x6c\x19\x56\x9b\x08\xd4\x60\xcb\xc0\xda\x44\x90\x06\x5b\x06"
"\xde\x26\x82\x34\xd8\x32\xf4\x36\x11\xa4\xc1\x96\x21\xbd\x89\x20"
"\x0d\xb6\x0c\xeb\x4d\x04\x6a\xb0\x65\x90\x6f\x22\x48\x83\x2d\xc3"
"\x7e\x13\x52\xb5\x65\x00\x71\x22\x48\x83\x2d\xc3\x88\x13\x81\x1a"
"\x6c\x19\x54\x9c\x08\xd2\x60\xcb\xe0\xe2\x44\x90\x06\x5b\x86\x18"
"\x27\x02\x35\xd8\x32\xe0\x38\x11\xa4\xc1\x96\xc1\xcc\x89\x20\x0d"
"\xb6\x0c\x68\x4e\x04\x6a\xb0\x65\x78\x73\x22\x48\x83\x2d\x03\x9e"
"\x13\x52\xb5\x65\xf0\x73\x22\x38\x83\x2d\x03\xab\x13\x81\x1a\x6c"
"\x19\x68\x9d\x90\xe8\x61\xcb\xa0\xee\x44\xa0\x06\x5b\x06\x79\x27"
"\xa4\x7a\xd8\x32\xfc\x3b\x11\xa8\xc1\x96\xc1\xe4\x09\xc9\x1e\xb6"
"\x0c\x32\x4f\x04\x69\xb0\x65\xa0\x79\x22\x50\x83\x2d\xc3\xce\x13"
"\x41\x1a\x6c\x19\xc8\x9e\x90\xaa\x2d\x43\xda\x13\x41\x1a\x6c\x19"
"\xd8\x9e\x08\xd4\x60\xcb\x30\xf7\x44\x90\x06\x5b\x86\xbb\x27\x82"
"\x34\xd8\x32\xe8\x3d\x11\xa8\xc1\x96\x21\xf4\x89\x20\x0d\xb6\x0c"
"\xaf\x4f\x04\x69\xb0\x65\x88\x7d\x22\x50\x83\x2d\x03\xee\x13\x41"
"\x1a\x6c\x19\xc2\x9f\x90\xaa\x2d\xc3\xf9\x13\xc1\x19\x6c\x19\xea"
"\x9f\x08\xd4\x60\xcb\xd0\xff\x84\x74\x0f\x5b\x86\x19\x2c\x02\x35"
"\xd8\x32\xec\x60\x21\xe1\xc3\x96\x01\x0d\x8b\x40\x0d\xb6\x0c\x6f"
"\x58\x48\xf9\xb0\x65\xd8\xc3\x22\x48\x83\x2d\x43\x1f\x16\x81\x1a"
"\x6c\x19\x48\xb1\x08\xd2\x60\xcb\xd0\x8a\x85\x54\x6d\x19\x68\xb1"
"\x08\xd2\x60\xcb\x60\x8b\x45\xa0\x06\x5b\x86\x5e\x2c\x82\x34\xd8"
"\x32\x8c\x63\x11\xa4\xc1\x96\xa1\x1c\x8b\x40\x0d\xb6\x0c\xec\x58"
"\x04\x69\xb0\x65\xa0\xc7\x22\x48\x83\x2d\x83\x3d\x16\x81\x1a\x6c"
"\x19\xfa\xb1\x08\xd2\x60\xcb\x40\x92\x45\x90\x06\x5b\x06\x93\x2c"
"\x02\x35\xd8\x32\xb4\x64\x11\xa4\xc1\x96\xe1\x27\x8b\x40\x0d\xb6"
"\x0c\x68\x59\x04\x67\xb0\x65\x88\xcb\x22\x50\x83\x2d\x83\x5d\x16"
"\x92\xb5\x65\xd0\xcb\x22\x50\x83\x2d\x43\x68\x16\x92\x3e\x6c\x19"
"\x44\xb3\x08\xce\x60\xcb\x40\x9a\x45\x90\x06\x5b\x06\xd3\x2c\x82"
"\x34\xd8\x32\xa4\x66\x11\xa8\xc1\x96\x41\x35\x8b\x20\x0d\xb6\x0c"
"\xba\x59\x04\x69\xb0\x65\xd8\xcd\x22\x48\x83\x2d\xc3\x79\x16\x41"
"\x1a\x6c\x19\xd2\xb3\x08\xd4\x60\xcb\x00\x9f\x45\x90\x06\x5b\x06"
"\xfb\x2c\x82\x34\xd8\x32\xe0\x67\x11\xa8\xc1\x96\xe1\x3f\x8b\x20"
"\x0d\xb6\x0c\x27\x5a\x04\x69\xb0\x65\x48\xd1\x22\x50\x83\x2d\x03"
"\x8c\x16\x41\x1a\x6c\x19\x6e\xb4\x08\xd2\x60\xcb\x90\xa3\x45\xa0"
"\x06\x5b\x06\x30\x2d\x82\x34\xd8\x32\x9c\x69\x11\x9c\xc1\x96\xe1"
"\x4d\x8b\x20\x0d\xb6\x0c\x71\x5a\x04\x6a\xb0\x65\xc0\xd3\x22\x48"
"\x83\x2d\x43\xa8\x16\x52\xb5\x65\x18\xd5\x22\x38\x83\x2d\x43\xae"
"\x16\x81\x1a\x6c\x19\x7c\xb5\x90\xac\x2d\x43\xb9\x16\x41\x1a\x6c"
"\x19\xce\xb5\x08\xd4\x60\xcb\xe0\xae\x45\x90\x06\x5b\x86\x7b\x2d"
"\xa4\x6a\xcb\xc0\xaf\x45\x90\x06\x5b\x86\x7f\x2d\x02\x35\xd8\x32"
"\x98\x6c\x11\xa4\xc1\x96\x41\x65\x8b\x20\x0d\xb6\x0c\x2d\x5b\x04"
"\x6a\xb0\x65\xa0\xd9\x22\x48\x83\x2d\x43\xd8\x16\x41\x1a\x6c\x19"
"\xc6\xb6\x08\xd4\x60\xcb\xa0\xb6\x45\x90\x06\x5b\x86\xb9\x2d\xa4"
"\x6a\xcb\x50\xba\x45\xa0\x06\x5b\x86\xd6\x2d\xa4\x7d\xd8\x32\x8c"
"\x6f\x11\xa8\xc1\x96\x61\x7d\x0b\x89\x1f\xb6\x0c\xf8\x5b\x04\x6a"
"\xb0\x65\xf8\xdf\x42\xea\x87\x2d\xc3\x0a\x17\x41\x1a\x6c\x19\x5a"
"\xb8\x08\xd4\x60\xcb\x40\xc3\x45\x90\x06\x5b\x86\x1e\x2e\xa4\x6a"
"\xcb\x50\xc6\x85\x94\x6d\x19\xcc\xb8\x08\xce\x60\xcb\x80\xc6\x45"
"\x90\x06\x5b\x06\x35\x2e\x82\x34\xd8\x32\xb4\x71\x11\xa8\xc1\x96"
"\xc1\x8d\x8b\x20\x0d\xb6\x0c\x7e\x5c\x04\x69\xb0\x65\xf8\xe3\x22"
"\x48\x83\x2d\xc3\x2a\x17\x41\x1a\x6c\x19\x5a\xb9\x08\xd4\x60\xcb"
"\x40\xcb\x45\x90\x06\x5b\x86\x5e\x2e\xa4\x6a\xcb\x20\xce\x45\x90"
"\x06\x5b\x86\x72\x2e\x02\x35\xd8\x32\xb0\x73\x11\xa4\xc1\x96\x01"
"\x9e\x8b\x20\x0d\xb6\x0c\xf3\x5c\x04\x6a\xb0\x65\xd0\xe7\x22\x48"
"\x83\x2d\x03\x4a\x17\x41\x1a\x6c\x19\x54\xba\x08\xd4\x60\xcb\x10"
"\xd3\x45\x90\x06\x5b\x06\x9d\x2e\xa4\x6a\xcb\x00\xd6\x45\x70\x06"
"\x5b\x06\xb7\x2e\x02\x35\xd8\x32\xd8\x75\x21\xf9\xc3\x96\x81\xb5"
"\x8b\x40\x0d\xb6\x0c\xb4\x5d\x48\xff\xb0\x65\x08\xef\x22\x50\x83"
"\x2d\x03\x7a\x17\x12\x48\x6c\x19\xe8\xbb\x08\xd2\x60\xcb\x60\xdf"
"\x45\xa0\x06\x5b\x86\xfe\x2e\x82\x34\xd8\x32\x98\x78\x21\x55\x5b"
"\x86\x15\x2f\x82\x34\xd8\x32\xb8\x78\x11\xa8\xc1\x96\xa1\xc6\x8b"
"\x20\x0d\xb6\x0c\x39\x5e\x04\x69\xb0\x65\xe0\xf1\x22\x50\x83\x2d"
"\xc3\x98\x17\x41\x1a\x6c\x19\xe2\xbc\x08\xd2\x60\xcb\x30\xe7\x45"
"\xa0\x06\x5b\x06\x3d\x2f\x82\x34\xd8\x32\x8c\x7a\x21\x55\x5b\x86"
"\x54\x2f\x82\x33\xd8\x32\xdc\x7a\x11\xa8\xc1\x96\xe1\xd7\x0b\x29"
"\x24\xb6\x0c\xf5\x5e\x04\x6a\xb0\x65\xe8\xf7\x42\x12\x89\x2d\x83"
"\xca\x17\x81\x1a\x6c\x19\x62\xbe\x90\x46\x62\xcb\xd0\xf3\x45\x90"
"\x06\x5b\x86\x9f\x2f\x02\x35\xd8\x32\x98\x7d\x11\xa4\xc1\x96\xe1"
"\xed\x0b\xa9\xda\x32\xd0\x7d\x11\xa4\xc1\x96\xe1\xee\x8b\x40\x0d"
"\xb6\x0c\x7e\x5f\x04\x69\xb0\x65\x10\xfd\x22\x48\x83\x2d\x43\xe9"
"\x17\x81\x1a\x6c\x19\x58\xbf\x08\xd2\x60\xcb\xa0\xfb\x45\x90\x06"
"\x5b\x06\xde\x2f\x02\x35\xd8\x32\x8c\x7f\x11\xa4\xc1\x96\x81\xfd"
"\x0b\xa9\xda\x32\xc0\x7f\x11\x9c\xc1\x96\xc1\xff\x8b\x40\x0d\xb6"
"\x0c\x26\x68\x48\x24\xb1\x65\xe0\x41\x23\x50\x83\x2d\x03\x19\x1a"
"\x52\x49\x6c\x19\xe2\xd0\x08\xd4\x60\xcb\x80\x87\x86\x64\x12\x5b"
"\x06\x52\x34\x82\x34\xd8\x32\x98\xa2\x11\xa8\xc1\x96\xa1\x15\x8d"
"\x20\x0d\xb6\x0c\xb6\x68\x48\xd5\x96\x41\x17\x8d\xe0\x0c\xb6\x0c"
"\xe5\x68\x04\x6a\xb0\x65\x50\x47\x43\xb2\xb6\x0c\xeb\x68\x04\x67"
"\xb0\x65\x68\x47\x23\x48\x83\x2d\x83\x3b\x1a\x41\x1a\x6c\x19\xf8"
"\xd1\x08\xd2\x60\xcb\xd0\x8f\x46\x90\x06\x5b\x86\x94\x34\x82\x34"
"\xd8\x32\xac\xa4\x11\xa8\xc1\x96\x41\x26\x8d\x20\x0d\xb6\x0c\x38"
"\x69\x04\x69\xb0\x65\xd0\x49\x23\x50\x83\x2d\x43\x58\x1a\x41\x1a"
"\x6c\x19\xd2\xd2\x08\xd2\x60\xcb\xb0\x96\x46\xa0\x06\x5b\x06\xb9"
"\x34\x82\x34\xd8\x32\xe0\xa5\x11\xa4\xc1\x96\x41\x2f\x8d\x40\x0d"
"\xb6\x0c\xa1\x69\x04\x69\xb0\x65\x70\x4d\x23\x38\x83\x2d\xc3\x6d"
"\x1a\x41\x1a\x6c\x19\x72\xd3\x08\xd4\x60\xcb\x00\x9e\x46\x90\x06"
"\x5b\x86\xf4\x34\xa4\x6a\xcb\x30\x9f\x46\xa0\x06\x5b\x06\xfc\x34"
"\x24\x6b\xcb\x90\x9f\x46\x70\x06\x5b\x06\xfd\x34\x82\x34\xd8\x32"
"\x8c\xa8\x11\xa8\xc1\x96\xe1\x44\x8d\x40\x0d\xb6\x0c\x2b\x6a\x04"
"\x6a\xb0\x65\x78\x51\x23\x50\x83\x2d\x03\x8c\x1a\x41\x1a\x6c\x19"
"\x66\xd4\x08\xce\x60\xcb\x70\xa3\x46\xa0\x06\x5b\x86\x1c\x35\x02"
"\x35\xd8\x32\xec\xa8\x11\xa8\xc1\x96\xa1\x47\x8d\x40\x0d\xb6\x0c"
"\x63\x6a\x04\x67\xb0\x65\x28\x53\x23\x48\x83\x2d\xc3\x99\x1a\x41"
"\x1a\x6c\x19\xd4\xd4\x08\xd4\x60\xcb\xb0\xa6\x46\x90\x06\x5b\x06"
"\x39\x35\x82\x34\xd8\x32\xd4\xa9\x11\xa4\xc1\x96\x41\x4f\x8d\xe0"
"\x0c\xb6\x0c\x7d\x6a\x04\x6a\xb0\x65\x00\x55\x23\x38\x83\x2d\x83"
"\xa8\x1a\x41\x1a\x6c\x19\x46\xd5\x08\xd2\x60\xcb\x70\xaa\x46\x90"
"\x06\x5b\x86\x54\x35\x02\x35\xd8\x32\xc0\xaa\x11\xa4\xc1\x96\xc1"
"\x56\x8d\x20\x0d\xb6\x0c\xb8\x6a\x04\x6a\xb0\x65\xf8\x55\x23\x48"
"\x83\x2d\xc3\xb9\x1a\x41\x1a\x6c\x19\xd2\xd5\x08\xd4\x60\xcb\x00"
"\xaf\x46\x90\x06\x5b\x06\x7b\x35\x82\x34\xd8\x32\xe0\xab\x11\xa8"
"\xc1\x96\xe1\x5f\x8d\x20\x0d\xb6\x0c\x26\x6b\x04\x67\xb0\x65\x50"
"\x59\x23\x50\x83\x2d\x03\xcb\x1a\x81\x1a\x6c\x19\x5c\xd6\x08\xd4"
"\x60\xcb\x00\xb3\x46\xa0\x06\x5b\x86\x99\x35\x82\x34\xd8\x32\xe0"
"\xac\x11\x9c\xc1\x96\x61\x6c\x8d\x20\x0d\xb6\x0c\x65\x6b\x04\x6a"
"\xb0\x65\x60\x5b\x23\x48\x83\x2d\x43\xdd\x1a\x52\xb5\x65\xb8\x5b"
"\x23\x38\x83\x2d\xc3\xdf\x1a\x81\x1a\x6c\x19\x48\xd7\x90\xac\x2d"
"\x03\xea\x1a\x41\x1a\x6c\x19\x5a\xd7\x08\xce\x60\xcb\x80\xbb\x46"
"\x90\x06\x5b\x06\xdd\x35\x02\x35\xd8\x32\x84\xaf\x11\xa4\xc1\x96"
"\x41\x7d\x0d\xa9\xda\x32\xac\xaf\x11\x9c\xc1\x96\xc1\x7e\x8d\x40"
"\x0d\xb6\x0c\xfb\x6b\x48\xd6\x96\xc1\x7f\x0d\x49\xdb\x32\x84\xb0"
"\x21\x6d\x5b\x06\x11\x36\x02\x35\xd8\x32\x90\xb0\x11\x9c\xc1\x96"
"\xc1\x84\x8d\x20\x0d\xb6\x0c\x28\x6c\x04\x69\xb0\x65\x58\x61\x23"
"\x50\x83\x2d\x03\x0b\x1b\x41\x1a\x6c\x19\x66\xd8\x08\xd2\x60\xcb"
"\x70\xc3\x46\x90\x06\x5b\x06\x1d\x36\x02\x35\xd8\x32\x84\xb1\x11"
"\xa4\xc1\x96\xa1\x8c\x8d\x20\x0d\xb6\x0c\x71\x6c\x04\x69\xb0\x65"
"\x98\x63\x23\x50\x83\x2d\x83\x1e\x1b\x41\x1a\x6c\x19\x46\xd9\x90"
"\xaa\x2d\xc3\x29\x1b\xc1\x19\x6c\x19\x6a\xd9\x08\xd4\x60\xcb\xd0"
"\xcb\x86\x74\x12\x5b\x86\x79\x36\x02\x35\xd8\x32\xec\xb3\x21\xa1"
"\xc4\x96\x01\xa5\x8d\x40\x0d\xb6\x0c\x2f\x6d\x48\x29\xb1\x65\xd8"
"\x69\x23\x48\x83\x2d\x43\x4f\x1b\x81\x1a\x6c\x19\xc8\xda\x08\xd2"
"\x60\xcb\xd0\xd6\x86\x54\x6d\x19\xde\xda\x08\xd4\x60\xcb\x10\xd7"
"\x46\x00\x07\x5b\x86\xb9\x36\x82\x33\xd8\x32\xd4\xb5\x11\xa4\xc1"
"\x96\xe1\xae\x8d\x20\x0d\xb6\x0c\x7a\x6d\x04\x6a\xb0\x65\xd8\x6b"
"\x23\x48\x83\x2d\x83\x68\x1b\x41\x1a\x6c\x19\x4c\xdb\x08\xd2\x60"
"\xcb\x90\xda\x46\xa0\x06\x5b\x06\xd8\x36\x82\x34\xd8\x32\xd0\xb6"
"\x11\xa4\xc1\x96\x01\xbc\x8d\x20\x0d\xb6\x0c\xe2\x6d\x04\x6a\xb0"
"\x65\x48\x6f\x23\x48\x83\x2d\x83\x7c\x1b\x52\xb5\x65\xb0\x6f\x23"
"\x38\x83\x2d\x03\x89\x1b\x81\x1a\x6c\x19\x58\xdc\x90\x54\x62\xcb"
"\x20\xe6\x46\xa0\x06\x5b\x06\x35\x37\xa4\x95\xd8\x32\xdc\xb9\x11"
"\xa8\xc1\x96\xc1\xcf\x0d\x89\x25\xb6\x0c\xaa\x6e\x04\x69\xb0\x65"
"\x60\x75\x23\x50\x83\x2d\xc3\xac\x1b\x41\x1a\x6c\x19\x78\xdd\x90"
"\xaa\x2d\xc3\xaf\x1b\x41\x1a\x6c\x19\xc2\xdd\x08\xce\x60\xcb\x30"
"\xee\x46\x90\x06\x5b\x86\x72\x37\x82\x34\xd8\x32\xa0\xbb\x11\xa8"
"\xc1\x96\x21\xdd\x8d\x20\x0d\xb6\x0c\xf9\x6e\x04\x69\xb0\x65\xd0"
"\x77\x23\x48\x83\x2d\x83\xc9\x1b\x41\x1a\x6c\x19\x50\xde\x08\xd4"
"\x60\xcb\xf0\xf2\x46\x90\x06\x5b\x06\x9c\x37\xa4\x6a\xcb\xd0\xf3"
"\x46\x90\x06\x5b\x06\xb0\x37\x02\x35\xd8\x32\x9c\xbd\x11\xa4\xc1"
"\x96\x61\xed\x8d\x20\x0d\xb6\x0c\x6e\x6f\x04\x6a\xb0\x65\xa8\x7b"
"\x23\x48\x83\x2d\xc3\xe8\x1b\x41\x1a\x6c\x19\x4a\xdf\x08\xd4\x60"
"\xcb\xc0\xfa\x46\x90\x06\x5b\x86\xda\x37\xa4\x6a\xcb\xb0\xfb\x46"
"\x70\x06\x5b\x86\xf4\x37\x02\x35\xd8\x32\xc4\xbf\x21\xb5\xc4\x96"
"\xe1\x04\x8f\x40\x0d\xb6\x0c\x2f\x78\x48\x2e\xb1\x65\xe0\xc1\x23"
"\x50\x83\x2d\xc3\x18\x1e\xd2\x4b\x6c\x19\xde\xf0\x08\xd2\x60\xcb"
"\x10\x87\x47\xa0\x06\x5b\x06\x3c\x3c\x82\x34\xd8\x32\x84\xe2\x21"
"\x55\x5b\x06\x53\x3c\x82\x34\xd8\x32\xa4\xe2\x11\xa8\xc1\x96\x01"
"\x16\x8f\x20\x0d\xb6\x0c\xb4\x78\x04\x69\xb0\x65\xb8\xc5\x23\x50"
"\x83\x2d\x83\x2f\x1e\x41\x1a\x6c\x19\xd8\xf1\x08\xd2\x60\xcb\xe0"
"\x8e\x47\xa0\x06\x5b\x86\x7a\x3c\x82\x34\xd8\x32\xf8\xe3\x21\x55"
"\x5b\x06\x92\x3c\x82\x33\xd8\x32\xc8\xe4\x11\xa8\xc1\x96\x41\x27"
"\x0f\x09\x26\xb6\x0c\x70\x79\x04\x6a\xb0\x65\xc0\xcb\x43\x8a\x89"
"\x2d\x43\x69\x1e\x81\x1a\x6c\x19\x58\xf3\x90\x64\x62\xcb\x80\x9b"
"\x47\x90\x06\x5b\x06\xdd\x3c\x02\x35\xd8\x32\x84\xe7\x11\xa4\xc1"
"\x96\x41\x3d\x0f\xa9\xda\x32\xc4\xe7\x11\xa4\xc1\x96\x61\x3e\x8f"
"\x40\x0d\xb6\x0c\xfa\x79\x04\x69\xb0\x65\x00\xd1\x23\x48\x83\x2d"
"\x83\x88\x1e\x81\x1a\x6c\x19\x52\xf4\x08\xd2\x60\xcb\x10\xa3\x47"
"\x90\x06\x5b\x86\x19\x3d\x02\x35\xd8\x32\xe8\xe8\x11\xa4\xc1\x96"
"\x01\x4c\x8f\x20\x0d\xb6\x0c\x62\x7a\x04\x6a\xb0\x65\x48\xd3\x23"
"\x48\x83\x2d\x43\xa8\x1e\x81\x1a\x6c\x19\x52\xf5\x90\x66\x62\xcb"
"\xe0\xab\x47\xa0\x06\x5b\x06\x73\x3d\x24\x9a\xd8\x32\xc4\xeb\x11"
"\xa8\xc1\x96\x21\x5f\x0f\xa9\x26\xb6\x0c\xfd\x7a\x04\x67\xb0\x65"
"\x30\xd9\x23\x50\x83\x2d\xc3\xca\x1e\x92\xb5\x65\x60\xd9\x23\x38"
"\x83\x2d\x83\xcb\x1e\x41\x1a\x6c\x19\x60\xf6\x08\xd2\x60\xcb\x30"
"\xb3\x47\xa0\x06\x5b\x06\x9a\x3d\x82\x34\xd8\x32\x90\xed\x11\xa4"
"\xc1\x96\xa1\x6c\x8f\x20\x0d\xb6\x0c\x71\x7b\x04\x69\xb0\x65\x98"
"\xdb\x23\x50\x83\x2d\x83\xde\x1e\x41\x1a\x6c\x19\x46\xf7\x90\xaa"
"\x2d\x03\xea\x1e\x41\x1a\x6c\x19\x56\xf7\x08\xd4\x60\xcb\x20\xbb"
"\x47\x90\x06\x5b\x06\xdb\x3d\x82\x34\xd8\x32\xe4\xee\x11\xa8\xc1"
"\x96\x01\x7c\x8f\x20\x0d\xb6\x0c\xee\x7b\x04\x69\xb0\x65\x80\xdf"
"\x23\x50\x83\x2d\xc3\xfd\x1e\x41\x1a\x6c\x19\x40\xf8\x90\xaa\x2d"
"\x83\x09\x1f\xc1\x19\x6c\x19\x68\xf8\x08\xd4\x60\xcb\xc0\xc3\x87"
"\x64\x13\x5b\x06\x39\x3e\x02\x35\xd8\x32\xe8\xf1\x21\xdd\xc4\x96"
"\xe1\x94\x8f\x40\x0d\xb6\x0c\xae\x7c\x48\x38\xb1\x65\xd0\xe5\x23"
"\x48\x83\x2d\x03\x2f\x1f\x81\x1a\x6c\x19\xc6\xf9\x08\xd2\x60\xcb"
"\xc0\xce\x87\x54\x6d\x19\xe2\xf9\x08\xd2\x60\xcb\x40\xcf\x47\xa0"
"\x06\x5b\x86\x7d\x3e\x82\x34\xd8\x32\xfc\xf3\x11\xa4\xc1\x96\x41"
"\xa4\x8f\x40\x0d\xb6\x0c\x29\x7d\x04\x69\xb0\x65\xb8\xe9\x23\x48"
"\x83\x2d\x43\x4e\x1f\x81\x1a\x6c\x19\xc0\xfa\x08\xd2\x60\xcb\x90"
"\xd6\x87\x54\x6d\x19\xde\xfa\x08\xce\x60\xcb\xd0\xd7\x47\xa0\x06"
"\x5b\x86\xd2\x3e\xa4\x9c\xd8\x32\xec\xf6\x11\xa8\xc1\x96\x61\xbc"
"\x0f\x49\x27\xb6\x0c\xf0\x7d\x04\x6a\xb0\x65\xb8\xef\x43\xda\x89"
"\x2d\xc3\x88\x1f\x41\x1a\x6c\x19\x4a\xfc\x08\xd4\x60\xcb\xc0\xe2"
"\x47\x90\x06\x5b\x86\x1a\x3f\xa4\x6a\xcb\xa0\xe3\x47\x90\x06\x5b"
"\x86\x1e\x3f\x02\x35\xd8\x32\x90\xf9\x11\xa4\xc1\x96\x01\xcd\x8f"
"\x20\x0d\xb6\x0c\x6b\x7e\x04\x6a\xb0\x65\x90\xf3\x23\x48\x83\x2d"
"\x03\xa8\x1f\x41\x1a\x6c\x19\x44\xfd\x08\xd4\x60\xcb\x90\xea\x47"
"\x90\x06\x5b\x06\x59\x3f\xa4\x6a\xcb\x80\xeb\x47\x70\x06\x5b\x06"
"\x73\x3f\x02\x35\xd8\x32\xb8\xfb\x21\xf1\xc4\x96\x81\xe4\x8f\x40"
"\x0d\xb6\x0c\x2c\x7f\x48\x3d\xb1\x65\xc8\xf9\x23\x50\x83\x2d\x03"
"\xd8\x1f\x92\x4f\x6c\x19\xd8\xfe\x08\xd2\x60\xcb\xe0\xf6\x47\xa0"
"\x06\x5b\x86\xba\x3f\x82\x34\xd8\x32\xf8\xfd\x21\x55\x5b\x86\xd2"
"\x3f\x82\x34\xd8\x32\x9c\xfe\x11\xa8\xc1\x96\xc1\xf5\x8f\x20\x0d"
"\xb6\x0c\xb4\x7f\x04\x69\xb0\x65\xb0\xfd\x23\x50\x83\x2d\x43\xef"
"\x1f\x41\x1a\x6c\x19\xca\xff\x08\xd2\x60\xcb\x70\xfe\x47\xa0\x06"
"\x5b\x06\xf7\x3f\x82\x34\xd8\x32\xd4\xff\x11\xa4\xc1\x96\xe1\xfe"
"\x8f\x40\x0d\xb6\x0c\xfe\x7f\x04\x69\xb0\x65\x20\x41\x24\x38\x83"
"\x2d\x83\x0d\x22\x81\x1a\x6c\x19\x6e\x10\x09\xd4\x60\xcb\x90\x83"
"\x48\xa0\x06\x5b\x06\x1d\x44\x02\x35\xd8\x32\xf0\x20\x22\xfd\xc4"
"\x96\xe1\x07\x91\x40\x0d\xb6\x0c\x60\x88\x04\x6a\xb0\x65\x18\x43"
"\x24\x50\x83\x2d\x03\x19\x22\x81\x1a\x6c\x19\xcc\x10\x91\x7e\x62"
"\xcb\x90\x86\x48\xa0\x06\x5b\x06\x35\x44\x02\x35\xd8\x32\xb4\x21"
"\x12\xa8\xc1\x96\xc1\x0d\x91\x40\x0d\xb6\x0c\x70\x88\x48\x3f\xb1"
"\x65\x98\x43\x24\x50\x83\x2d\x03\x1d\x22\x81\x1a\x6c\x19\xee\x10"
"\x09\xd4\x60\xcb\x80\x87\x48\xa0\x06\x5b\x06\x3d\x44\xa4\x9f\xd8"
"\x32\xf4\x21\x12\xa8\xc1\x96\xc1\x0f\x91\x40\x0d\xb6\x0c\xa1\x88"
"\x04\x6a\xb0\x65\x10\x45\x24\x50\x83\x2d\x03\x29\x22\xd2\x4f\x6c"
"\x19\x4e\x11\x09\xd4\x60\xcb\x80\x8a\x48\xa0\x06\x5b\x86\x55\x44"
"\x02\x35\xd8\x32\xb0\x22\x12\xa8\xc1\x96\xc1\x15\x11\xe9\x27\xb6"
"\x0c\xb1\x88\x04\x6a\xb0\x65\x90\x45\x24\x50\x83\x2d\x43\x2d\x22"
"\x81\x1a\x6c\x19\x6c\x11\x09\xd4\x60\xcb\x20\x8e\x48\xa0\x06\x5b"
"\x06\x72\x44\x02\x35\xd8\x32\x9c\x23\x22\x81\xc5\x96\xa1\x1e\x91"
"\x40\x0d\xb6\x0c\xfa\x88\x48\xd6\x96\xa1\x1f\x91\x40\x0d\xb6\x0c"
"\xff\x88\x04\x6a\xb0\x65\x10\x49\x44\x0a\x8b\x2d\xc3\x48\x22\x41"
"\x1a\x6c\x19\x48\x12\x09\xd2\x60\xcb\x20\x93\x48\x90\x06\x5b\x86"
"\x99\x44\x82\x34\xd8\x32\xd4\x24\x12\x9c\xc1\x96\x21\x2c\x91\x20"
"\x0d\xb6\x0c\x63\x89\x04\x6a\xb0\x65\x50\x4b\x24\x48\x83\x2d\xc3"
"\x5c\x22\x52\xb5\x65\xc0\x4b\x24\x48\x83\x2d\xc3\x5e\x22\x81\x1a"
"\x6c\x19\x44\x13\x09\xd2\x60\xcb\x60\x9a\x48\x90\x06\x5b\x86\xd4"
"\x44\x02\x35\xd8\x32\xc0\x26\x12\xa4\xc1\x96\xc1\x37\x91\x20\x0d"
"\xb6\x0c\xe0\x89\x04\x6a\xb0\x65\x38\x4f\x24\x48\x83\x2d\x03\x7c"
"\x22\x52\xb5\x65\xb0\x4f\x24\x38\x83\x2d\x03\x89\x22\x81\x1a\x6c"
"\x19\x58\x14\x91\xc4\x62\xcb\x20\xa6\x48\xa0\x06\x5b\x06\x35\x45"
"\xa4\xb1\xd8\x32\xdc\x29\x12\xa8\xc1\x96\xc1\x4f\x11\x89\x2c\xb6"
"\x0c\xaa\x8a\x04\x69\xb0\x65\x60\x55\x24\x50\x83\x2d\xc3\xac\x22"
"\x41\x1a\x6c\x19\x78\x15\x91\xaa\x2d\x43\xb8\x22\x41\x1a\x6c\x19"
"\xc8\x15\x09\xd4\x60\xcb\xb0\xae\x48\x90\x06\x5b\x86\x77\x45\x82"
"\x34\xd8\x32\xc8\x2b\x12\xa8\xc1\x96\x21\x5f\x91\x20\x0d\xb6\x0c"
"\x27\x8b\x04\x69\xb0\x65\x48\x59\x24\x50\x83\x2d\x03\xcc\x22\x41"
"\x1a\x6c\x19\x72\x16\x91\xaa\x2d\xc3\xcf\x22\xc1\x19\x6c\x19\xda"
"\x16\x09\xd4\x60\xcb\x50\xb7\x88\x54\x16\x5b\x86\xd5\x45\x02\x35"
"\xd8\x32\xcc\x2e\x22\x99\xc5\x96\x01\x7c\x91\x40\x0d\xb6\x0c\xe7"
"\x8b\x48\x67\xb1\x65\x98\x5f\x24\x48\x83\x2d\x43\xfd\x22\x81\x1a"
"\x6c\x19\xf8\x17\x09\xd2\x60\xcb\x50\xc2\x88\x54\x6d\x19\x58\x18"
"\x09\xd2\x60\xcb\xe0\xc2\x48\xa0\x06\x5b\x86\x1a\x46\x82\x34\xd8"
"\x32\xe0\x30\x12\xa4\xc1\x96\x41\x87\x91\x40\x0d\xb6\x0c\x61\x8c"
"\x04\x69\xb0\x65\x20\x63\x24\x48\x83\x2d\x83\x19\x23\x81\x1a\x6c"
"\x19\xda\x18\x09\xd2\x60\xcb\xf0\xc6\x48\x90\x06\x5b\x86\x38\x46"
"\x02\x35\xd8\x32\xe0\x31\x12\xa4\xc1\x96\x81\x8f\x91\x20\x0d\xb6"
"\x0c\x7e\x8c\x04\x6a\xb0\x65\x28\x65\x24\x48\x83\x2d\x03\x2a\x23"
"\x41\x1a\x6c\x19\x54\x19\x09\xd4\x60\xcb\x10\xcb\x48\x90\x06\x5b"
"\x06\x5a\x46\x82\x34\xd8\x32\xd8\x32\x12\xa8\xc1\x96\xa1\x97\x91"
"\x20\x0d\xb6\x0c\xbf\x8c\x04\x69\xb0\x65\x08\x67\x24\x50\x83\x2d"
"\x43\x48\x23\x41\x1a\x6c\x19\x44\x1a\x09\xce\x60\xcb\x70\xd2\x48"
"\x90\x06\x5b\x86\x94\x46\x02\x35\xd8\x32\xc0\x34\x12\xa4\xc1\x96"
"\xc1\xa6\x91\x20\x0d\xb6\x0c\x38\x8d\x04\x6a\xb0\x65\xf8\x69\x24"
"\x48\x83\x2d\xc3\x59\x23\x41\x1a\x6c\x19\xd2\x1a\x09\xd4\x60\xcb"
"\x00\xd7\x48\x90\x06\x5b\x86\xbb\x46\x82\x34\xd8\x32\xe4\x35\x12"
"\xa8\xc1\x96\x01\xb4\x91\x20\x0d\xb6\x0c\xed\x8d\x04\x67\xb0\x65"
"\xc8\x73\x24\x38\x83\x2d\xc3\x9e\x23\x41\x1a\x6c\x19\xf8\x1c\x09"
"\xd2\x60\xcb\x00\xea\x48\x90\x06\x5b\x06\x51\x47\x02\x35\xd8\x32"
"\xa4\x3a\x12\xa4\xc1\x96\x81\xd5\x91\x20\x0d\xb6\x0c\xae\x8e\x04"
"\x6a\xb0\x65\xa8\x75\x24\x48\x83\x2d\x03\xae\x23\x41\x1a\x6c\x19"
"\x74\x1d\x09\xd4\x60\xcb\x10\xee\x48\x90\x06\x5b\x86\x71\x47\x82"
"\x34\xd8\x32\x94\x3b\x12\xa8\xc1\x96\x81\xdd\x91\x20\x0d\xb6\x0c"
"\x21\x8f\x04\x6a\xb0\x65\x10\x79\x24\x50\x83\x2d\x43\xc9\x23\x12"
"\x5a\x6c\x19\x5e\x1e\x09\xd4\x60\xcb\x20\xf3\x88\x94\x16\x5b\x06"
"\xbe\x47\x02\x35\xd8\x32\xf4\x3d\x12\xa8\xc1\x96\x41\xf4\x91\x40"
"\x0d\xb6\x0c\xa3\x8f\x04\x6a\xb0\x65\x30\x7d\x44\x52\x8b\x2d\x83"
"\xeb\x23\x81\x1a\x6c\x19\x64\x1f\x09\xd4\x60\xcb\x50\xfb\x88\xb4"
"\x16\x5b\x86\xdd\x47\x02\x35\xd8\x32\x80\x3f\x12\xa8\xc1\x96\x61"
"\xfc\x11\x89\x2d\xb6\x0c\xe9\x8f\x04\x6a\xb0\x65\x60\x7f\x44\x6a"
"\x8b\x2d\xc3\xfb\x23\x12\xb7\x65\x80\x7f\x24\x38\x83\x2d\x83\xfc"
"\x23\x41\x1a\x6c\x19\xe8\x1f\x09\xd2\x60\xcb\x70\xff\x48\xa0\x06"
"\x5b\x06\xfc\x47\x82\x34\xd8\x32\xa0\x60\x12\xa4\xc1\x96\x21\x05"
"\x93\x20\x0d\xb6\x0c\x35\x98\x04\x69\xb0\x65\xb8\xc1\x24\x50\x83"
"\x2d\x83\x0f\x26\x41\x1a\x6c\x19\xce\x30\x91\xaa\x2d\x03\x1b\x26"
"\x41\x1a\x6c\x19\xde\x30\x09\xd4\x60\xcb\x60\x87\x49\x90\x06\x5b"
"\x06\x3d\x4c\x82\x34\xd8\x32\xf4\x61\x12\xa8\xc1\x96\x81\x14\x93"
"\x20\x0d\xb6\x0c\xb2\x98\x04\x69\xb0\x65\xa0\xc5\x24\x50\x83\x2d"
"\xc3\x2e\x26\x41\x1a\x6c\x19\xc8\x31\x91\xaa\x2d\x03\x3a\x26\xc1"
"\x19\x6c\x19\xec\x31\x09\xd4\x60\xcb\xe0\x8f\x89\xe4\x16\x5b\x06"
"\x9a\x4c\x02\x35\xd8\x32\xf0\x64\x22\xbd\xc5\x96\x21\x2d\x93\x40"
"\x0d\xb6\x0c\x70\x99\x48\x70\xb1\x65\xe0\xcb\x24\x48\x83\x2d\x83"
"\x5f\x26\x81\x1a\x6c\x19\x4a\x33\x09\xd2\x60\xcb\xe0\x9a\x89\x54"
"\x6d\x19\x64\x33\x09\xce\x60\xcb\xb0\x9b\x49\xa0\x06\x5b\x06\xf0"
"\x4c\x24\x6b\xcb\xa0\x9e\x49\x90\x06\x5b\x06\xf6\x4c\x02\x35\xd8"
"\x32\xcc\x67\x12\xa4\xc1\x96\x81\x3f\x13\xa9\xda\x32\xf4\x67\x12"
"\xa8\xc1\x96\x01\x44\x93\x40\x0d\xb6\x0c\x26\x9a\x04\x69\xb0\x65"
"\x58\xd1\x24\x48\x83\x2d\x03\x98\x26\x41\x1a\x6c\x19\xc4\x34\x09"
"\xd4\x60\xcb\x90\xa6\x49\x90\x06\x5b\x06\x39\x4d\xa4\x6a\xcb\xc0"
"\xa7\x49\x90\x06\x5b\x06\x3f\x4d\x02\x35\xd8\x32\x94\x6a\x12\xa4"
"\xc1\x96\xc1\x55\x13\xa9\xda\x32\xd0\x6a\x12\x9c\xc1\x96\x81\x57"
"\x93\x20\x0d\xb6\x0c\xe0\x9a\x48\xdd\x96\x81\x5c\x93\x20\x0d\xb6"
"\x0c\xe6\x9a\x04\x67\xb0\x65\x40\xd7\x24\x48\x83\x2d\x83\xba\x26"
"\x41\x1a\x6c\x19\xda\x35\x09\xd4\x60\xcb\xe0\xae\x49\x90\x06\x5b"
"\x86\x7a\x4d\x82\x34\xd8\x32\xe4\x6b\x12\xa4\xc1\x96\x81\x5f\x93"
"\x40\x0d\xb6\x0c\x23\x9b\x04\x69\xb0\x65\x40\xd9\x24\x48\x83\x2d"
"\x03\xcd\x26\x41\x1a\x6c\x19\x6c\x36\x09\xd4\x60\xcb\xd0\xb3\x49"
"\x90\x06\x5b\x06\xb3\x4d\xa4\x6a\xcb\xa0\xb6\x49\x70\x06\x5b\x06"
"\xbc\x4d\x02\x35\xd8\x32\x80\x6e\x22\xc5\xc5\x96\xc1\x76\x93\x40"
"\x0d\xb6\x0c\xbe\x9b\x48\x72\xb1\x65\x58\xdf\x24\x50\x83\x2d\x83"
"\xfc\x26\xd2\x5c\x6c\x19\xfc\x37\x09\xd2\x60\xcb\x00\xc2\x49\xa0"
"\x06\x5b\x86\x13\x4e\x82\x34\xd8\x32\xc0\x70\x22\x55\x5b\x86\x1b"
"\x4e\x82\x33\xd8\x32\xfc\x70\x12\xa8\xc1\x96\x81\x8c\x13\xc9\xda"
"\x32\x94\x71\x12\xa4\xc1\x96\x01\x8d\x93\x20\x0d\xb6\x0c\x69\x9c"
"\x04\x69\xb0\x65\x68\xe3\x24\x38\x83\x2d\x03\x1e\x27\x41\x1a\x6c"
"\x19\xf4\x38\x09\xd4\x60\xcb\x10\xca\x49\x90\x06\x5b\x06\x55\x4e"
"\xa4\x6a\xcb\x50\xcb\x49\x90\x06\x5b\x06\x5e\x4e\x82\x34\xd8\x32"
"\xf8\x72\x12\x9c\xc1\x96\x21\x9d\x93\x20\x0d\xb6\x0c\xeb\x9c\x04"
"\x6a\xb0\x65\x90\xe7\x24\x48\x83\x2d\xc3\x3e\x27\x52\xb5\x65\xe8"
"\xe7\x24\x50\x83\x2d\x43\x48\x27\x81\x1a\x6c\x19\x50\x3a\x09\xd2"
"\x60\xcb\xb0\xd2\x49\x90\x06\x5b\x06\x96\x4e\x82\x34\xd8\x32\xc0"
"\x74\x12\x9c\xc1\x96\x61\xa7\x93\x20\x0d\xb6\x0c\x3d\x9d\x04\x6a"
"\xb0\x65\x20\xeb\x24\x48\x83\x2d\x43\x5b\x27\x52\xb5\x65\xc0\xeb"
"\x24\x48\x83\x2d\xc3\x5f\x27\x41\x1a\x6c\x19\x56\x3b\x91\xaa\x2d"
"\x43\x6b\x27\x41\x1a\x6c\x19\x5c\x3b\x09\xd2\x60\xcb\x20\xdb\x49"
"\x90\x06\x5b\x86\xd9\x4e\x82\x34\xd8\x32\xcc\x77\x12\xa4\xc1\x96"
"\x81\xbe\x93\x20\x0d\xb6\x0c\xf7\x9d\x04\x69\xb0\x65\xc0\xef\x24"
"\x48\x83\x2d\x83\x89\x27\x41\x1a\x6c\x19\x4e\x3c\x09\xd2\x60\xcb"
"\x90\xe2\x49\x70\x06\x5b\x86\x1a\x4f\x82\x34\xd8\x32\xdc\x78\x12"
"\xa8\xc1\x96\xc1\xc7\x93\x20\x0d\xb6\x0c\x67\x9e\x48\xd5\x96\x01"
"\xcf\x93\x20\x0d\xb6\x0c\xa4\x9e\x04\x69\xb0\x65\x30\xf5\x24\x50"
"\x83\x2d\x43\xab\x27\x41\x1a\x6c\x19\x6c\x3d\x91\xaa\x2d\xc3\xb9"
"\x27\x41\x1a\x6c\x19\xe6\x3d\x09\xd2\x60\xcb\x50\xef\x49\xa0\x06"
"\x5b\x06\x7e\x4f\x82\x34\xd8\x32\x94\x7c\x22\x55\x5b\x06\x9b\x4f"
"\x82\x34\xd8\x32\x88\x7d\x12\xa4\xc1\x96\x81\xec\x93\x40\x0d\xb6"
"\x0c\x6b\x9f\x04\x69\xb0\x65\xa0\xfb\x44\xaa\xb6\x0c\xa5\x9f\x04"
"\x69\xb0\x65\x48\xfd\x24\x48\x83\x2d\xc3\xea\x27\x81\x1a\x6c\x19"
"\x64\x3f\x09\xd2\x60\xcb\x80\xfb\x49\x90\x06\x5b\x06\xdd\x4f\x02"
"\x35\xd8\x32\x84\x7f\x12\xa4\xc1\x96\x21\xfd\x93\x20\x0d\xb6\x0c"
"\xeb\x9f\x04\x6a\xb0\x65\x90\xff\x24\x48\x83\x2d\x43\xfe\x27\x41"
"\x1a\x6c\x19\xf6\x3f\x09\xd4\x60\xcb\x20\x82\x4a\x90\x06\x5b\x86"
"\x14\x54\x82\x33\xd8\x32\xe0\xa0\x12\xa8\xc1\x96\x01\x0c\x15\x89"
"\x2e\xb6\x0c\x75\xa8\x04\x6a\xb0\x65\xe8\x43\x45\xaa\x8b\x2d\x03"
"\x2a\x2a\x81\x1a\x6c\x19\x60\x51\x91\xec\x62\xcb\xa0\x8b\x4a\xa0"
"\x06\x5b\x86\x5d\x54\x02\x35\xd8\x32\xfc\xa2\x12\xa8\xc1\x96\x21"
"\x1c\x95\x80\x2f\xb6\x0c\xe2\xa8\x04\x7c\xb1\x65\x30\x47\x25\xe0"
"\x8b\x2d\x03\x3a\x2a\x41\x1a\x6c\x19\xd2\x51\x09\xd2\x60\xcb\xd0"
"\x8e\x4a\x90\x06\x5b\x86\x77\x54\x82\x33\xd8\x32\xc0\xa3\x12\x9c"
"\xc1\x96\x81\x1e\x95\xe0\x0c\xb6\x0c\xf7\xa8\x04\x67\xb0\x65\xe0"
"\x47\x25\x38\x83\x2d\x03\x48\x2a\x81\x1a\x6c\x19\x46\x52\x09\xce"
"\x60\xcb\x50\x92\x4a\x90\x06\x5b\x86\x93\x54\x82\x34\xd8\x32\xa8"
"\xa4\x12\xa8\xc1\x96\x61\x25\x95\x20\x0d\xb6\x0c\x61\xa9\x04\x69"
"\xb0\x65\x10\x4b\x25\x48\x83\x2d\x83\x5b\x2a\x41\x1a\x6c\x19\xe0"
"\x52\x09\xd4\x60\xcb\x70\x97\x4a\x90\x06\x5b\x06\xd0\x54\xa4\x6a"
"\xcb\x10\x9b\x4a\x90\x06\x5b\x06\xde\x54\x82\x34\xd8\x32\xf8\xa6"
"\x12\xa8\xc1\x96\xa1\x3c\x95\x20\x0d\xb6\x0c\xee\xa9\x48\xd5\x96"
"\xe1\x3f\x95\x20\x0d\xb6\x0c\x2a\xaa\x04\x69\xb0\x65\x60\x51\x25"
"\x50\x83\x2d\xc3\x8c\x2a\x41\x1a\x6c\x19\x78\x54\x91\xaa\x2d\xc3"
"\x99\x2a\x41\x1a\x6c\x19\xd6\x54\x09\xd2\x60\xcb\xd0\xa6\x4a\xa0"
"\x06\x5b\x06\x3a\x55\x82\x34\xd8\x32\xe8\xa9\x12\xa4\xc1\x96\x81"
"\x4f\x95\x40\x0d\xb6\x0c\xa3\xaa\x04\x69\xb0\x65\x58\x55\x25\x48"
"\x83\x2d\x43\xab\x2a\x81\x1a\x6c\x19\x68\x55\x09\xd2\x60\xcb\xb0"
"\xab\x4a\x90\x06\x5b\x86\x5e\x55\x02\x35\xd8\x32\x90\xab\x12\xa4"
"\xc1\x96\x61\x5d\x95\xe0\x0c\xb6\x0c\xfa\xaa\x04\x6a\xb0\x65\x10"
"\x59\x45\xba\x8b\x2d\xc3\xcd\x2a\x81\x1a\x6c\x19\x7e\x56\x91\xf0"
"\x62\xcb\xa0\xb6\x4a\xa0\x06\x5b\x06\xb9\x55\xa4\xbc\xd8\x32\xec"
"\xad\x12\xa4\xc1\x96\x81\x75\x95\x20\x0d\xb6\x0c\xae\xab\x04\x67"
"\xb0\x65\xf8\x5d\x25\x38\x83\x2d\x43\xf8\x2a\xc1\x19\x6c\x19\xce"
"\x57\x09\xd2\x60\xcb\x80\xbe\x4a\x90\x06\x5b\x06\xfb\x55\x82\x34"
"\xd8\x32\xdc\xaf\x12\xa4\xc1\x96\x21\x7f\x95\xe0\x0c\xb6\x0c\x25"
"\xac\x04\x69\xb0\x65\x38\x61\x25\x50\x83\x2d\x83\x0b\x2b\x41\x1a"
"\x6c\x19\x6e\x58\x91\xaa\x2d\x03\x1a\x2b\x41\x1a\x6c\x19\xe8\x58"
"\x09\xd2\x60\xcb\x60\xc7\x4a\xa0\x06\x5b\x86\x3e\x56\x82\x34\xd8"
"\x32\x8c\xb2\x12\xa4\xc1\x96\xa1\x94\x95\x40\x0d\xb6\x0c\xac\xac"
"\x04\x69\xb0\x65\xa0\x65\x25\x48\x83\x2d\x83\x2d\x2b\x81\x1a\x6c"
"\x19\x7a\x59\x09\xd2\x60\xcb\x40\xce\x4a\x90\x06\x5b\x06\x73\x56"
"\x02\x35\xd8\x32\xb4\xb3\x12\xa4\xc1\x96\xa1\x9e\x95\x20\x0d\xb6"
"\x0c\xf8\xac\x04\x6a\xb0\x65\xf8\x67\x25\x48\x83\x2d\xc3\x48\x2b"
"\x41\x1a\x6c\x19\x4c\x5a\x09\xd4\x60\xcb\xd0\xd2\x4a\x90\x06\x5b"
"\x86\x9c\x56\x82\x34\xd8\x32\xec\xb4\x12\xa8\xc1\x96\x41\xac\x95"
"\x20\x0d\xb6\x0c\x6b\xad\x48\xd5\x96\xe1\xad\x95\x20\x0d\xb6\x0c"
"\x70\xad\x04\x69\xb0\x65\x90\x6b\x25\x38\x83\x2d\x43\x5d\x2b\x01"
"\x1c\x6c\x19\x42\x5b\x91\xf4\x62\xcb\x20\xdb\x4a\x70\x06\x5b\x06"
"\xdb\x56\x82\x34\xd8\x32\xb0\xb7\x12\x9c\xc1\x96\x01\xbe\x95\x20"
"\x0d\xb6\x0c\x26\xae\x04\x67\xb0\x65\x50\x71\x25\x48\x83\x2d\x03"
"\x9d\x2b\x81\x1a\x6c\x19\xea\x5c\x09\xce\x60\xcb\xc0\xea\x4a\x70"
"\x06\x5b\x06\x58\x57\x02\xbf\xd8\x32\x94\xbb\x12\x9c\xc1\x96\x21"
"\xdd\x95\x00\x0e\xb6\x0c\xee\xae\x04\x70\x00\x00\x41\x62\x00\x00"
"\xf3\x0b\x00\x00\x0b\x0a\x20\x18\x84\xbd\x4c\x16\x0c\x01\xa0\x97"
"\xc9\x82\x02\x08\x06\x01\x2d\x93\x05\x43\x00\x9c\x65\xb2\xa0\x00"
"\x82\x41\xc0\xc9\x64\xc1\x10\x00\x37\x99\x2c\x28\x80\x60\x10\x5a"
"\x32\x59\x30\x04\x00\x4b\x26\x0b\x0a\x20\x18\x84\x7d\x4c\x16\x0c"
"\x01\xa0\x8f\xc9\x82\x02\x08\x06\x21\x1d\x93\x05\x43\x00\xa0\x63"
"\xb2\xa0\x00\x82\x41\xb8\xc5\x64\xc1\x10\x00\xb6\x98\x2c\xf0\xb8"
"\xc7\x61\x9a\x08\x52\x96\x49\x42\x92\x8a\x32\x8e\xcb\x22\x8a\x0c"
"\x13\x86\x4d\x03\x82\x55\x4c\x16\x0c\x01\xa0\x8a\xc9\x82\x03\x20"
"\x06\x21\x28\x50\x31\x59\x50\x08\x03\x10\xf4\x61\xb2\x60\x08\x80"
"\x3a\x4c\x16\x0c\x01\x10\x87\xc9\x82\x21\x00\xdc\x30\x59\x50\x04"
"\x80\x30\xfc\x60\xb2\xa0\x08\x00\x61\x78\xc1\x64\x01\x21\x04\xc0"
"\x09\x26\x0b\x0a\x20\x18\x84\xdd\x47\x16\x20\x06\x10\x08\x03\x51"
"\xd4\x3e\xb2\x80\x08\x00\x81\xf6\x91\x05\x43\x00\xb4\x3e\xb2\xe0"
"\x28\x88\x41\x08\x80\xd3\x47\x16\x0c\x01\x50\xfa\xc8\x82\x02\x10"
"\x86\x80\xef\x91\x05\x43\x00\xc0\x3d\xb2\x60\x08\x80\xb0\x47\x16"
"\x20\x46\x41\x0c\x42\x00\xb8\x3c\xb2\x00\x31\x0a\x62\x10\x02\xa0"
"\xe4\x91\x05\x43\x00\x90\x3c\xb2\x60\x08\x00\x7f\x47\x16\x0c\x01"
"\x70\xef\xc8\x82\x21\x00\xea\x1d\x59\x30\x04\x00\xbc\x23\x0b\x86"
"\x00\x68\x77\x64\x41\x01\x0c\x42\xe0\xeb\xc8\x02\x22\x00\x84\x5b"
"\x47\x16\x0c\x01\x40\xeb\xc8\x02\x03\x18\x08\x21\x50\x75\x64\xc1"
"\x51\x0c\x40\x40\x08\xa7\x8e\x2c\x30\x00\x61\x08\x08\x53\x47\x16"
"\x14\x40\x30\x08\x29\x8e\x2c\x20\x02\x40\x40\x71\x64\xc1\x10\x00"
"\xff\x8d\x2c\x28\x00\x61\x08\xec\x1b\x59\x30\x04\x80\x7a\x23\x0b"
"\x86\x00\xf8\x6d\x64\xc1\x10\x00\xb7\x8d\x2c\x28\x00\x61\x08\x5c"
"\x1b\x59\x30\x04\x80\x68\x23\x0b\x86\x00\xb8\x6b\x64\xc1\x10\x00"
"\x6f\x8d\x2c\x28\x00\x61\x08\xcc\x1a\x59\x30\x04\x80\x4e\x23\x0b"
"\x86\x00\x68\x69\x64\x01\x11\x00\x42\x49\x23\x0b\x92\x41\x08\x00"
"\xa2\x30\x8e\x7c\x46\x16\x14\x83\x10\x00\xba\x8c\x2c\x28\x06\x21"
"\x00\x72\x19\x59\x30\x04\xc0\x2c\x23\x0b\x86\x00\x60\x65\x64\xc1"
"\x10\x00\xaa\x8c\x2c\x18\x02\xa0\x94\x91\x05\x43\x00\x88\x32\xb2"
"\xa0\x00\x06\x21\x98\x63\x64\x01\x11\x00\x02\x1b\x23\x0b\x86\x00"
"\x48\x63\x64\x81\x01\x0c\x84\x10\xfc\x30\xb2\xe0\x28\x06\x20\x20"
"\x04\x1e\x46\x16\x18\x80\x30\x04\xc4\x0e\x23\x0b\x88\x00\x10\x6e"
"\x18\x59\x50\x00\xc1\x20\xf8\x2e\xb2\x80\x08\x00\xa1\x77\x91\x05"
"\x43\x00\xd8\x2e\xb2\x60\x08\x00\xd7\x45\x16\x14\x80\x30\x04\xa5"
"\x8b\x2c\x18\x02\x20\x6f\x91\x05\x43\x00\xb4\x2d\xb2\x60\x08\x80"
"\xb2\x45\x16\x14\x80\x30\x04\x3c\x8b\x2c\x18\x02\x00\x66\x91\x05"
"\x43\x00\x90\x2c\xb2\x60\x08\x00\x7e\x45\x16\x14\x80\x30\x04\xf3"
"\x8a\x2c\x18\x02\xe0\x5c\x91\x05\x43\x00\xec\x2a\xb2\x60\x08\x80"
"\x5a\x45\x16\x0c\x01\x30\xab\xc8\x82\x02\x10\x86\x40\x55\x91\x05"
"\x43\x00\xf8\x29\xb2\xa0\x08\x04\x60\xc8\x53\x64\xc1\x10\x00\x6f"
"\x8a\x2c\x18\x02\xc0\x45\x91\x05\x43\x00\xd0\x27\xb2\x60\x08\x00"
"\xf6\x44\x16\x14\x80\x30\x04\xe3\x89\x2c\x18\x02\xe0\x36\x91\x05"
"\x44\x20\x00\x7e\x89\x2c\x18\x02\x40\x2e\x91\x05\x43\x00\x94\x25"
"\xb2\x60\x08\x80\x9f\x44\x16\x0c\x01\xd0\x93\xc8\x82\x02\x10\x86"
"\x80\x26\x91\x05\x43\x00\xa0\x24\xb2\x60\x08\x80\x7b\x44\x16\x0c"
"\x01\x60\x8f\xc8\x02\x22\x10\x00\x72\x44\x16\x0c\x01\x80\x8b\xc8"
"\x82\x21\x00\x64\x11\x59\x30\x04\x80\x2a\x22\x0b\x86\x00\x40\x45"
"\x64\xc1\x10\x00\xa3\x88\x2c\x18\x02\x00\x14\x91\x05\x43\x00\xdc"
"\x21\xb2\xa0\x00\x06\x21\x80\x43\x64\x01\x11\x00\x42\x1a\x22\x0b"
"\x86\x00\x30\x43\x64\xc1\x10\x00\x3d\x88\x2c\x30\x80\x81\x10\x82"
"\x1d\x44\x16\x1c\xc5\x00\x04\x84\x80\x83\xc8\x02\x42\x00\x82\x1b"
"\x44\x16\x18\x40\x40\x0c\x02\x0d\x22\x0b\x88\x40\x00\x56\x10\x59"
"\x30\x04\xc0\xff\x1f\x0b\x8a\x00\x10\x06\xfb\x3f\x16\x10\x01\x20"
"\xb4\xff\xb1\xe0\x28\x88\x01\x08\x04\xf6\x3f\x16\x14\x80\x10\x0c"
"\xeb\x7f\x2c\x28\x02\x40\x18\xd4\xff\x58\x50\x00\x42\x30\x8c\xff"
"\xb1\xa0\x08\x00\x61\xf0\xfd\x63\x41\x21\x00\xc1\xe0\xfa\xc7\x82"
"\x42\x18\x80\x00\xf5\x8f\x05\x43\x00\x80\xfe\xb1\x60\x08\x00\xbe"
"\x3f\x16\x14\x80\x30\x04\x70\x7f\x2c\x18\x02\x80\xec\x8f\x05\x43"
"\x00\xd4\xfc\xb1\xa0\x10\x02\x60\x60\xf9\x63\x41\x01\x08\x43\x60"
"\xf2\xc7\x82\x21\x00\xf4\xfd\x58\x30\x04\x40\xbc\x1f\x0b\x86\x00"
"\x80\xf7\x63\x01\x11\x08\x00\xb8\x1f\x0b\x86\x00\xa0\xf5\x63\xc1"
"\x10\x00\xae\x7e\x2c\x18\x02\xc0\xd4\x8f\x05\x43\x00\x90\xfa\xb1"
"\x60\x08\x80\x3f\x3f\x16\x0c\x01\xc0\xe7\xc7\x82\x21\x00\xe6\xfc"
"\x58\x50\x00\x83\x10\xb0\xf9\xb1\x80\x08\x00\xa1\xcc\x8f\x05\x43"
"\x00\x88\xf9\xb1\x60\x08\x80\x1c\x3f\x16\x18\xc0\x40\x08\xc1\x8d"
"\x1f\x0b\x8e\x62\x00\x02\x42\xa0\xf1\x63\x01\x21\x00\xc1\x8c\x1f"
"\x0b\x0c\x20\x20\x06\x01\xc6\x8f\x05\x44\x20\x00\x27\x7e\x2c\x18"
"\x02\x60\xbf\x8f\x05\x45\x00\x08\x43\x7d\x1f\x0b\x88\x00\x10\xd8"
"\xfb\x58\x50\x0c\x40\x20\xac\xf7\xb1\x80\x08\x00\x41\xbd\x8f\x05"
"\x45\x00\x08\x43\x7a\x1f\x0b\x88\x00\x10\xc6\xfb\x58\x40\x00\x42"
"\xe0\xdb\xc7\x82\x21\x00\x7a\xfb\x58\x50\x00\xc2\x10\xd0\xf6\xb1"
"\x60\x08\x00\xd4\x3e\x16\x10\x01\x20\xe4\xf5\xb1\xe0\x08\x00\x61"
"\x20\x8a\xb6\x3e\x16\x0c\x01\x80\xd6\xc7\x82\x21\x00\xc6\xfa\x58"
"\x30\x04\x40\x58\x1f\x0b\x08\x21\x00\x74\xfa\x58\x30\x04\xc0\x4d"
"\x1f\x0b\x86\x00\x68\xe9\x63\x01\x21\x00\x01\x3f\x1f\x0b\x08\x01"
"\x08\xf6\xf9\x58\x30\x04\x00\x3d\x1f\x0b\x86\x00\x10\xe7\x63\xc1"
"\x10\x00\xba\x7c\x2c\x20\x04\x20\x78\xe5\x63\xc1\x10\x00\xad\x7c"
"\x2c\x28\x04\x20\x18\x44\xf9\x58\x50\x08\x40\x30\xe0\xf1\xb1\xa0"
"\x10\x80\x60\x70\xe3\x63\x41\x01\x04\x83\x40\xc6\xc7\x82\x21\x00"
"\xc6\xf8\x58\x70\x0c\x05\x21\x04\xc0\x0e\x1f\x0b\x86\x00\x70\xe1"
"\x63\x01\x11\x08\x80\x0a\x1f\x0b\x8a\x41\x08\x00\x12\x3e\x16\x14"
"\x83\x10\x00\xf3\x7b\x2c\x38\x0a\x42\x18\x80\x00\x77\x8f\x05\x43"
"\x00\xdc\xee\xb1\xc0\x10\x02\x60\x20\x64\xf7\x58\x60\x00\x42\x30"
"\x10\xb1\x7b\x2c\x30\x00\x21\x18\x08\xd6\x3d\x16\x18\x80\x10\x0c"
"\xc4\xe9\x1e\x0b\x14\x20\x10\x06\xc2\x28\x0e\x64\x74\x8f\x05\x43"
"\x00\xb8\xed\xb1\xa0\x00\x82\x41\xa8\xd7\x63\x01\x11\x00\x42\xbc"
"\x1e\x0b\x08\x01\x08\x72\xf5\x58\x50\x08\x40\x30\xc0\xea\xb1\xa0"
"\x10\x80\x60\x30\xd5\x63\x41\x21\x00\xc1\xc0\xa7\xc7\x82\x02\x08"
"\x06\x41\x4e\x8f\x05\x85\x00\x04\x43\x9c\x1e\x0b\x86\x00\x48\xd3"
"\x63\x41\x21\x00\xc1\x80\xa6\xc7\x82\x42\x00\x82\xc1\x47\x8f\x05"
"\x85\x00\x04\x03\x8d\x1e\x0b\x0a\x20\x18\x04\x15\x3d\x16\x14\x80"
"\x30\x04\xfe\x79\x2c\x18\x02\x40\x3e\x8f\x05\x43\x00\xb0\xe7\xb1"
"\x60\x08\x00\xf2\x3c\x16\x0c\x01\x20\x9e\xc7\x82\x21\x00\x74\xf3"
"\x58\x30\x04\x40\x6c\x1e\x0b\x0a\x60\x10\x02\xd5\x3c\x16\x0c\x01"
"\x00\x9a\xc7\x82\x21\x00\xee\xf2\x58\x60\x00\x03\x21\x04\x75\x79"
"\x2c\x38\x8a\x01\x08\x08\x41\x2e\x8f\x05\x84\x00\x04\x71\x79\x2c"
"\x30\x80\x80\x18\x04\xb7\x3c\x16\x14\x80\x30\x04\x63\x79\x2c\x18"
"\x02\xe0\x26\x8f\x05\x07\x30\x04\x02\x51\xc4\xe4\xb1\xc0\x00\x86"
"\x40\x20\x50\xf2\x58\x50\x0c\x40\x20\x9c\xe4\xb1\x80\x08\x00\xc1"
"\x24\x8f\x05\x45\x00\x08\x43\x49\x1e\x0b\x88\x00\x10\xfe\xf1\x58"
"\x40\x00\x42\xa0\x8f\xc7\x82\x21\x00\xf2\xf1\x58\x50\x00\xc2\x10"
"\xc0\xe3\xb1\x60\x08\x00\x72\x3c\x16\x0c\x01\xe0\x8b\xc7\x82\x21"
"\x00\x6c\xf1\x58\x30\x04\x00\x2d\x1e\x0b\x86\x00\x60\xc5\x63\xc1"
"\x10\x00\xa3\x78\x2c\x28\x80\x41\x08\xf8\xf0\x58\x30\x04\x80\x1c"
"\x1e\x0b\x86\x00\x48\xc3\x63\x81\x01\x0c\x84\x10\x9c\xe1\xb1\xe0"
"\x28\x06\x20\x20\x04\x32\x3c\x16\x10\x02\x10\x8c\xe1\xb1\xc0\x00"
"\x02\x62\x10\xc0\xf0\x58\x50\x00\xc2\x10\xd4\xe0\xb1\x60\x08\x80"
"\x14\x3c\x16\x1c\xc0\x10\x08\x44\x31\x82\xc7\x02\x03\x18\x02\x81"
"\xd0\x7f\x63\x41\x31\x00\x81\x90\xff\xc6\x02\x22\x00\x04\xfc\x37"
"\x16\x14\x01\x20\x0c\xf7\x6f\x2c\x20\x02\x40\x88\x7f\x63\x01\x01"
"\x08\x01\xfb\x1b\x0b\x86\x00\x58\x7f\x63\x41\x01\x08\x43\x20\xfe"
"\xc6\x82\x21\x00\x6c\xdf\x58\x20\x0d\x42\x00\x1c\x46\x41\x24\x88"
"\xb2\x34\x8c\xf3\x40\xb2\x6f\x2c\x18\x02\xe0\xf4\x8d\x05\x43\x00"
"\xf8\xbd\xb1\x80\x10\x02\x40\xef\x8d\x05\x43\x00\xd0\xbd\xb1\x60"
"\x08\x80\xb9\x37\x16\x0c\x01\xa0\xf6\xc6\x02\x42\x08\x80\xb2\x37"
"\x16\x28\xc8\x01\x04\xc2\x40\x18\x85\xbc\x1b\x0b\x8e\x62\x00\x02"
"\x42\x58\x77\x63\x41\xf4\x38\x00\x12\x24\x82\x32\x2c\x04\x53\x34"
"\x87\xa1\xee\xc6\x82\xe8\x71\x00\x24\x48\x04\x65\x58\x08\xa6\x68"
"\x0e\x23\xdd\x8d\x05\x84\x00\x04\xe7\x6e\x2c\x28\x80\x60\x10\xd8"
"\xdc\x58\x50\x00\xc2\x10\x80\xb9\xb1\x60\x08\x00\x1a\x37\x16\x0c"
"\x01\xe0\xe2\xc6\x82\x21\x00\x4c\xdc\x58\x30\x04\x00\x89\x1b\x0b"
"\x86\x00\xe0\x6f\x63\xc1\x10\x00\xf3\x6d\x2c\x28\x80\x41\x08\xd8"
"\xdb\x58\x30\x04\x80\x78\x1b\x0b\x86\x00\xc8\x6d\x63\x81\x01\x0c"
"\x84\x10\xdc\xb6\xb1\xe0\x28\x06\x20\x20\x04\xda\x36\x16\x10\x02"
"\x10\xcc\xb6\xb1\xc0\x00\x02\x62\x10\x60\xdb\x58\x50\x00\xc2\x10"
"\x94\xb6\xb1\x60\x08\x80\xbc\x36\x16\x1c\xc0\x10\x08\x44\x31\xd7"
"\xc6\x02\x03\x18\x02\x81\x50\x6b\x63\x41\x31\x00\x81\x90\xd6\xc6"
"\x02\x22\x00\x04\xb4\x36\x16\x14\x01\x20\x0c\x67\x6d\x2c\x20\x02"
"\x40\x08\x6b\x63\x01\x01\x08\x01\x4f\x1b\x0b\x86\x00\xd8\x69\x63"
"\x41\x01\x08\x43\x20\xd3\xc6\x82\x21\x00\x4c\xda\x58\x30\x04\x00"
"\x48\x1b\x0b\x86\x00\xc0\x67\x63\xc1\x10\x00\xf6\x6c\x2c\x18\x02"
"\xc0\x9d\x8d\x05\x43\x00\x94\xb3\xb1\xa0\x00\x06\x21\xf0\x65\x63"
"\xc1\x10\x00\xb4\x6c\x2c\x18\x02\x60\x95\x8d\x05\x06\x30\x10\x42"
"\x90\xca\xc6\x82\xa3\x18\x80\x80\x10\x4c\xd9\x58\x40\x08\x40\x50"
"\xca\xc6\x02\x03\x08\x88\x41\x10\x65\x63\x41\x01\x08\x43\x70\xc7"
"\xc6\x82\x21\x00\xd6\xd8\x58\x70\x00\x43\x20\x10\x45\x19\x1b\x0b"
"\x0c\x60\x08\x04\x82\x87\x8d\x05\xc5\x00\x04\xc2\x0e\x1b\x0b\x88"
"\x00\x10\x74\xd8\x58\x50\x04\x80\x30\xe4\xb0\xb1\x80\x08\x00\x61"
"\x86\x8d\x05\x04\x20\x04\x2e\x6c\x2c\x18\x02\xa0\x85\x8d\x05\x05"
"\x20\x0c\x01\x09\x1b\x0b\x86\x00\xc0\x5f\x63\xc1\x10\x00\xf2\x6b"
"\x2c\x18\x02\x40\x7d\x8d\x05\x43\x00\xa0\xaf\xb1\x60\x08\x00\xf0"
"\x35\x16\x0c\x01\x70\xbb\xc6\x82\x02\x18\x84\x00\x76\x8d\x05\x43"
"\x00\x98\xae\xb1\x60\x08\x80\xbe\x35\x16\x18\xc0\x40\x08\xc1\xde"
"\x1a\x0b\x8e\x62\x00\x02\x42\xc0\x5b\x63\x01\x21\x00\xc1\xdd\x1a"
"\x0b\x0c\x20\x20\x06\x81\x6e\x8d\x05\x05\x20\x0c\x41\xda\x1a\x0b"
"\x86\x00\xe8\x59\x63\xc1\x01\x0c\x81\x40\x14\x37\x6b\x2c\x30\x80"
"\x21\x10\x08\x97\x35\x16\x14\x03\x10\x08\x2d\x6b\x2c\x20\x02\x40"
"\x60\x59\x63\x41\x11\x00\xc2\xb0\xb2\xc6\x02\x22\x00\x84\x92\x35"
"\x16\x10\x80\x10\x80\xac\xb1\x60\x08\x80\x7f\x35\x16\x14\x80\x30"
"\x04\xf6\x6a\x2c\x18\x02\x40\x5d\x8d\x05\x44\x00\x08\xbb\x6a\x2c"
"\x98\x06\x21\x00\x0a\xc2\x38\x12\x44\x59\x1a\xc6\x79\xa0\xe8\x55"
"\x8d\x05\x43\x00\xa0\xaa\xb1\x60\x08\x80\x53\x35\x16\x0c\x01\xe0"
"\xa7\xc6\x82\x21\x00\xee\xd4\x58\x30\x04\x40\x9d\x1a\x0b\x86\x00"
"\x80\x53\x63\xc1\x10\x00\x6d\x6a\x2c\x20\x02\x40\xb8\x51\x63\xc1"
"\x10\x00\x34\x6a\x2c\x28\x00\x21\x18\x54\xd4\x58\x60\x00\xc2\x10"
"\x10\x26\x6a\x2c\x40\x04\xa3\x20\x86\x00\x08\x51\x63\x41\x01\x04"
"\x83\x80\x9a\xc6\x82\x02\x10\x86\x80\x2f\x8d\x05\x43\x00\xc0\xa5"
"\xb1\x60\x08\x00\xb5\x34\x16\x0c\x01\x20\x96\xc6\x82\x21\x00\xc0"
"\xd2\x58\x30\x04\x00\x4e\x1a\x0b\x86\x00\x78\x49\x63\x41\x01\x0c"
"\x42\x80\x92\xc6\x82\x21\x00\xfc\xd1\x58\x30\x04\x40\x3d\x1a\x0b"
"\x0c\x60\x20\x84\x60\x1e\x8d\x05\x47\x31\x00\x01\x21\xc0\xa3\xb1"
"\x80\x10\x80\xe0\x1d\x8d\x05\x06\x10\x10\x83\xc0\x8e\xc6\x82\x02"
"\x10\x86\x20\x1c\x8d\x05\x43\x00\xd4\xa2\xb1\xe0\x00\x86\x40\x20"
"\x8a\x57\x34\x16\x18\xc0\x10\x08\x84\x29\x1a\x0b\x8a\x01\x08\x84"
"\x52\x34\x16\x10\x01\x20\x90\xa2\xb1\xa0\x08\x00\x61\x18\x45\x63"
"\x01\x11\x00\x42\x1f\x1a\x0b\x08\x40\x08\xf0\xd0\x58\x30\x04\xc0"
"\x1d\x1a\x0b\x0a\x40\x18\x02\x37\x34\x16\x0c\x01\x20\x86\xc6\x82"
"\x21\x00\x78\xd0\x58\x30\x04\x00\x0d\x1a\x0b\x86\x00\x90\x41\x63"
"\xc1\x10\x00\x2a\x68\x2c\x18\x02\x20\x04\x8d\x05\x05\x30\x08\x81"
"\xfe\x17\x0b\x86\x00\x80\xff\x62\xc1\x10\x00\xe7\x5f\x2c\x30\x80"
"\x81\x10\x82\xf2\x2f\x16\x1c\xc5\x00\x04\x84\x20\xfe\xc5\x02\x42"
"\x00\x82\xf0\x2f\x16\x18\x40\x40\x0c\x82\xef\x17\x0b\x0a\x40\x18"
"\x82\xd9\x2f\x16\x0c\x01\x70\xfa\xc5\x82\x03\x18\x02\x81\x28\x42"
"\xbf\x58\x60\x00\x43\x20\x10\x78\x5f\x2c\x28\x06\x20\x10\xee\xbe"
"\x58\x40\x04\x80\x60\xf7\xc5\x82\x22\x00\x84\xa1\xee\x8b\x05\x44"
"\x00\x08\x6f\x5f\x2c\x20\x00\x21\x50\xfb\x62\xc1\x10\x00\x69\x5f"
"\x2c\x28\x00\x61\x08\xc0\xbe\x58\x30\x04\x00\xcd\x17\x0b\x88\x00"
"\x10\x4a\xbe\x58\xf0\x0c\x42\x00\x14\x84\x71\x24\x88\xb2\x30\x4d"
"\xbe\x17\x0b\x88\x40\x00\xda\xbd\x58\x30\x04\x40\xb8\x17\x0b\x86"
"\x00\xd8\xf5\x62\xc1\x10\x00\xb3\x5e\x2c\x18\x02\x20\xd6\x8b\x05"
"\x43\x00\xb0\x7a\xb1\x60\x08\x80\x54\x2f\x16\x0c\x01\x00\xea\xc5"
"\x82\x02\x18\x84\x20\xcf\x8b\x05\x44\x00\x08\x72\x5e\x2c\x18\x02"
"\xe0\xcd\x8b\x05\x43\x00\x98\x79\xb1\xc0\x00\x06\x42\x08\xc8\xbc"
"\x58\x70\x14\x03\x10\x10\x42\x98\x17\x0b\x08\x01\x08\xc0\xbc\x58"
"\x60\x00\x01\x31\x08\x3d\x5e\x2c\x20\x02\x01\xa0\xf1\x62\xc1\x10"
"\x00\x28\x5e\x2c\x28\x02\x40\x18\x40\xbc\x58\x40\x04\x80\x70\xdf"
"\xc5\x82\x62\x00\x02\xc1\xbe\x8b\x05\x44\x00\x08\xf5\x5d\x2c\x28"
"\x02\x40\x18\xe8\xbb\x58\x40\x04\x80\xd0\xde\xc5\x82\x22\x00\x84"
"\x01\xbd\x8b\x05\x44\x20\x00\xbc\x5d\x2c\x18\x02\x00\xb6\x8b\x05"
"\x43\x00\xa8\x76\xb1\x60\x08\x00\xd1\x2e\x16\x0c\x01\x00\xda\xc5"
"\x82\x21\x00\xf6\xba\x58\x30\x04\x00\x5e\x17\x0b\x86\x00\x78\xeb"
"\x62\x41\x01\x0c\x42\x80\xd6\xc5\x02\x22\x00\x84\xb0\x2e\x16\x0c"
"\x01\xe0\xd3\xc5\x82\x21\x00\x6a\xba\x58\x60\x00\x03\x21\x04\x33"
"\x5d\x2c\x38\x8a\x01\x08\x08\x01\xa6\x8b\x05\x84\x00\x04\x2f\x5d"
"\x2c\x30\x80\x80\x18\x04\x96\x2e\x16\x10\x81\x00\x8c\x74\xb1\x60"
"\x08\x80\x7b\x2e\x16\x14\x01\x20\x0c\xef\x5c\x2c\x20\x02\x40\x30"
"\xe7\x62\x41\x31\x00\x81\x50\xce\xc5\x02\x22\x00\x04\x72\x2e\x16"
"\x14\x01\x20\x0c\xe3\x5c\x2c\x20\x02\x40\xe0\xe5\x62\x41\x11\x00"
"\xc2\x70\xcb\xc5\x82\x21\x00\x58\xb9\x58\x30\x04\xc0\x2a\x17\x0b"
"\x88\x40\x00\xf6\xb8\x58\x30\x04\xc0\x1b\x17\x0b\x8a\x00\x10\x06"
"\x33\x2e\x16\x0c\x01\x50\xc6\xc5\x82\x21\x00\x7c\xb8\x58\x30\x04"
"\x40\x0f\x17\x0b\x88\x40\x00\x5e\xb8\x58\x30\x04\xc0\x08\x17\x0b"
"\x86\x00\x88\xdf\x62\xc1\x10\x00\xed\x5b\x2c\x18\x02\x00\x7c\x8b"
"\x05\x43\x00\xc4\x6e\xb1\x60\x08\x00\xd2\x2d\x16\x14\x40\x30\x08"
"\x78\x5b\x2c\x18\x02\xe0\x6e\x8b\x05\x05\x20\x04\xc3\xdb\x16\x0b"
"\x86\x00\xd0\xd9\x62\xc1\x10\x00\x30\x5b\x2c\x18\x02\xc0\x5e\x8b"
"\x05\x43\x00\xd4\x6b\xb1\xa0\x10\x06\x20\x38\xd7\x62\xc1\x10\x00"
"\xbf\x5a\x2c\x18\x02\x60\x57\x8b\x05\x0b\x20\x0c\x44\x11\x1c\x48"
"\x62\x20\x0b\x0a\x20\x18\x04\x1c\x2d\x16\x10\x02\x10\xdc\x68\xb1"
"\x60\x08\x80\x14\x2d\x16\x18\x04\x10\x08\x43\x88\x16\x0b\x86\x00"
"\xd0\xcf\x62\xc1\x10\x00\xf9\x59\x2c\x20\x02\x01\x38\xcf\x62\xc1"
"\x10\x00\xbb\x59\x2c\x18\x02\xa0\x36\x8b\x05\x43\x00\xb4\x66\xb1"
"\x60\x08\x80\xd5\x2c\x16\x0c\x01\x60\x9a\xc5\x82\x21\x00\x46\xb3"
"\x58\x30\x04\x80\x5e\x16\x0b\x0a\x60\x10\x82\xb9\x2c\x16\x10\x01"
"\x20\xb0\x65\xb1\x60\x08\x80\xb4\x2c\x16\x0c\x01\x00\x96\xc5\x02"
"\x03\x18\x08\x21\xf0\xc9\x62\xc1\x51\x0c\x40\x40\x08\x3b\x59\x2c"
"\x20\x04\x20\xd0\xc9\x62\x81\x01\x04\xc4\x20\xdc\x64\xb1\x80\x08"
"\x04\xc0\x25\x8b\x05\x43\x00\x88\x64\xb1\xa0\x08\x00\x61\xe0\xc7"
"\x62\x01\x11\x00\xc2\x3c\x16\x0b\x8a\x01\x08\x04\x79\x2c\x16\x10"
"\x01\x20\xc4\x63\xb1\xa0\x08\x00\x61\x80\xc7\x62\x01\x11\x00\x82"
"\x3a\x16\x0b\x08\x21\x00\xca\xb1\x58\x30\x04\x00\x39\x16\x0b\x0a"
"\x40\x18\x82\x5d\x2c\x16\x0c\x01\xf0\x8a\xc5\x82\x21\x00\x52\xb1"
"\x58\x30\x04\x40\x28\x16\x0b\x86\x00\xf8\xc3\x62\xc1\x10\x00\x77"
"\x58\x2c\x18\x02\xc0\x0d\x8b\x05\x05\x30\x08\xc1\x19\x16\x0b\x86"
"\x00\xe8\xc1\x62\xc1\x10\x00\x34\x58\x2c\x30\x80\x81\x10\x02\x19"
"\x2c\x16\x1c\xc5\x00\x04\x84\xf0\x82\xc5\x02\x42\x00\x02\x17\x2c"
"\x16\x18\x40\x40\x0c\xc2\x0a\x16\x0b\x0a\x40\x18\x02\x10\x2c\x16"
"\x0c\x01\x40\xff\xc4\x82\x03\x10\x86\x80\x28\xdc\x9f\x58\x60\x00"
"\x43\x20\x10\xe5\x4f\x2c\x28\x06\x20\x10\xc8\x9f\x58\x40\x04\x80"
"\x30\xfe\xc4\x82\x22\x00\x84\x41\xfc\x89\x05\x44\x00\x08\xbc\x4f"
"\x2c\x20\x84\x00\xb8\x7d\x62\xc1\x10\x00\xb6\x4f\x2c\x28\x00\x61"
"\x08\x5a\x9f\x58\x30\x04\x40\xe8\x13\x0b\x86\x00\xd8\x7b\x62\xc1"
"\x10\x00\x73\x4f\x2c\x18\x02\x20\xee\x89\x05\x43\x00\xa4\x3d\xb1"
"\x60\x08\x00\xb0\x27\x16\x14\xc0\x20\x04\x39\x4f\x2c\x18\x02\xe0"
"\xe5\x89\x05\x43\x00\x98\x3c\xb1\xc0\x00\x06\x42\x08\x48\x9e\x58"
"\x70\x14\x03\x10\x10\x42\xc8\x13\x0b\x08\x01\x08\x40\x9e\x58\x60"
"\x00\x01\x31\x08\xfd\x4e\x2c\x28\x00\x61\x08\xe4\x9d\x58\x30\x04"
"\x80\xb9\x13\x0b\x0e\x40\x18\x02\xa2\x00\x77\x62\x81\x01\x0c\x81"
"\x40\xdc\x3a\xb1\xa0\x18\x80\x40\xb0\x75\x62\x01\x11\x00\x42\xad"
"\x13\x0b\x8a\x00\x10\x06\x5a\x27\x16\x10\x01\x20\xb8\x3a\xb1\x80"
"\x10\x02\x20\xd5\x89\x05\x43\x00\xa0\x3a\xb1\xa0\x00\x84\x21\xf8"
"\x73\x62\xc1\x10\x00\x73\x4e\x2c\x20\x02\x40\x68\x73\x62\x01\x11"
"\x00\x02\x99\x13\x0b\x1e\x61\x20\x8a\xc0\x38\x10\x20\x51\x16\xa6"
"\xc1\x71\x62\xc1\x10\x00\x34\x4e\x2c\x28\x00\x61\x08\x4e\x9c\x58"
"\x30\x04\xc0\x7e\x13\x0b\x86\x00\xa8\x6f\x62\xc1\x10\x00\xed\x4d"
"\x2c\x18\x02\x60\xbd\x89\x05\x43\x00\x8c\x37\xb1\x60\x08\x00\xdd"
"\x26\x16\x14\xc0\x20\x04\xb3\x4d\x2c\x18\x02\x20\xb5\x89\x05\x43"
"\x00\x80\x36\xb1\xc0\x00\x06\x42\x08\xfc\x9a\x58\x70\x14\x03\x10"
"\x10\xc2\x5e\x13\x0b\x0c\x20\x20\x06\x21\xaf\x89\x05\x05\x20\x0c"
"\x81\x5b\x13\x0b\x86\x00\x10\x6b\x62\xc1\x01\x08\x43\x40\x14\x3d"
"\x4d\x2c\x30\x00\x61\x08\x08\x9a\x26\x16\x14\x03\x10\x08\x33\x4d"
"\x2c\x20\x02\x40\x90\x69\x62\x41\x11\x00\xc2\x10\xd3\xc4\x02\x22"
"\x00\x84\x95\x26\x16\x10\x42\x00\x98\x34\xb1\x60\x08\x80\x92\x26"
"\x16\x14\x80\x30\x04\xfc\x4c\x2c\x18\x02\x00\x9e\x89\x05\x43\x00"
"\xa4\x33\xb1\x60\x08\x00\x74\x26\x16\x0c\x01\x00\xce\xc4\x82\x21"
"\x00\x7e\x99\x58\x40\x08\x40\x90\xcb\xc4\x82\x42\x18\x80\x00\x96"
"\x89\x05\x43\x00\xa0\x32\xb1\x60\x08\x00\x52\x26\x16\x0c\x01\x00"
"\xca\xc4\x82\x21\x00\xe6\x98\x58\x50\x00\xc1\x20\x9c\x30\xb1\x80"
"\x08\x00\xc1\x7e\x89\x05\xcc\x40\x14\xc6\x91\x00\x81\x80\x28\xea"
"\x4b\x2c\x18\x02\xe0\x7c\x89\x05\x84\x10\x00\xbf\x4b\x2c\x18\x02"
"\x20\x77\x89\x05\x43\x00\xe0\x2e\xb1\x60\x08\x80\xd7\x25\x16\x0c"
"\x01\xb0\xba\xc4\x02\x42\x08\x80\xd3\x25\x16\x0c\x01\x60\xba\xc4"
"\x82\x02\x08\x06\x21\x65\x89\x05\x05\x20\x0c\x41\xbf\x12\x0b\x86"
"\x00\x88\x57\x62\xc1\x10\x00\xeb\x4a\x2c\x18\x02\x60\x5c\x89\x05"
"\x43\x00\x84\x2b\xb1\x60\x08\x80\x5c\x25\x16\x0c\x01\x00\xab\xc4"
"\x82\x02\x18\x84\x20\x55\x89\x05\x43\x00\xfc\x29\xb1\x60\x08\x00"
"\x3b\x25\x16\x18\xc0\x40\x08\x01\x9d\x12\x0b\x8e\x62\x00\x02\x42"
"\x88\x53\x62\x01\x21\x00\x01\x9c\x12\x0b\x0c\x20\x20\x06\xa1\x4d"
"\x89\x05\x05\x20\x0c\x81\x98\x12\x0b\x86\x00\xb0\x51\x62\xc1\x01"
"\x08\x43\x40\x14\x30\x4a\x2c\x30\x80\x21\x10\x88\x13\x25\x16\x14"
"\x03\x10\x08\x26\x4a\x2c\x20\x02\x40\x28\x51\x62\x41\x11\x00\xc2"
"\x40\xa2\xc4\x02\x22\x00\x04\xff\x24\x16\x10\x42\x00\xe4\x27\xb1"
"\x60\x08\x00\xfc\x24\x16\x14\x80\x30\x04\xef\x49\x2c\x18\x02\x60"
"\x3c\x89\x05\x43\x00\xf4\x26\xb1\x60\x08\x80\xda\x24\x16\x0c\x01"
"\x30\x9b\xc4\x82\x21\x00\x56\x93\x58\x30\x04\x80\x68\x12\x0b\x0a"
"\x60\x10\x82\xbd\x24\x16\x0c\x01\x10\x97\xc4\x82\x21\x00\xd0\x92"
"\x58\x60\x00\x03\x21\x04\x66\x49\x2c\x38\x8a\x01\x08\x08\x61\x2c"
"\x89\x05\x84\x00\x04\x62\x49\x2c\x30\x80\x80\x18\x84\x9f\x24\x16"
"\x14\x80\x30\x04\x34\x49\x2c\x18\x02\x00\x25\x89\x05\x07\x20\x0c"
"\x01\x51\x88\x24\xb1\xc0\x00\x86\x40\x20\xf2\x91\x58\x50\x0c\x40"
"\x20\xe0\x23\xb1\x80\x08\x00\xe1\x1e\x89\x05\x45\x00\x08\x83\x3d"
"\x12\x0b\x88\x00\x10\xe0\x91\x58\x40\x08\x01\xb0\x8e\xc4\x82\x21"
"\x00\xd4\x91\x58\x50\x00\xc2\x10\x84\x23\xb1\x60\x08\x80\x5a\x24"
"\x16\x10\x01\x20\xbc\x22\xb1\x80\x08\x00\xc1\x14\x89\x05\x0f\x10"
"\x08\x05\x61\x1c\xc8\x90\x28\x0b\xd3\xe8\x21\xb1\x60\x08\x80\x3b"
"\x24\x16\x10\x42\x00\xc8\x21\xb1\x60\x08\x00\x38\x24\x16\x10\x42"
"\x00\xb0\x21\xb1\x60\x08\x80\x32\x24\x16\x10\x42\x00\x88\x21\xb1"
"\x60\x08\x80\x30\x24\x16\x0c\x01\x30\x07\x0b\x86\x00\xd8\x41\x62"
"\x01\x21\x04\x80\x0d\x12\x0b\x14\xe4\x00\x02\x61\x20\x8c\x62\xfc"
"\x87\x05\x47\x31\x00\x01\x21\xf0\xfe\xb0\x20\x7a\x1c\x00\x09\x12"
"\x41\x19\x16\x82\x29\x9a\xc3\xd8\xfd\x61\x41\xf4\x38\x00\x12\x24"
"\x82\x32\x2c\x04\x53\x34\x87\xa1\xfb\xc3\x02\x42\x00\x02\xdc\x1f"
"\x16\x14\x40\x30\x08\x3d\x3f\x2c\x28\x00\x61\x08\x62\x7e\x58\x30"
"\x04\x40\xc9\x0f\x0b\x86\x00\xf8\xf7\x61\xc1\x10\x00\xf7\x3e\x2c"
"\x18\x02\xa0\xde\x87\x05\x43\x00\xb4\xfb\xb0\x60\x08\x00\x72\x1f"
"\x16\x14\xc0\x20\x04\xbd\x3e\x2c\x18\x02\x60\xd6\x87\x05\x43\x00"
"\xa8\xfa\xb0\xc0\x00\x06\x42\x08\x50\x7d\x58\x70\x14\x03\x10\x10"
"\x42\xa9\x0f\x0b\x08\x01\x08\x48\x7d\x58\x60\x00\x01\x31\x08\xa1"
"\x3e\x2c\x28\x00\x61\x08\xec\x7c\x58\x30\x04\x80\x9a\x0f\x0b\x0e"
"\x40\x18\x02\xa2\x20\xf3\x61\x81\x01\x0c\x81\x40\xec\xf8\xb0\xa0"
"\x18\x80\x40\xd0\xf1\x61\x01\x11\x00\x42\x8e\x0f\x0b\x8a\x00\x10"
"\x06\x1c\x1f\x16\x10\x01\x20\xc8\xf8\xb0\x60\x08\x00\x17\x1f\x16"
"\x10\x42\x00\xb4\xf8\xb0\x60\x08\x00\x16\x1f\x16\x14\x80\x30\x04"
"\x23\x3e\x2c\x18\x02\xe0\xbe\x87\x05\x43\x00\xc4\xf7\xb0\x60\x08"
"\x80\xf4\x1e\x16\x0c\x01\x70\xde\xc3\x82\x21\x00\x7e\x7b\x58\x30"
"\x04\x80\x6d\x0f\x0b\x0a\x60\x10\x82\xd7\x1e\x16\x0c\x01\x50\xda"
"\xc3\x82\x21\x00\xf8\x7a\x58\x60\x00\x03\x21\x04\x7a\x3d\x2c\x38"
"\x8a\x01\x08\x08\xe1\xae\x87\x05\x84\x00\x04\x76\x3d\x2c\x30\x80"
"\x80\x18\x84\xb9\x1e\x16\x14\x80\x30\x04\x68\x3d\x2c\x18\x02\x80"
"\xa7\x87\x05\x07\x20\x0c\x01\x51\xd8\xf4\xb0\xc0\x00\x86\x40\x20"
"\x5a\x7a\x58\x50\x0c\x40\x20\xb0\xf4\xb0\x80\x08\x00\x61\xa5\x87"
"\x05\x45\x00\x08\x83\x4a\x0f\x0b\x88\x00\x10\x48\x7a\x58\x40\x08"
"\x01\xf0\xcf\xc3\x82\x21\x00\xfc\x79\x58\x50\x00\xc2\x10\xd4\xf3"
"\xb0\x60\x08\x80\x74\x1e\x16\x0c\x01\x30\xce\xc3\x82\x21\x00\x76"
"\x79\x58\x30\x04\x40\x2e\x0f\x0b\x86\x00\x88\xe5\x61\xc1\x10\x00"
"\xa8\x3c\x2c\x28\x80\x41\x08\x42\x79\x58\x30\x04\xc0\x1d\x0f\x0b"
"\x86\x00\x70\xe3\x61\x81\x01\x0c\x84\x10\xb0\xf1\xb0\xe0\x28\x06"
"\x20\x20\x84\x34\x1e\x16\x10\x02\x10\xa0\xf1\xb0\xc0\x00\x02\x62"
"\x10\xca\x78\x58\x50\x00\xc2\x10\xe8\xf0\xb0\x60\x08\x00\x17\x1e"
"\x16\x1c\x80\x30\x04\x44\x81\xc2\xc3\x02\x03\x18\x02\x81\xf8\xdf"
"\x61\x41\x31\x00\x81\xe0\xbf\xc3\x02\x22\x00\x84\xfe\x1d\x16\x14"
"\x01\x20\x0c\xfc\x3b\x2c\x20\x02\x40\xb0\xdf\x61\x01\x21\x04\x40"
"\xfc\x0e\x0b\x86\x00\x80\xdf\x61\x41\x01\x08\x43\x70\xbe\xc3\x82"
"\x21\x00\x76\x77\x58\x40\x04\x80\x50\xbb\xc3\x02\x22\x00\x04\xd6"
"\x1d\x16\x4c\x40\x20\x18\xc5\x81\x24\x84\xb2\x30\x43\xe3\x3c\x50"
"\x04\xba\xc3\x02\x42\x08\x80\xb1\x1d\x16\x0c\x01\x00\xb6\xc3\x82"
"\x21\x00\x7a\x76\x58\x50\x0c\x40\x20\xe4\xec\xb0\xa0\x00\x84\x21"
"\x60\xd9\x61\xc1\x10\x00\x20\x3b\x2c\x28\x84\x01\x08\xec\x75\x58"
"\x30\x04\x80\xbb\x0e\x0b\x86\x00\x50\xd7\x61\xc1\x10\x00\xe6\x3a"
"\x2c\x18\x02\xa0\x5c\x87\x05\x43\x00\x88\xeb\xb0\xa0\x10\x06\x20"
"\xc0\xd5\x61\xc1\x10\x00\xb0\x3a\x2c\x18\x02\x80\x55\x87\x05\x85"
"\x30\x00\xc1\x9f\x0e\x0b\x8c\x41\x20\x02\xa0\x4d\x87\x05\x84\x10"
"\x00\x60\x3a\x2c\x28\x80\x60\x10\xe8\x73\x58\x50\x08\x40\x30\xcc"
"\xe7\xb0\x60\x08\x80\xf5\x1c\x16\x14\x02\x10\x0c\xea\x39\x2c\x28"
"\x04\x20\x18\xc0\x73\x58\x50\x08\x40\x30\xd8\xe6\xb0\xa0\x00\x82"
"\x41\x60\xcd\x61\x41\x01\x08\x43\x00\x9a\xc3\x82\x21\x00\xe8\x72"
"\x58\x30\x04\x80\x5b\x0e\x0b\x86\x00\x30\xcb\x61\xc1\x10\x00\x64"
"\x39\x2c\x18\x02\x80\x27\x87\x05\x43\x00\xcc\xe4\xb0\xa0\x00\x06"
"\x21\x60\xc9\x61\xc1\x10\x00\x22\x39\x2c\x18\x02\x20\x1f\x87\x05"
"\x06\x30\x10\x42\x70\x8f\xc3\x82\xa3\x18\x80\x80\x10\xe8\x71\x58"
"\x40\x08\x40\x30\x8f\xc3\x02\x03\x08\x88\x41\x80\xc7\x61\x41\x01"
"\x08\x43\x50\x8e\xc3\x82\x21\x00\x72\x71\x58\x70\x00\xc2\x10\x10"
"\x45\x2c\x0e\x0b\x0c\x60\x08\x04\x02\x15\x87\x05\xc5\x00\x04\xc2"
"\x29\x0e\x0b\x88\x00\x10\x4c\x71\x58\x50\x04\x80\x30\x94\xe2\xb0"
"\x80\x08\x00\xc1\x0f\x87\x05\xd0\x81\x24\x40\x20\x28\x03\x51\x2c"
"\x06\xd3\x38\x79\x38\x2c\x20\x02\x01\x48\xc3\x61\xc1\x10\x00\x3d"
"\x38\x2c\x28\x00\x61\x08\x66\x70\x58\x40\x04\x80\xa0\x82\xc3\x82"
"\x21\x00\x4e\x70\x58\x50\x00\xc2\x10\xd4\xbf\xb0\x60\x08\x80\xf4"
"\x17\x16\x0c\x01\x30\xfe\xc2\x82\x21\x00\x76\x5f\x58\x30\x04\x40"
"\xee\x0b\x0b\x86\x00\x88\x7d\x61\xc1\x10\x00\xa8\x2f\x2c\x28\x80"
"\x41\x08\x42\x5f\x58\x30\x04\xc0\xdd\x0b\x0b\x86\x00\x70\x7b\x61"
"\x81\x01\x0c\x84\x10\xb0\xbd\xb0\xe0\x28\x06\x20\x20\x84\xb4\x17"
"\x16\x10\x02\x10\xa0\xbd\xb0\xc0\x00\x02\x62\x10\xca\x5e\x58\x50"
"\x00\xc2\x10\xe8\xbc\xb0\x60\x08\x00\x97\x17\x16\x1c\x80\x30\x04"
"\x44\x81\xf2\xc2\x02\x03\x18\x02\x81\xf8\x77\x61\x41\x31\x00\x81"
"\xe0\xef\xc2\x02\x22\x00\x84\x7e\x17\x16\x14\x01\x20\x0c\xfc\x2e"
"\x2c\x20\x02\x40\xb0\x77\x61\xc1\x10\x00\xf2\x2e\x2c\x20\x84\x00"
"\x88\x77\x61\x01\x11\x08\x00\xba\x0b\x0b\x86\x00\xe0\x75\x61\xc1"
"\x21\x00\x03\x11\x14\xc6\x02\x23\x00\x06\x42\x68\x75\x61\xc1\x10"
"\x00\xa1\x2e\x2c\x38\x02\x61\x00\x88\x82\xcf\x85\x05\x4a\x20\x00"
"\x03\x51\x18\x07\xe2\xe6\xc2\x82\x21\x00\xce\x5c\x58\x30\x04\x80"
"\x99\x0b\x0b\x26\x20\x10\x86\xc2\x88\x20\xe7\x69\x98\x45\x49\x90"
"\x83\x78\x6f\x61\x01\x11\x08\x80\x79\x0b\x0b\x86\x00\xd0\x6d\x61"
"\xc1\x10\x00\xb4\x2d\x2c\x18\x02\x80\xb5\x85\x05\x43\x00\xa8\xb6"
"\xb0\x60\x08\x80\xd2\x16\x16\x0c\x01\x20\xda\xc2\x82\x21\x00\xf2"
"\x5a\x58\x50\x00\x83\x10\xc8\xb5\xb0\x80\x08\x00\x61\xad\x85\x05"
"\x43\x00\xa0\xb5\xb0\x60\x08\x80\x9f\x16\x16\x18\xc0\x40\x08\x41"
"\x4f\x0b\x0b\x8e\x62\x00\x02\x42\xd0\x69\x61\x01\x21\x00\x41\x4e"
"\x0b\x0b\x0c\x20\x20\x06\xc1\xa6\x85\x05\x44\x20\x00\x2d\x2d\x2c"
"\x18\x02\x20\xa4\x85\x05\x45\x00\x08\xc3\x3e\x0b\x0b\x88\x00\x10"
"\xe4\x59\x58\x50\x0c\x40\x20\xc4\xb3\xb0\x80\x08\x00\x01\x9e\x85"
"\x05\x45\x00\x08\xc3\x3b\x0b\x0b\x88\x00\x10\xd2\x59\x58\x40\x08"
"\x01\x40\xce\xc2\x82\x21\x00\xc6\x59\x58\x50\x00\xc2\x10\xe8\xb2"
"\xb0\x60\x08\x00\x57\x16\x16\x10\x01\x20\xa0\xb2\xb0\xa0\x08\x04"
"\x60\x08\x65\x61\x01\x11\x00\xc2\x1f\x0b\x0b\x8a\x00\x10\x86\x39"
"\x16\x16\x14\x01\x20\x0c\x67\x2c\x2c\x18\x02\x00\x87\x85\x05\x43"
"\x00\xdc\xb0\xb0\x60\x08\x00\x18\x16\x16\x0c\x01\xe0\xc2\xc2\x82"
"\x62\x10\x02\x20\x85\x85\x05\xcb\x91\x20\x06\x10\x08\x03\x51\xb4"
"\xaf\xb0\xc0\x18\x80\x80\x10\xd4\x57\x58\x30\x04\xc0\xf9\x0a\x0b"
"\xa8\x07\x88\xa0\x40\x18\x88\xc2\x38\x90\x44\x59\x18\xa7\x91\xcc"
"\x57\x58\x50\x0c\x42\x00\xd8\xae\xb0\xa0\x18\x84\x00\xa8\x5d\x61"
"\xc1\xd3\x10\x83\x10\x00\xcc\xa2\x24\xc8\x61\x14\x7e\x2b\x2c\x78"
"\x1a\x62\x10\x02\x80\x59\x94\x04\x39\x8c\xa2\x6f\x85\x05\x4f\x43"
"\x0c\x42\x00\x30\x8b\x92\x20\x87\x51\xa8\xad\xb0\xe0\x69\x88\x41"
"\x08\x00\x66\x51\x12\xe4\x30\x8a\xb4\x15\x16\x10\x01\x20\x98\xad"
"\xb0\x60\x39\x8c\x82\x18\x04\x24\x09\x00\xb0\x15\x16\x10\x81\x00"
"\xdc\xac\xb0\x60\x08\x80\x95\x15\x16\x0c\x01\x50\xb2\xc2\x82\x21"
"\x00\xfa\x55\x58\x30\x04\xc0\xbe\x0a\x0b\x86\x00\xb0\x57\x61\xc1"
"\x10\x00\xf3\x2a\x2c\x18\x02\x40\x5d\x85\x05\x05\x30\x08\xc1\xb8"
"\x0a\x0b\x88\x00\x10\x78\x55\x58\x30\x04\x40\xae\x0a\x0b\x86\x00"
"\x80\x55\x61\x81\x01\x0c\x84\x10\xb8\xaa\xb0\xe0\x28\x06\x20\x20"
"\x84\x55\x15\x16\x10\x02\x10\xa8\xaa\xb0\xc0\x00\x02\x62\x10\x4e"
"\x55\x58\x40\x04\x02\xe0\xa7\xc2\x82\x21\x00\xe4\x54\x58\x50\x04"
"\x80\x30\xb0\xa9\xb0\x80\x08\x00\x61\x4c\x85\x05\xc5\x00\x04\x82"
"\x98\x0a\x0b\x88\x00\x10\xc2\x54\x58\x50\x04\x80\x30\x80\xa9\xb0"
"\x80\x08\x00\x41\x47\x85\x05\xcb\x61\x14\xc4\x20\x20\x49\x00\xd8"
"\xa8\xb0\x80\x10\x02\xa0\x46\x85\x05\x43\x00\xd0\xa8\xb0\xa0\x00"
"\x84\x21\x58\x51\x61\xc1\x10\x00\xff\x29\x2c\x18\x02\x20\x3f\x85"
"\x05\x43\x00\xc4\xa7\xb0\x60\x08\x80\xf7\x14\x16\x0c\x01\x70\x9e"
"\xc2\x82\x21\x00\x7c\x53\x58\x50\x00\x83\x10\xdc\xa6\xb0\x60\x08"
"\x80\xd6\x14\x16\x0c\x01\x40\x9a\xc2\x02\x03\x18\x08\x21\x10\x4d"
"\x61\xc1\x51\x0c\x40\x40\x08\x7f\x29\x2c\x20\x04\x20\xf0\x4b\x61"
"\x81\x01\x04\xc4\x20\xec\xa5\xb0\xa0\x00\x84\x21\x80\x4b\x61\xc1"
"\x10\x00\x64\x29\x2c\x38\x00\x61\x08\x88\xc2\x27\x85\x05\x06\x30"
"\x04\x02\x51\x93\xc2\x02\x83\x18\x80\x40\xa0\x49\x61\x01\x11\x00"
"\xc2\x4c\x0a\x0b\x8a\x00\x10\x06\x99\x14\x16\x10\x01\x20\xb0\xa4"
"\xb0\x80\x10\x02\xe0\x24\x85\x05\x43\x00\x98\xa4\xb0\xa0\x00\x84"
"\x21\xe8\x47\x61\xc1\x10\x00\xf1\x28\x2c\x20\x02\x40\x58\x47\x61"
"\x01\x11\x00\x82\x38\x0a\x0b\x0c\x62\x10\x02\x00\x17\x85\x05\x45"
"\x00\x08\x83\x2d\x0a\x0b\x98\x40\x18\x08\xa0\x30\x0e\x24\x51\x54"
"\x51\x58\x30\x04\xc0\x28\x0a\x0b\x86\x00\x10\x45\x61\x01\x11\x08"
"\xc0\x1a\x0a\x0b\x86\x00\xf8\x41\x61\xc1\x10\x00\x39\x28\x2c\x18"
"\x02\x20\x06\x85\x05\x43\x00\xbc\xa0\xb0\x60\x08\x00\x15\x14\x16"
"\x0c\x01\x70\x82\xc2\x82\x21\x00\xfc\x3f\x58\x50\x00\x83\x10\xdc"
"\x7f\xb0\x80\x08\x00\x01\xfe\x83\x05\x43\x00\xb4\x7f\xb0\x60\x08"
"\x00\xf2\x0f\x16\x18\xc0\x40\x08\x81\xf8\x07\x0b\x8e\x62\x00\x02"
"\x42\xf8\xfd\x60\x01\x21\x00\x81\xef\x07\x0b\x0c\x20\x20\x06\x61"
"\xf7\x83\x05\x44\x20\x00\xb2\x1f\x2c\x18\x02\xc0\xf4\x83\x05\x45"
"\x00\x08\x03\xe8\x07\x0b\x88\x00\x10\xee\x3e\x58\x50\x0c\x40\x20"
"\xd8\x7d\xb0\x80\x08\x00\xa1\xee\x83\x05\x45\x00\x08\x03\xdd\x07"
"\x0b\x88\x00\x10\xdc\x3e\x58\x40\x08\x01\x90\xf6\xc1\x82\x21\x00"
"\xd0\x3e\x58\x50\x00\xc2\x10\xfc\x7c\xb0\x60\x08\x80\x99\x0f\x16"
"\x0c\x01\xd0\xf2\xc1\x82\x21\x00\x4a\x3e\x58\x30\x04\xc0\xc8\x07"
"\x0b\x86\x00\xd8\xf7\x60\xc1\x10\x00\xf2\x1e\x2c\x28\x80\x41\x08"
"\xd6\x3d\x58\x30\x04\x40\xb8\x07\x0b\x86\x00\xc0\xf5\x60\x81\x01"
"\x0c\x84\x10\xd8\x7a\xb0\xe0\x28\x06\x20\x20\x84\x59\x0f\x16\x10"
"\x02\x10\xc8\x7a\xb0\xc0\x00\x02\x62\x10\x5e\x3d\x58\x50\x00\xc2"
"\x10\x90\x7a\xb0\x60\x08\x00\x3c\x0f\x16\x1c\x80\x30\x04\x44\x21"
"\xe7\xc1\x02\x03\x18\x02\x81\x48\xf3\x60\x41\x31\x00\x81\x80\xe6"
"\xc1\x02\x22\x00\x84\x33\x0f\x16\x14\x01\x20\x0c\x66\x1e\x2c\x20"
"\x02\x40\x00\xf3\x60\x01\x21\x04\xc0\x8e\x07\x0b\x86\x00\xd0\xf1"
"\x60\x41\x01\x08\x43\x10\xe3\xc1\x82\x21\x00\x4a\x3c\x58\x40\x04"
"\x80\xf0\xdf\xc1\x02\x22\x00\x04\xfb\x0e\x16\x14\x01\x20\x0c\xeb"
"\x1d\x2c\x28\x02\x40\x18\x7e\x3b\x58\xd0\x04\xc2\x40\x00\x85\x71"
"\x20\x89\xb2\xcc\x76\xb0\x60\x08\x00\xd6\x0e\x16\x0c\x01\xb0\xda"
"\xc1\x02\x22\x10\x00\x5d\x0e\x16\x0c\x01\xe0\xca\xc1\x82\x21\x00"
"\x50\x39\x58\x30\x04\x00\x28\x07\x0b\x86\x00\xf0\xe3\x60\xc1\x10"
"\x00\x79\x1c\x2c\x18\x02\xc0\x8e\x83\x05\x43\x00\xb4\x71\xb0\xa0"
"\x00\x06\x21\x30\xe3\x60\x01\x11\x00\xc2\x0f\x07\x0b\x86\x00\xe0"
"\xe1\x60\xc1\x10\x00\x33\x1c\x2c\x30\x80\x81\x10\x82\x18\x0e\x16"
"\x1c\xc5\x00\x04\x84\xe0\xc2\xc1\x02\x42\x00\x82\x16\x0e\x16\x18"
"\x40\x40\x0c\x82\x0a\x07\x0b\x88\x40\x00\x42\x38\x58\x30\x04\x40"
"\xfd\x06\x0b\x8a\x00\x10\x86\xf7\x0d\x16\x10\x01\x20\x98\x6f\xb0"
"\xa0\x18\x80\x40\x28\xdf\x60\x01\x11\x00\x02\xf9\x06\x0b\x8a\x00"
"\x10\x86\xf1\x0d\x16\x10\x01\x20\xf4\x6e\xb0\x80\x10\x02\x00\x77"
"\x83\x05\x43\x00\xdc\x6e\xb0\xa0\x00\x84\x21\x70\xdd\x60\xc1\x10"
"\x00\xa2\x1b\x2c\x18\x02\x80\x6f\x83\x05\x43\x00\xd0\x6d\xb0\x60"
"\x08\x00\xb9\x0d\x16\x0c\x01\xa0\xb6\xc1\x82\x21\x00\xc2\x36\x58"
"\x50\x00\x83\x10\xe8\x6c\xb0\x60\x08\x00\x98\x0d\x16\x0c\x01\x70"
"\xb2\xc1\x02\x03\x18\x08\x21\x28\xd9\x60\xc1\x51\x0c\x40\x40\x08"
"\x22\x1b\x2c\x20\x04\x20\x08\xd9\x60\x81\x01\x04\xc4\x20\xf8\x6b"
"\xb0\xa0\x00\x84\x21\x98\xd7\x60\xc1\x10\x00\xe7\x1a\x2c\x20\x02"
"\x01\x88\xd5\x60\xc1\x10\x00\xa5\x1a\x2c\x18\x02\xe0\x4f\x83\x05"
"\x43\x00\xdc\x69\xb0\x60\x08\x80\x3a\x0d\x16\x0c\x01\x00\xa7\xc1"
"\x82\x21\x00\xda\x34\x58\x30\x04\x00\x99\x06\x0b\x0a\x60\x10\x82"
"\x1e\x0d\x16\x10\x01\x20\xd8\x68\xb0\x60\x08\x80\x19\x0d\x16\x0c"
"\x01\xa0\xa2\xc1\x02\x03\x18\x08\x21\x40\xd1\x60\xc1\x51\x0c\x40"
"\x40\x08\x25\x1a\x2c\x20\x04\x20\x20\xd1\x60\x81\x01\x04\xc4\x20"
"\x84\x68\xb0\x80\x08\x04\x00\x3f\x83\x05\x43\x00\xb0\x67\xb0\x20"
"\x01\x84\x60\x28\x08\xe3\x30\xcf\x60\x01\x02\x04\x83\x50\x10\x46"
"\x6f\x06\x0b\xa4\x45\x49\x90\xc3\x28\x08\x46\x18\x1a\xe8\x01\x02"
"\x87\x37\x83\x05\x06\x10\x0c\x02\xb1\x9b\xc1\x82\x22\x00\x84\x41"
"\x37\x83\x05\x06\x10\x0c\x02\x41\x9b\xc1\x02\x42\x08\x00\xd7\x0c"
"\x16\x0c\x01\xd0\x9a\xc1\x82\x02\x10\x86\x80\x34\x83\x05\x43\x00"
"\xe0\x65\xb0\xa0\x08\x04\x60\xa0\xcb\x60\x81\x11\x08\xc0\x40\xcc"
"\x65\xb0\x80\x08\x00\x41\x2e\x83\x05\x44\x00\x08\x69\x19\x2c\x18"
"\x02\xe0\x27\x83\x05\x45\x00\x08\x43\x4f\x06\x0b\x9c\x40\x18\x08"
"\xa0\x30\x0e\x24\x51\x16\x26\x26\x83\x05\x43\x00\xa8\x64\xb0\x60"
"\x08\x80\x94\x0c\x16\x0c\x01\x20\x92\xc1\x82\x21\x00\xf4\x31\x58"
"\x30\x04\x00\x3e\x06\x0b\x0e\x40\x20\x86\xa0\xa8\xc7\x60\x01\x11"
"\x08\xc0\x3b\x06\x0b\x86\x00\x18\xc7\x60\xc1\x10\x00\xe0\x18\x2c"
"\x18\x02\xa0\x17\x83\x05\x43\x00\xd0\x62\xb0\xa0\x18\x84\x00\x68"
"\xc5\x60\x01\x11\x08\x80\x29\x06\x0b\x86\x00\x18\xc5\x60\xc1\x10"
"\x00\x7a\x18\x2c\x30\x06\x42\x08\x00\x3c\x0c\x16\x10\x02\x10\xc4"
"\x61\xb0\xe0\x28\x06\x20\x20\x84\x37\x0c\x16\x0c\x01\x40\x86\xc1"
"\x82\x21\x00\x78\x30\x58\x50\x00\xc2\x10\xcc\x60\xb0\x60\x08\x80"
"\x13\x0c\x16\x0c\x01\x40\x82\xc1\x82\x21\x00\xf8\x6f\xc1\x10\x00"
"\xfa\xb7\xa0\x10\x06\x20\x88\xbf\x05\x43\x00\xa4\xdf\x82\x21\x00"
"\xca\x6f\xc1\x10\x00\xbf\xb7\x60\x08\x00\xdb\x5b\x50\x0c\x42\x00"
"\xbc\xde\x02\x02\x10\x02\xd4\x5b\x30\x04\x40\xe9\x2d\x18\x02\x80"
"\xef\x16\x18\x03\x21\x04\x80\xde\x2d\x38\x8a\x01\x08\x08\x81\xee"
"\x16\x10\x02\x10\xcc\xdd\x02\x23\x20\x06\x01\x80\xbb\x05\x46\x20"
"\x0c\x00\xb1\x2d\x18\x02\xa0\xe7\x16\x0c\x01\x50\x73\x0b\x86\x00"
"\x98\xb9\x05\x07\x20\x10\x43\x50\xc0\xdc\x02\x22\x10\x00\x95\x5b"
"\x30\x04\x80\xbf\x2d\x18\x02\x60\xdf\x16\x0c\x01\x80\x6f\x0b\x86"
"\x00\x78\xb7\x05\xc5\x20\x04\x00\xba\x2d\x20\x02\x01\x08\xb7\x05"
"\x43\x00\xf8\xda\x82\x21\x00\x6a\x6d\x81\x31\x10\x42\x00\xcc\xda"
"\x02\x42\x00\x02\x56\x5b\x30\x04\xc0\xaa\x2d\x38\x8a\x01\x08\x08"
"\x21\xd5\x16\x0c\x01\x00\x6a\x0b\x86\x00\xc0\xb3\x05\x05\x20\x0c"
"\xc1\x9b\x2d\x18\x02\x60\xcc\x16\x0c\x01\xc0\x63\x0b\x12\x60\x10"
"\x0a\x22\x30\x8e\x1c\x5b\x80\x00\x03\x51\x04\x82\x01\x63\x0b\x10"
"\x20\x10\x86\xc2\x20\x5e\x6c\x41\x11\x00\xc2\xd0\x62\x0b\x90\x00"
"\x10\x06\xa2\x30\x42\x6c\xc1\x10\x00\xfa\xb5\x60\x08\x80\xfc\x5a"
"\x30\x04\x80\x7c\x2d\x18\x02\x60\xbd\x16\x0c\x01\x90\x5e\x0b\x86"
"\x00\x20\xaf\x05\x43\x00\x84\xd7\x82\x02\x18\x84\x40\xb6\x16\x10"
"\x01\x20\xac\xd6\x82\x21\x00\x50\x6b\x81\x01\x0c\x84\x10\xf8\xd5"
"\x82\xa3\x18\x80\x80\x10\xf6\x6a\x81\x01\x08\x43\x40\xe0\xd5\x82"
"\x21\x00\xe8\x6a\xc1\x10\x00\x6c\xb5\x60\x08\x00\xb5\x5a\x70\x00"
"\x02\x31\x04\xc5\x59\x2d\x20\x02\x01\x08\xab\x05\x43\x00\xd4\xd4"
"\x82\x21\x00\x64\x6a\x81\x2a\x08\x43\x40\x18\x45\x82\x1c\xcc\xa2"
"\x34\x00\xf4\x38\xd1\x24\x59\x15\x75\x61\xd9\xa6\x75\xdc\xe7\x81"
"\x81\x18\x84\xc1\x18\x94\x01\x19\x98\xc1\x19\xa0\x41\x1a\xa8\xc1"
"\x1a\xb0\x41\x1b\xb8\xc1\x1b\xc0\x41\x1c\xc8\xc1\x1c\xd0\x41\x1d"
"\xd8\xc1\x1d\xe0\x41\x1e\xe8\xc1\x1e\xf0\x81\x1f\xfc\x41\x1f\x84"
"\x82\x28\x80\xc2\x28\x90\x42\x29\x98\xc2\x29\xa0\x42\x1d\x2c\x18"
"\x02\xe0\xa5\x16\x0c\x01\x60\x52\x0b\x54\xa1\x0c\xc8\x60\x0c\xc4"
"\x00\x0c\xc2\xa0\xf3\x3e\x6d\xe3\x32\xac\xb2\x2e\x4a\x9a\x1e\x28"
"\x72\x1a\x46\x59\x90\xc4\x38\x8a\x81\x10\x80\xc0\x0c\xce\x00\x0d"
"\xd2\x40\x0d\xd6\x80\x0d\xda\xc0\x0d\xde\x00\x0e\xe2\x40\x0e\xe6"
"\x80\x0e\xea\xc0\x0e\xee\x00\x0f\xf2\x40\x0f\xf6\x80\x0f\xfc\xe0"
"\x0f\xfa\x20\x14\x44\x01\x14\x46\x81\x14\x4a\xc1\x14\x4e\x01\x15"
"\x42\x62\x41\x31\x08\x01\xf0\x4f\x0b\x88\x40\x00\xf0\x69\x41\x2a"
"\x08\x43\x40\x18\x45\x82\x1c\xcc\xa2\x34\x00\xf4\x38\xd1\x24\x59"
"\x15\x75\x61\xd9\xa6\x75\xdc\xe7\x81\x81\x18\x84\xc1\x18\x94\x01"
"\x19\x98\xc1\x19\xa0\x41\x1a\xa8\xc1\x1a\xb0\x41\x1b\xb8\xc1\x1b"
"\xc0\x41\x1c\xc8\xc1\x1c\xd0\x41\x1d\xd8\xc1\x1d\xe0\x41\x1e\xe8"
"\xc1\x1e\xf0\x81\x1f\xfc\x41\x1f\x84\x82\x28\x80\xc2\x28\x90\x42"
"\x29\x98\xc2\x29\xd0\xc1\x82\x21\x00\xea\x69\xc1\x10\x00\xec\xb4"
"\xc0\x18\x08\x21\x00\xd4\x69\x01\x21\x00\xc1\x38\x2d\x38\x8a\x01"
"\x08\x08\x21\x9c\x16\x0c\x01\x80\x4b\x0b\x86\x00\x80\xa5\x05\x05"
"\x20\x0c\xc1\x29\x2d\x18\x02\x60\x8f\x16\x10\x01\x20\xd4\xd1\x02"
"\x22\x00\x04\x36\x5a\x30\x04\x40\x0e\x2d\x18\x02\x00\x87\x16\xe4"
"\x03\x81\xf8\xc2\x61\x14\xbf\x00\x0e\xe1\x20\x0e\xe3\x40\x0e\x15"
"\x75\x59\x5a\x86\x79\x1d\xb7\x85\x01\x18\x7c\x62\x30\x06\x64\x60"
"\x06\x65\x70\x06\x68\x30\xa4\x41\x1b\xb0\xc1\x1a\xa8\x81\xf0\x38"
"\xcd\x24\x45\x90\x1b\xbc\x41\x1c\xc0\x01\x1d\xcc\x81\x1c\xdc\x81"
"\x1d\xd4\x01\x28\xf8\x41\x1f\xfc\x81\x28\x84\x02\x10\x90\xc2\x28"
"\x94\x42\x39\xe0\x82\x39\xd8\xc2\x39\xd4\x02\x2d\xa0\xc3\x2c\xc8"
"\x42\x2c\xa4\x03\x2c\xbc\x82\x2b\xf4\x82\x3a\xb0\xc3\x3a\xb4\x83"
"\x3b\x24\xef\x00\x0f\xad\xc0\x0a\xab\xa0\xa8\x42\x2a\xc4\x03\x2a"
"\xc8\x03\x1f\xec\xc1\x3c\x9c\x82\x29\xd0\x83\x1e\xe4\x01\x1e\xf0"
"\xc2\x2d\x2c\x4c\x3d\xec\x82\x3d\xe8\x42\x2e\xdc\x83\xb0\x80\x08"
"\x04\xc0\x84\x16\x0c\x01\xa0\x3f\x0b\x0a\x40\x18\x02\xf8\x59\x40"
"\x04\x80\x70\x3e\x0b\x86\x00\x20\x9f\x05\x44\x00\x08\xb2\xb3\xa0"
"\x08\x00\x61\x18\x9d\x05\x43\x00\x88\xce\x02\x02\x10\x82\xba\x59"
"\x50\x00\xc1\x20\xa4\xcc\x82\x21\x00\x50\x66\x01\x11\x00\x82\xb4"
"\x60\x08\x00\x7d\x59\x30\x04\x00\xbd\x2c\x18\x02\xc0\x5d\x16\x0c"
"\x01\xa0\x2e\x0b\x08\x21\x00\x7c\x65\x01\x21\x04\xc0\xad\x2c\x18"
"\x02\x20\x56\x16\x14\x83\x10\x00\xa3\xb2\xe0\x28\x06\x20\x20\x04"
"\x3f\x59\x60\x10\x02\x10\x0c\x7b\xb2\xa0\x00\x82\x41\xd0\x93\x05"
"\x89\x51\x10\x40\x20\x0c\xc7\x9c\x2c\x20\x02\x40\x88\x16\x0c\x01"
"\x20\x26\x0b\xe6\x08\x14\xd0\x07\x8e\xde\x28\x0e\xe4\x60\x0e\xd2"
"\xc7\x8d\xce\xa7\x8d\xd8\xc8\x0d\xde\x00\x0e\xcc\x67\x8d\xca\x47"
"\x8d\xc8\x27\x8d\xc6\x07\x8d\xce\x68\x0d\xd8\xa0\x0d\xc4\xc7\x8c"
"\xc2\xa7\x8c\xc0\x87\x8c\x7e\x67\x8c\x7c\x47\x8c\xc2\xe8\x0f\xc0"
"\xa8\x0f\x7e\xa8\x77\xfc\x20\xe0\x1d\x1f\xda\x1d\x3e\x00\x5c\xa2"
"\x25\x5e\x02\x26\x62\xa2\x26\x68\x62\x26\x70\xe2\x26\x72\x42\x27"
"\x6c\x62\x27\x78\xa2\xf3\xbe\xb2\xc8\x03\x30\x08\x03\x31\x20\x0b"
"\x3d\x18\x03\x32\x18\x8b\x32\x30\x83\x33\x10\x8b\xb0\x00\x0b\xb3"
"\x38\x8b\x9f\xf0\x09\xb4\x48\x8b\x9e\x50\x8b\xb5\xd0\x36\x6e\x2e"
"\xe4\x22\x2e\xe8\xa2\x2e\xe0\xe2\x2d\xec\xe2\x2e\xdc\xa2\x2d\xf0"
"\x22\x2f\xd8\x42\x2f\xf6\xe2\xc2\xb2\xd0\x00\x8d\xbf\x10\x8d\xd1"
"\xf0\x8b\xbe\x20\x8d\xd2\xe0\x0b\xd3\x38\x8d\xd4\x40\x0d\xd5\x58"
"\x0d\xd6\x70\x8d\xd6\x78\x0d\xd8\x88\x8d\xda\xb0\x03\xdb\xc0\x83"
"\x48\x9a\x68\xe3\x0e\x6e\x03\x37\x64\x83\xaa\xac\xd9\xc8\x0d\xdd"
"\x08\x0f\xf0\x10\x8f\xf1\xf8\x0d\xdf\x20\x8f\xf2\xe8\x0d\xde\x30"
"\x8f\xf3\xd8\x0d\xf4\x48\x0f\xf7\x68\x8f\xf7\x80\x0f\xf6\x50\x0f"
"\xe7\x81\xd6\x23\x3e\xe4\x63\x61\x1a\x7a\x98\x07\x79\xa8\x07\x7b"
"\x88\x07\x78\xb8\x07\x7c\x78\x87\x7c\xd0\x07\x24\x51\x44\x22\x24"
"\x40\x62\x24\x48\xe2\x1f\xfc\xa1\x24\x4c\xa2\x1f\xf8\xe1\x24\x50"
"\x62\x1f\x52\x42\x25\xea\x80\x0e\xf2\x03\x3f\xee\x43\x18\x08\xfb"
"\x28\x8c\xa3\x3e\xe8\x63\x3e\xf4\x63\x3f\xf8\x43\x44\x42\x04\x44"
"\xfe\x63\x44\x48\xc4\x3f\xfa\xa3\x44\x4c\x24\x45\x50\x44\x45\x56"
"\xe4\x44\x58\xa4\x45\x5c\xe4\x45\x68\x64\x46\x6a\xc4\x46\x64\x24"
"\x46\x6e\x04\x47\x60\x24\x47\x74\x64\x47\xc0\xe4\x47\xc2\x44\x4c"
"\x7c\xa4\x47\xc6\x84\x4c\x78\xa4\x4c\xcc\xe4\x4c\xd0\xc4\x4f\xfa"
"\xe4\x4f\x40\x85\x4f\xf6\x44\x54\x42\x65\x54\x48\xa5\x54\x4c\xe5"
"\x54\x50\xc5\x55\x5e\xa5\x55\x58\x45\x55\x56\x25\x55\x60\x25\x56"
"\x64\x85\x56\x6a\x65\x56\x6c\xe5\x56\x72\x05\x57\x74\x65\x57\xd0"
"\x20\x0d\xd4\x40\x26\xf6\x60\x25\x58\x22\x8e\xd2\x06\x6d\x7a\x68"
"\x87\x78\x48\x77\x72\x07\x77\x42\x41\x14\x46\xe1\x76\x48\x61\x6c"
"\xc4\x86\x6c\xca\xc6\x76\x74\x28\x87\x4a\xc1\x14\x4e\xa1\x76\x60"
"\x01\x15\x52\x41\x15\x68\x27\x16\x56\x81\x15\x66\xa7\x15\x5c\xe1"
"\x15\x64\xe7\x67\x7c\x06\x6c\xc2\x66\x67\x74\x86\x67\x7a\x26\x76"
"\x70\xe8\x86\x64\x61\x16\x68\x01\x76\x6e\xc6\x66\x70\x26\x67\x66"
"\x46\x66\x68\xa6\x66\x5e\xc6\x65\x60\x26\x66\x5e\xc7\x86\x6a\xa8"
"\x16\x6c\xe1\x16\x5c\x67\x65\x54\x86\x65\x5a\xe6\x64\x4c\x06\x65"
"\x52\xa6\x75\x68\x68\x86\x44\x26\x64\x46\x86\x64\x4a\x86\x75\x56"
"\x47\x86\x60\x28\x86\x54\xc7\x17\x50\x07\x1c\x70\x21\x17\x74\x21"
"\x75\x7e\xc1\x85\x5e\xc8\x74\x76\x81\x17\x7a\xe1\x74\x5a\x88\x85"
"\xfc\xa5\x5f\xfe\x05\x64\xf4\x25\x5f\xf6\x85\x5f\xec\xa5\x5e\xee"
"\x05\x5f\x4a\x67\x85\x54\x48\x5e\xe2\x65\x5e\xe8\x85\x74\x44\x27"
"\x1c\xc4\x61\x1c\x46\x27\x85\x50\x68\x1d\xd4\x21\x74\x40\xe7\x6f"
"\xc8\xa1\x1c\xcc\xc1\x6f\xce\x01\x1d\xd2\xa1\x6f\xda\x85\x5d\xdc"
"\xe5\x5d\xe0\x85\x6f\xf6\x26\x5d\xd0\x45\x5d\xd6\x45\x6f\xf2\xc6"
"\x84\x4e\xa8\x5c\xc8\xc5\x5c\xce\x05\x6f\x4a\x88\x84\x44\x68\x84"
"\xf0\xe4\x4e\xf2\x44\x4f\xe8\x64\x4e\xea\xc4\x4e\xee\x26\x84\xfe"
"\x07\x84\xc2\x05\x5c\xc4\x65\x5c\x7a\x85\x57\x7c\xe5\x57\xec\xc6"
"\x7f\xfa\x67\x7f\xf8\x07\x4e\xde\x24\x4e\xe4\xc4\x4d\xda\x44\x4d"
"\xd2\x64\x4d\xd8\xa4\x6e\xf4\x07\x7f\xf2\x87\x6e\xee\xe7\x6c\xcc"
"\x66\x6e\xec\x47\x6e\xea\x67\x7e\xe8\x27\x6e\xe4\x07\x6e\xe2\x07"
"\x7e\xde\xc6\x6d\xde\xc7\x7d\xda\x86\x6d\xda\x67\x7d\xd8\x67\x6d"
"\xda\x41\x6d\xd8\x41\x7d\xdc\x81\x59\x40\x08\x01\x70\x23\x0b\x0a"
"\x20\x18\x84\x11\x59\x50\x04\x80\x30\x2c\x0b\x86\x00\xe8\x8f\x05"
"\x05\x10\x0c\x42\x7a\x2c\x48\x06\x21\x00\x88\xc2\x38\xd0\x63\x41"
"\x21\x00\xc1\x70\x1e\x0b\x44\x21\x38\x00\xae\xf3\x40\xc1\x0f\xf8"
"\xa0\x0f\x84\x3d\xd0\x83\x3c\xc0\x03\x3b\xa8\x83\x3b\xa0\x83\x39"
"\x90\x83\x38\x28\x0c\x38\x78\x03\x37\x68\x03\x36\x58\x03\x35\x48"
"\x03\x34\xf8\x03\x62\x40\xbe\x04\x0c\x94\x85\x31\x83\x26\x0c\xc6"
"\x40\x0c\x9c\x07\x8a\xce\x40\x9a\xa8\xca\xba\xb0\x4c\x23\x83\x32"
"\xd8\x86\x05\x43\x00\x88\xc7\x02\x3d\x3a\x85\xd9\xa8\x09\x9b\xa0"
"\x83\x3a\xb0\x03\xd9\xa0\x8d\x9b\x88\x03\x39\x98\x83\xda\xb0\x8d"
"\xdb\xc0\x0d\x9c\xc8\x09\x37\x78\x03\x38\xc8\x0d\xdd\xd8\x0d\xde"
"\xe8\x0d\x9d\x30\x85\x9d\x20\x05\x9e\xf0\x8d\x52\x08\x7e\xa3\x27"
"\xc0\x63\x14\x80\x36\x72\x23\x36\x52\xa3\x35\x8a\x23\x38\x32\xa3"
"\x33\x7a\x23\x34\x1a\x23\x32\x12\xa3\x30\x2a\xa3\x1f\x02\xa3\x0f"
"\x0c\xc2\xc0\x86\x42\x41\x0c\xc6\x80\x0c\x6e\xa8\x0c\xcc\xe0\x0c"
"\x70\x08\x0d\xd2\x40\x0d\x72\x48\x87\x76\xa8\x86\x68\x88\x87\x7a"
"\x68\x86\x64\xc8\x87\x62\x88\xeb\xbc\x14\x52\xa1\x15\x42\xa1\x13"
"\x62\xa1\x16\x32\xa1\x12\x72\xa1\x17\x22\xa1\x11\x82\xa1\x10\x12"
"\xa1\x4c\xdb\xf6\x87\x7f\xfa\x47\x7f\xf2\xc7\x7f\xfe\x07\x7f\xee"
"\x07\x84\xea\xc7\x7e\xe4\x68\x7e\xe8\x47\x7e\xe0\x27\x7e\xdc\xe7"
"\x7d\xda\x67\x7d\xd8\xe7\x7c\xfc\xc0\x7c\x40\x61\xa2\x2a\xf4\xf9"
"\x03\xf2\x29\x1f\xf5\xb1\x2e\x2c\x7d\xc6\x87\x77\x7a\x67\x77\x74"
"\xc7\x77\x7e\x27\x77\x70\x07\x7c\xc2\xe7\x76\x6c\x47\x7c\x68\xa7"
"\x76\x5e\x07\x76\x5c\xa7\x75\x62\x67\x76\xa0\x48\x92\x9d\xd5\x61"
"\x9d\xc6\x79\xf6\x41\x1f\xf2\x81\x1f\xfa\x01\x1f\xee\xc1\x1f\xfe"
"\xc1\x1e\x40\x22\x24\x94\x85\x49\x09\x94\x38\x09\x95\x58\x09\x93"
"\x28\x09\x96\x68\x09\x92\x18\x09\x97\x78\x09\x91\x80\x89\x98\x98"
"\xa3\x3e\x20\x9d\xd2\x31\x1d\xa2\x30\x4e\xe7\x40\x12\xd4\x49\x1d"
"\xd5\x19\x9d\xd0\x11\x1d\x3a\xda\x1b\xbe\xe9\x1b\xbf\xd1\x9b\xbc"
"\xf9\x1b\xd0\xb9\x1b\xbc\xa1\x9b\xba\x99\x1b\xb9\xb1\x9b\xb8\x81"
"\x1b\xb7\x79\x9b\xb4\x51\x1b\xb4\x39\x9b\xb5\x61\x1b\xb3\x29\x9b"
"\xb6\x21\x1b\xb1\x19\x9b\x9e\xf1\x19\x9e\xd9\x99\x9f\x01\x1b\x9d"
"\xc9\x99\xb0\xc1\x99\x9b\xa9\x19\x9b\xf9\x17\x90\xf1\x97\x7e\x09"
"\x19\x91\xd9\x17\x7e\xd1\x97\x7c\xc1\x97\x7b\xb1\x17\x7a\xa9\x17"
"\x77\x69\x97\x77\x81\x17\x79\x89\x97\x79\x61\x17\x75\x59\x17\x74"
"\x39\x97\x74\x29\x17\x73\x19\x17\x72\x11\x17\x70\x09\x97\x35\x60"
"\x83\x36\x48\x23\x51\x90\x89\xe1\x0e\xf0\x20\x0f\x66\x42\x0f\xf6"
"\x80\x0f\x68\x42\xa8\x23\x19\x99\x11\x9f\xf8\x09\xb0\x40\x85\xf0"
"\x10\x8f\xf1\x48\x05\x55\x58\x05\xf2\x60\x05\x1c\xc9\x91\x1b\xb1"
"\x91\xf2\x08\x0b\xb1\x68\x05\x57\x78\x05\xf3\xc8\x05\x58\x88\x05"
"\x59\x38\x8f\x59\xa0\x85\x5a\x40\x0f\x5b\xb8\x05\x5c\x48\x0f\x1e"
"\xe9\x91\x1d\xd1\x11\x30\x09\x93\x1f\xf1\x11\xf5\x18\x0b\x5d\xd8"
"\x05\x5e\x58\x0f\x32\x29\x93\x31\x11\x13\x34\x49\x93\x33\x31\x13"
"\x36\x69\x93\x35\x51\x13\xf6\x20\x8b\xb2\xe8\x05\x5f\xf8\x85\xf6"
"\x80\x93\x38\x79\x13\x37\xa1\x93\x3a\x99\x13\x39\x71\x0f\xb3\x38"
"\x0b\x3b\xca\x13\x3d\xc1\x13\x3b\xb9\x93\xf7\x80\x0f\xb4\x48\x0b"
"\xb5\x88\x0f\x73\x98\x0f\x74\x00\x87\x70\x10\x07\xf9\x38\x87\xb5"
"\x60\x8b\xfa\x18\x07\x72\x28\x07\xfa\x68\x8b\x3e\xf1\x13\x3e\xd9"
"\x93\x50\x11\x15\x50\xf9\x93\x52\x31\x15\x52\x19\x15\xfb\x70\x8b"
"\xb7\x48\x15\x55\x41\x95\x53\xb9\x8f\xfc\x48\x07\x75\x58\x07\xfc"
"\x80\x8b\xb8\xb8\x23\x79\xd0\x8f\xfd\xe0\x0f\x76\x68\x07\x77\xe8"
"\x8f\x77\x80\x87\x78\xf0\x0f\x57\x79\x95\x56\x59\x15\x56\xc1\xa3"
"\xff\x00\x11\x59\x99\x95\x58\x81\x95\x10\x11\x11\xb9\x98\x0b\x5b"
"\xb9\x95\x5a\xa1\x95\x11\xa1\x8b\xba\xb0\x8b\xbb\x28\x19\x93\x21"
"\x99\x91\x49\x19\x95\x41\x99\x93\x21\x11\xbc\xc8\x0b\xbd\xd0\x95"
"\x5d\xc9\x15\x5c\xf1\x95\x5f\xe9\x15\x5e\x29\x91\xbd\xe0\x8b\xbe"
"\xf0\x8b\x96\x71\x19\x96\x59\x99\x97\x81\x99\x99\xa1\x19\x99\x89"
"\x19\x13\xf9\x0b\xd0\x08\x0d\xd1\x38\x91\xd1\xa0\x91\x1a\x41\x11"
"\xd2\x48\x91\xd2\x30\x8d\xd3\x50\x11\xd4\x58\x91\xd4\x50\x0d\x16"
"\x69\x91\xd5\x60\x8d\xd6\x70\x91\x17\x71\x8d\xd7\x80\x0d\x18\xa1"
"\x87\x18\x99\x87\xd8\xa8\x87\x63\xc1\x28\x8c\x01\x19\x94\x81\x19"
"\x9c\x01\x61\x1c\x48\xa2\x2c\x4c\xe3\x3c\x00\x14\x49\xc2\x40\x4d"
"\x95\x75\x61\x19\xb7\x69\x9d\x57\xa0\x81\x18\xa4\x81\x1a\xac\x01"
"\x1b\xb4\x01\x18\xb8\xc1\x1b\xc0\x41\x1c\xc8\x41\x30\x07\x74\x50"
"\x07\x76\xf0\xdd\x01\x1e\xe4\x81\x1e\xec\x01\x1f\x84\x41\x1f\xf8"
"\xc1\x1f\x80\x42\x28\x10\x0b\x92\x40\x00\x06\xa2\x30\x8e\x30\x58"
"\x90\x00\x42\x30\x10\x85\x71\x14\x0b\x0c\x80\x18\x84\xa0\x37\x16"
"\x20\x80\x51\x10\x83\x10\xf0\xc6\x82\x63\x20\x04\x20\x28\x76\x63"
"\x42\x11\x0c\x02\x50\x97\xc1\x84\x43\x18\x02\x02\x28\xe8\x32\x98"
"\x50\x04\xc0\x20\xa4\x65\x30\x61\x08\x00\x98\x0c\x26\x0c\x01\xc0"
"\x92\xc1\x84\x21\x00\x50\x32\x98\x40\x04\x02\x50\x92\xc1\x84\x21"
"\x00\xe0\x31\x98\x40\x04\x80\xf0\x8e\xc1\x84\x21\x00\xc8\x31\x98"
"\x30\x04\x40\x38\x06\x13\x86\x00\xf0\xc5\x60\x82\x21\x0c\x01\x01"
"\xec\x62\x30\x61\x08\x00\x5a\x0c\x26\x10\x01\x20\xcc\x62\x30\x61"
"\x08\x00\x54\x0c\x26\x0c\x01\x50\x8a\xc1\x84\x21\x00\x44\x31\x98"
"\x30\x04\xc0\x1f\x06\x13\x86\x00\xc8\xc3\x60\xc2\x10\x00\x77\x18"
"\x4c\x20\x02\x01\x98\xc3\x60\xc2\x10\x00\x6f\x18\x4c\x18\x02\x80"
"\x0d\x83\x09\x43\x00\xa0\x61\x30\xe1\x00\x88\x60\x10\x0a\x33\x0c"
"\x26\x0c\x01\x50\x86\xc1\x84\x21\x00\xc4\x30\x98\x40\x04\x80\x10"
"\x86\xc1\x84\x21\x00\x6c\x30\x98\x40\x04\x02\xf0\x82\xc1\x84\x21"
"\x00\x52\x30\x98\x30\x04\xc0\x09\x06\x13\x86\x00\x28\xc1\x60\xc2"
"\x10\x00\xfe\x37\x61\x08\x00\xfe\x9b\x70\x00\x44\x30\x08\x85\xfe"
"\x4d\x18\x02\x20\xff\x26\x0c\x01\x60\x7f\x13\x88\x00\x10\xea\x6f"
"\xc2\x10\x00\xea\x37\x61\x08\x00\xf3\x9b\x90\x00\x41\x41\x1c\x83"
"\x60\x8c\xdf\x84\x21\x00\xc4\x6f\xc2\x10\x00\xe1\x37\xc1\x08\x00"
"\x61\x20\xc0\x6f\xc2\x10\x00\xba\x37\x61\x08\x80\xd7\x9b\x50\x04"
"\x80\x30\xb0\xde\x84\x21\x00\x52\x6f\xc2\x01\x10\xc1\x20\x14\xa7"
"\x37\x61\x08\x00\xd3\x9b\x30\x04\xc0\xe8\x4d\x20\x02\x40\x10\xbd"
"\x09\x43\x00\xdc\xdd\x84\x03\x20\x82\x41\x28\xe8\x6e\xc2\x10\x00"
"\x73\x37\x61\x08\x00\xb8\x9b\x40\x04\x80\xf0\x76\x13\x86\x00\x20"
"\xbb\x09\x43\x00\x80\xdd\x84\x21\x00\x7a\x6e\xc2\x10\x00\x3c\x37"
"\xa1\x00\x84\x60\xd0\xb9\x09\x44\x00\x08\x2c\x37\xe1\x00\x88\x60"
"\x10\x0a\x95\x9b\x30\x04\x40\xca\x4d\x18\x02\xc0\xe4\x26\x10\x01"
"\x20\x94\xdc\x84\x21\x00\xf4\x6d\xc2\x01\x10\xc1\x20\x14\xf7\x36"
"\x61\x08\x00\x7b\x9b\x30\x04\xc0\xbc\x4d\x20\x02\x40\x90\xb7\x09"
"\x43\x00\x9c\xdb\x84\x03\x20\x82\x41\x28\xc8\x6d\xc2\x10\x00\xe3"
"\x36\x61\x08\x00\x70\x9b\x40\x04\x80\xf0\x6b\x13\x86\x00\xa0\xb5"
"\x09\x43\x00\xc0\xda\x84\x21\x00\x5a\x6d\x42\x01\x08\xc1\xb0\x6a"
"\x13\x86\x00\x50\xb5\x09\x44\x00\x08\xa9\x36\xe1\x00\x88\x60\x10"
"\x8a\x3f\x9b\x30\x04\x80\x9f\x4d\x18\x02\x60\xcf\x26\x10\x01\x20"
"\xe8\xd9\x84\x21\x00\xde\x6c\xc2\x01\x10\xc1\x20\x14\x6c\x36\x61"
"\x08\x80\x35\x9b\x30\x04\x00\x9a\x4d\x20\x02\x40\x38\xb3\x09\x43"
"\x00\xf0\xd8\x84\x21\x00\x70\x6c\xc2\x01\x10\xc1\x20\x14\x35\x36"
"\x61\x08\x00\x1a\x9b\x30\x04\x40\x8c\x4d\x20\x02\x40\x80\xb1\x09"
"\x43\x00\x94\xd8\x84\x03\x20\x82\x41\x28\x42\x6c\xc2\x10\x00\x20"
"\x36\x61\x08\x80\xfe\x9a\x40\x04\x80\xc0\x5f\x13\x86\x00\x88\xaf"
"\x09\x45\x00\x08\x03\x7b\x4d\x18\x02\x40\xbd\x26\x0c\x01\x80\x5e"
"\x13\x86\x00\x30\xaf\x09\x43\x00\x90\xd7\x84\x21\x00\xc4\x6b\xc2"
"\x10\x00\xbe\x35\x61\x08\x00\xdd\x9a\x30\x04\x00\x6e\x4d\x18\x02"
"\x80\xb6\x26\x1c\x00\x11\x0c\x42\x21\x5b\x13\x86\x00\x88\xad\x09"
"\x43\x00\xb8\xd6\x04\x22\x00\x84\xd6\x9a\x30\x04\x80\x68\x4d\x38"
"\x00\x22\x18\x84\xe2\xaf\x26\x0c\x01\xe0\x57\x13\x86\x00\xd8\xab"
"\x09\x44\x00\x08\x7a\x35\x61\x08\x80\xb7\x9a\x70\x00\x44\x30\x08"
"\x05\x5b\x4d\x18\x02\x60\xad\x26\x0c\x01\x80\x56\x13\x88\x00\x10"
"\xce\x6a\xc2\x10\x00\x3c\x35\x61\x08\x00\x9c\x9a\x70\x00\x44\x30"
"\x08\x45\x4d\x4d\x18\x02\x80\xa6\x26\x0c\x01\x10\x53\x13\x88\x00"
"\x10\x60\x6a\xc2\x10\x00\x25\x35\x61\x08\x80\x90\x9a\x30\x04\x00"
"\x48\x4d\x18\x02\x80\x9f\x26\x0c\x01\xa0\x4f\x13\x86\x00\xb0\xa7"
"\x09\x43\x00\xd4\xd3\x84\x03\x20\x82\x41\x28\xde\x69\xc2\x10\x00"
"\xee\x34\x61\x08\x80\x75\x9a\x40\x04\x80\xa0\x4e\x13\x86\x00\xf8"
"\xa5\x09\x07\x40\x04\x83\x50\xf0\xd2\x84\x21\x00\x76\x69\xc2\x10"
"\x00\xb8\x34\x81\x08\x00\xe1\x96\x26\x0c\x01\xc0\x4a\x13\x86\x00"
"\x40\xa5\x09\x43\x00\x94\xd2\x84\x21\x00\x48\x69\x42\x1d\xcc\x81"
"\x1c\xc4\x01\x1c\xbc\x81\x1b\x90\x41\x19\xa0\x81\x19\x9c\x81\x04"
"\x54\x81\x25\x5c\x03\xd6\x06\x6c\x40\x64\x85\x66\x6c\xc7\xc3\xad"
"\x81\x1a\x20\x5d\x12\x41\x94\xa7\x7c\x0b\x18\x30\x61\x90\x06\xcd"
"\xe4\x88\xc1\x18\x8c\xd2\x84\x02\x10\x82\xe1\x8f\x26\x10\x01\x20"
"\xc4\xd1\x84\x03\x20\x82\x41\x28\xde\x68\xc2\x10\x00\x6e\x34\x61"
"\x08\x80\x35\x9a\x40\x04\x80\xa0\x46\x13\x86\x00\xf8\xa1\x09\x07"
"\x40\x04\x83\x50\xf0\xd0\x84\x21\x00\x76\x68\xc2\x10\x00\x38\x34"
"\x81\x08\x00\xe1\x86\x26\x0c\x01\xc0\x42\x13\x0e\x80\x08\x06\xa1"
"\x48\xa1\x09\x43\x00\xa0\xd0\x84\x21\x00\x4a\x68\x02\x11\x00\x02"
"\x09\x4d\x18\x02\x20\x7f\x26\x0c\x01\x50\x3f\x13\x0a\x20\x18\x04"
"\xf9\x99\x30\x04\x00\xfc\x4c\x18\x02\xe0\x7d\x26\x0c\x01\xc0\x3e"
"\x13\x86\x00\x58\x9f\x09\x43\x00\x98\xcf\x84\x21\x00\xca\x67\xc2"
"\x10\x00\xe1\x33\x61\x08\x00\xf0\x99\x70\x00\x44\x30\x08\x05\xef"
"\x4c\x18\x02\x60\x77\x26\x0c\x01\x80\x3b\x13\x88\x00\x10\x6e\x67"
"\xc2\x10\x00\xac\x33\x81\x10\x80\x00\x75\x26\x0c\x01\x60\x3a\x13"
"\x86\x00\x28\x9d\x09\x07\x40\x04\x83\x50\x88\xce\x84\x21\x00\x42"
"\x67\xc2\x10\x00\x7e\x33\x81\x08\x00\xa1\x6f\x26\x0c\x01\x20\x37"
"\x13\x86\x00\x70\x9b\x09\x43\x00\xa8\xcd\x84\x21\x00\xce\x66\xc2"
"\x01\x10\xc1\x20\x14\x33\x33\x61\x08\x00\x99\x99\x30\x04\xc0\xcb"
"\x4c\x20\x02\x40\x70\x99\x09\x43\x00\x8c\xcc\x84\x21\x00\xfe\x65"
"\xc2\x10\x00\xfc\x32\x81\x08\x00\x61\x5f\x26\xb0\x81\x92\x20\x87"
"\x51\x10\x83\x10\x00\x0b\xd3\x38\x0f\x14\x49\x13\x55\x59\x17\x96"
"\x69\x1b\xd7\x79\x1f\x18\x84\x81\x18\x8c\x01\x19\x94\x81\x19\x9c"
"\x01\x1a\xa4\x81\x1a\xac\xcb\x84\x03\x20\x82\x41\x28\xf6\x64\xc2"
"\x10\x00\x7a\x32\x61\x08\x80\x3b\x99\x40\x04\x80\x60\x27\x13\x86"
"\x00\x58\x93\x09\x07\x40\x04\x83\x50\xa0\xc9\x84\x21\x00\xce\x64"
"\xc2\x10\x00\x64\x32\x81\x08\x00\x61\x4c\x26\x0c\x01\x80\x23\x13"
"\x86\x00\xa0\x91\x09\x43\x00\xc4\xc8\x84\x03\x20\x82\x41\x28\x5e"
"\x64\xc2\x10\x00\x2e\x32\x61\x08\x80\x15\x99\x40\x04\x80\xa0\x22"
"\x13\x86\x00\xf8\x8f\x09\x07\x40\x04\x83\x50\xf0\xc7\x84\x21\x00"
"\xf6\x63\xc2\x10\x00\xf8\x31\x81\x08\x00\xe1\x3e\x26\x0c\x01\xc0"
"\x1e\x13\x86\x00\x40\x8f\x09\x43\x00\x94\xc7\x04\x4f\xcb\xb0\xcb"
"\xaa\xa8\x49\x8a\xa0\xc7\x69\x98\x45\x49\x90\xc3\x28\x88\x41\x08"
"\x00\x6e\x1b\x8f\x09\x07\x40\x04\x83\x50\x80\xc6\x84\x21\x00\xfe"
"\x62\xc2\x10\x00\x7c\x31\x81\x08\x00\x61\x2f\x26\x0c\x01\x00\x17"
"\x13\x0e\x80\x08\x06\xa1\x68\x8b\x09\x43\x00\xb0\xc5\x84\x21\x00"
"\xd2\x62\x02\x11\x00\x02\x5a\x4c\x18\x02\xa0\x27\x26\x1c\x00\x11"
"\x0c\x42\x71\x13\x13\x86\x00\xb0\x89\x09\x43\x00\xcc\xc4\x04\x22"
"\x00\x04\x99\x98\x30\x04\xc0\x49\x4c\x18\x02\x40\x24\x26\x0c\x01"
"\xf0\x0f\x13\x86\x00\xf0\x87\x09\x43\x00\xf0\xc3\x84\x21\x00\xf6"
"\x61\x02\x11\x00\x82\x3c\x4c\x38\x80\x60\x10\x0a\xe2\x1d\x26\x0c"
"\x01\xe0\x0e\x13\x86\x00\x68\x87\x09\x43\x00\xb0\xc3\x04\x22\x00"
"\x84\x71\x98\x30\x04\xc0\x2e\x4c\x18\x02\x20\x17\x26\x0c\x01\x80"
"\x0b\x13\x88\x00\x10\x5e\x61\xc2\x10\x00\xaa\x30\x61\x08\x00\x53"
"\x98\x30\x04\x00\x29\x4c\x20\x02\x40\x18\x85\x09\x43\x00\xe4\xc1"
"\x84\x21\x00\xee\x60\xc2\x10\x00\x76\x30\x81\x08\x00\xa1\x0d\x26"
"\x0c\x01\x90\x06\x13\x86\x00\x30\x83\x09\x43\x00\x8c\xc1\x84\x21"
"\x00\xc4\x60\xc2\x10\x00\xd8\x84\x21\x00\xae\x09\x44\x00\x08\xcc"
"\x84\x21\x00\x92\x09\x44\x00\x08\xc8\x84\x21\x00\x04\x00\x00\x00"
"\x00\x00\x00\x00\x71\x20\x00\x00\x1a\x00\x00\x00\x32\x0e\x10\x22"
"\x84\x0e\x9e\x0b\x08\x41\xba\x80\x13\xdb\x0b\x48\xd1\xcf\x80\x15"
"\x96\x0e\x68\x41\xeb\x80\x17\xbc\x10\x88\xb1\x2d\x81\x19\xf0\x13"
"\xa8\x01\x7a\x81\x1c\xac\x1d\xf8\x61\x5d\x82\x20\x84\x2b\x28\xf2"
"\x2f\x83\x23\xf1\x36\x48\xc2\xad\x83\x25\x95\x40\x68\x92\x4a\x84"
"\x27\xbe\x4b\x88\x62\xfd\x84\x29\xfb\x51\xa8\xd2\x49\x85\x2b\xf4"
"\x5a\xc8\xe2\x4a\x86\x2d\x94\x6e\xe8\xf2\x18\x87\x2f\xa0\x73\x08"
"\xb3\x5d\x07\x00\x00\x00\x00\x00\x65\x0c\x00\x00\x63\x01\x00\x00"
"\x12\x03\x94\x20\x1b\x00\x00\x00\x03\x00\x00\x00\x66\x03\x00\x00"
"\x2f\x00\x00\x00\x4c\x00\x00\x00\x01\x00\x00\x00\x58\x00\x00\x00"
"\x00\x00\x00\x00\x58\x00\x00\x00\x37\x00\x00\x00\x80\x05\x00\x00"
"\x00\x00\x00\x00\x95\x03\x00\x00\x1d\x00\x00\x00\xb2\x03\x00\x00"
"\x3e\x00\x00\x00\x0b\x00\x00\x00\x00\x00\x00\x00\x80\x05\x00\x00"
"\x00\x00\x00\x00\x00\x00\x00\x00\x37\x00\x00\x00\x00\x00\x00\x00"
"\xc1\x00\x00\x00\x24\x00\x00\x00\xc1\x00\x00\x00\x24\x00\x00\x00"
"\xff\xff\xff\xff\x00\x24\x00\x00\xe5\x00\x00\x00\x0c\x00\x00\x00"
"\xe5\x00\x00\x00\x0c\x00\x00\x00\xff\xff\xff\xff\x08\x24\x00\x00"
"\xf1\x00\x00\x00\x0b\x00\x00\x00\xf1\x00\x00\x00\x0b\x00\x00\x00"
"\xff\xff\xff\xff\x00\x24\x00\x00\xfc\x00\x00\x00\x16\x00\x00\x00"
"\xfc\x00\x00\x00\x16\x00\x00\x00\xff\xff\xff\xff\x08\x2c\x00\x00"
"\x12\x01\x00\x00\x14\x00\x00\x00\x12\x01\x00\x00\x14\x00\x00\x00"
"\xff\xff\xff\xff\x08\x2c\x00\x00\x26\x01\x00\x00\x0b\x00\x00\x00"
"\x26\x01\x00\x00\x0b\x00\x00\x00\xff\xff\xff\xff\x00\x24\x00\x00"
"\x31\x01\x00\x00\x0b\x00\x00\x00\x31\x01\x00\x00\x0b\x00\x00\x00"
"\xff\xff\xff\xff\x00\x24\x00\x00\x3c\x01\x00\x00\x0f\x00\x00\x00"
"\x3c\x01\x00\x00\x0f\x00\x00\x00\xff\xff\xff\xff\x00\x24\x00\x00"
"\x4b\x01\x00\x00\x13\x00\x00\x00\x4b\x01\x00\x00\x13\x00\x00\x00"
"\xff\xff\xff\xff\x00\x24\x00\x00\x5e\x01\x00\x00\x09\x00\x00\x00"
"\x5e\x01\x00\x00\x09\x00\x00\x00\xff\xff\xff\xff\x00\x24\x00\x00"
"\x67\x01\x00\x00\x0e\x00\x00\x00\x67\x01\x00\x00\x0e\x00\x00\x00"
"\xff\xff\xff\xff\x00\x24\x00\x00\x75\x01\x00\x00\x0c\x00\x00\x00"
"\x75\x01\x00\x00\x0c\x00\x00\x00\xff\xff\xff\xff\x00\x24\x00\x00"
"\x81\x01\x00\x00\x0d\x00\x00\x00\x81\x01\x00\x00\x0d\x00\x00\x00"
"\xff\xff\xff\xff\x00\x24\x00\x00\x8e\x01\x00\x00\x15\x00\x00\x00"
"\x8e\x01\x00\x00\x15\x00\x00\x00\xff\xff\xff\xff\x08\x2c\x00\x00"
"\xa3\x01\x00\x00\x16\x00\x00\x00\xa3\x01\x00\x00\x16\x00\x00\x00"
"\xff\xff\xff\xff\x00\x24\x00\x00\xb9\x01\x00\x00\x10\x00\x00\x00"
"\xb9\x01\x00\x00\x10\x00\x00\x00\xff\xff\xff\xff\x08\x2c\x00\x00"
"\xc9\x01\x00\x00\x10\x00\x00\x00\xc9\x01\x00\x00\x10\x00\x00\x00"
"\xff\xff\xff\xff\x08\x2c\x00\x00\xd9\x01\x00\x00\x0b\x00\x00\x00"
"\xd9\x01\x00\x00\x0b\x00\x00\x00\xff\xff\xff\xff\x00\x24\x00\x00"
"\xe4\x01\x00\x00\x0b\x00\x00\x00\xe4\x01\x00\x00\x0b\x00\x00\x00"
"\xff\xff\xff\xff\x00\x24\x00\x00\xef\x01\x00\x00\x0c\x00\x00\x00"
"\xef\x01\x00\x00\x0c\x00\x00\x00\xff\xff\xff\xff\x08\x24\x00\x00"
"\xfb\x01\x00\x00\x0c\x00\x00\x00\xfb\x01\x00\x00\x0c\x00\x00\x00"
"\xff\xff\xff\xff\x00\x24\x00\x00\x07\x02\x00\x00\x0a\x00\x00\x00"
"\x07\x02\x00\x00\x0a\x00\x00\x00\xff\xff\xff\xff\x00\x24\x00\x00"
"\x11\x02\x00\x00\x0e\x00\x00\x00\x11\x02\x00\x00\x0e\x00\x00\x00"
"\xff\xff\xff\xff\x00\x24\x00\x00\x1f\x02\x00\x00\x0b\x00\x00\x00"
"\x1f\x02\x00\x00\x0b\x00\x00\x00\xff\xff\xff\xff\x00\x24\x00\x00"
"\x2a\x02\x00\x00\x0e\x00\x00\x00\x2a\x02\x00\x00\x0e\x00\x00\x00"
"\xff\xff\xff\xff\x00\x24\x00\x00\x38\x02\x00\x00\x12\x00\x00\x00"
"\x38\x02\x00\x00\x12\x00\x00\x00\xff\xff\xff\xff\x00\x24\x00\x00"
"\x4a\x02\x00\x00\x0e\x00\x00\x00\x4a\x02\x00\x00\x0e\x00\x00\x00"
"\xff\xff\xff\xff\x00\x24\x00\x00\x58\x02\x00\x00\x12\x00\x00\x00"
"\x58\x02\x00\x00\x12\x00\x00\x00\xff\xff\xff\xff\x00\x24\x00\x00"
"\x6a\x02\x00\x00\x16\x00\x00\x00\x6a\x02\x00\x00\x16\x00\x00\x00"
"\xff\xff\xff\xff\x00\x24\x00\x00\x80\x02\x00\x00\x15\x00\x00\x00"
"\x80\x02\x00\x00\x15\x00\x00\x00\xff\xff\xff\xff\x00\x24\x00\x00"
"\x95\x02\x00\x00\x15\x00\x00\x00\x95\x02\x00\x00\x15\x00\x00\x00"
"\xff\xff\xff\xff\x00\x24\x00\x00\xaa\x02\x00\x00\x0e\x00\x00\x00"
"\xaa\x02\x00\x00\x0e\x00\x00\x00\xff\xff\xff\xff\x00\x24\x00\x00"
"\xb8\x02\x00\x00\x13\x00\x00\x00\xb8\x02\x00\x00\x13\x00\x00\x00"
"\xff\xff\xff\xff\x00\x24\x00\x00\xcb\x02\x00\x00\x0e\x00\x00\x00"
"\xcb\x02\x00\x00\x0e\x00\x00\x00\xff\xff\xff\xff\x00\x24\x00\x00"
"\xd9\x02\x00\x00\x0e\x00\x00\x00\xd9\x02\x00\x00\x0e\x00\x00\x00"
"\xff\xff\xff\xff\x00\x24\x00\x00\xe7\x02\x00\x00\x13\x00\x00\x00"
"\xe7\x02\x00\x00\x13\x00\x00\x00\xff\xff\xff\xff\x08\x2c\x00\x00"
"\xfa\x02\x00\x00\x0d\x00\x00\x00\xfa\x02\x00\x00\x0d\x00\x00\x00"
"\xff\xff\xff\xff\x08\x2c\x00\x00\x07\x03\x00\x00\x0d\x00\x00\x00"
"\x07\x03\x00\x00\x0d\x00\x00\x00\xff\xff\xff\xff\x08\x2c\x00\x00"
"\x14\x03\x00\x00\x1c\x00\x00\x00\x14\x03\x00\x00\x1c\x00\x00\x00"
"\xff\xff\xff\xff\x08\x2c\x00\x00\x30\x03\x00\x00\x1b\x00\x00\x00"
"\x30\x03\x00\x00\x1b\x00\x00\x00\xff\xff\xff\xff\x08\x2c\x00\x00"
"\x4b\x03\x00\x00\x1b\x00\x00\x00\x4b\x03\x00\x00\x1b\x00\x00\x00"
"\xff\xff\xff\xff\x08\x2c\x00\x00\x00\x00\x00\x00\x0b\x00\x00\x00"
"\x00\x00\x00\x00\x0b\x00\x00\x00\xff\xff\xff\xff\x00\x04\x00\x00"
"\x0b\x00\x00\x00\x0b\x00\x00\x00\x0b\x00\x00\x00\x0b\x00\x00\x00"
"\xff\xff\xff\xff\x00\x04\x00\x00\x16\x00\x00\x00\x0d\x00\x00\x00"
"\x16\x00\x00\x00\x0d\x00\x00\x00\xff\xff\xff\xff\x00\x04\x00\x00"
"\x23\x00\x00\x00\x0d\x00\x00\x00\x23\x00\x00\x00\x0d\x00\x00\x00"
"\xff\xff\xff\xff\x00\x04\x00\x00\x30\x00\x00\x00\x0c\x00\x00\x00"
"\x30\x00\x00\x00\x0c\x00\x00\x00\xff\xff\xff\xff\x08\x04\x00\x00"
"\x3c\x00\x00\x00\x11\x00\x00\x00\x3c\x00\x00\x00\x11\x00\x00\x00"
"\xff\xff\xff\xff\x08\x04\x00\x00\x4d\x00\x00\x00\x12\x00\x00\x00"
"\x4d\x00\x00\x00\x12\x00\x00\x00\xff\xff\xff\xff\x00\x04\x00\x00"
"\x5f\x00\x00\x00\x02\x00\x00\x00\x5f\x00\x00\x00\x02\x00\x00\x00"
"\xff\xff\xff\xff\x08\x04\x00\x00\x61\x00\x00\x00\x10\x00\x00\x00"
"\x61\x00\x00\x00\x10\x00\x00\x00\xff\xff\xff\xff\x00\x04\x00\x00"
"\x71\x00\x00\x00\x0d\x00\x00\x00\x71\x00\x00\x00\x0d\x00\x00\x00"
"\xff\xff\xff\xff\x00\x04\x00\x00\x7e\x00\x00\x00\x12\x00\x00\x00"
"\x7e\x00\x00\x00\x12\x00\x00\x00\xff\xff\xff\xff\x00\x04\x00\x00"
"\x90\x00\x00\x00\x17\x00\x00\x00\x90\x00\x00\x00\x17\x00\x00\x00"
"\xff\xff\xff\xff\x08\x04\x00\x00\xa7\x00\x00\x00\x0d\x00\x00\x00"
"\xa7\x00\x00\x00\x0d\x00\x00\x00\xff\xff\xff\xff\x08\x04\x00\x00"
"\xb4\x00\x00\x00\x0d\x00\x00\x00\xb4\x00\x00\x00\x0d\x00\x00\x00"
"\xff\xff\xff\xff\x00\x04\x00\x00\x00\x00\x00\x00\x5d\x0c\x00\x00"
"\xff\x00\x00\x00\x12\x03\x94\xf0\x07\x00\x00\x00\x67\x76\x5f\x63"
"\x6f\x64\x65\x5f\x73\x65\x67\x67\x76\x5f\x64\x61\x74\x61\x5f\x73"
"\x65\x67\x64\x61\x74\x61\x5f\x73\x65\x67\x5f\x61\x64\x64\x72\x63"
"\x6f\x64\x65\x5f\x73\x65\x67\x5f\x61\x64\x64\x72\x70\x6f\x69\x6e"
"\x74\x65\x72\x5f\x73\x69\x7a\x65\x76\x6d\x70\x5f\x64\x65\x62\x75"
"\x67\x5f\x65\x6e\x61\x62\x6c\x65\x64\x6c\x61\x73\x74\x5f\x62\x72"
"\x5f\x66\x72\x6f\x6d\x5f\x62\x62\x5f\x69\x64\x69\x70\x65\x78\x63"
"\x65\x70\x74\x69\x6f\x6e\x5f\x74\x68\x72\x6f\x77\x6e\x65\x78\x63"
"\x65\x70\x74\x69\x6f\x6e\x5f\x70\x74\x72\x65\x78\x63\x65\x70\x74"
"\x69\x6f\x6e\x5f\x73\x65\x6c\x65\x63\x74\x6f\x72\x6f\x70\x63\x6f"
"\x64\x65\x5f\x78\x6f\x72\x73\x68\x69\x66\x74\x33\x32\x5f\x73\x74"
"\x61\x74\x65\x76\x6d\x5f\x63\x6f\x64\x65\x5f\x73\x74\x61\x74\x65"
"\x63\x75\x72\x72\x65\x6e\x74\x5f\x62\x62\x5f\x69\x64\x63\x61\x6c"
"\x6c\x5f\x68\x61\x6e\x64\x6c\x65\x72\x5f\x77\x69\x74\x68\x5f\x65"
"\x78\x63\x65\x70\x74\x69\x6f\x6e\x5f\x68\x61\x6e\x64\x6c\x69\x6e"
"\x67\x63\x61\x6c\x6c\x5f\x68\x61\x6e\x64\x6c\x65\x72\x75\x6e\x70"
"\x61\x63\x6b\x5f\x63\x6f\x64\x65\x6c\x6c\x76\x6d\x2e\x6c\x69\x66"
"\x65\x74\x69\x6d\x65\x2e\x73\x74\x61\x72\x74\x2e\x70\x30\x6c\x6c"
"\x76\x6d\x2e\x6c\x69\x66\x65\x74\x69\x6d\x65\x2e\x65\x6e\x64\x2e"
"\x70\x30\x75\x6e\x70\x61\x63\x6b\x5f\x64\x61\x74\x61\x75\x6e\x70"
"\x61\x63\x6b\x5f\x61\x64\x64\x72\x70\x61\x63\x6b\x5f\x73\x74\x6f"
"\x72\x65\x5f\x61\x64\x64\x72\x67\x65\x74\x5f\x76\x61\x6c\x75\x65"
"\x5f\x77\x69\x74\x68\x5f\x73\x69\x7a\x65\x67\x65\x74\x5f\x76\x61"
"\x6c\x75\x65\x61\x6c\x6c\x6f\x63\x61\x5f\x68\x61\x6e\x64\x6c\x65"
"\x72\x6c\x6f\x61\x64\x5f\x68\x61\x6e\x64\x6c\x65\x72\x73\x74\x6f"
"\x72\x65\x5f\x68\x61\x6e\x64\x6c\x65\x72\x6c\x6c\x76\x6d\x2e\x6d"
"\x65\x6d\x63\x70\x79\x2e\x70\x30\x2e\x70\x30\x2e\x69\x36\x34\x62"
"\x69\x6e\x61\x72\x79\x4f\x70\x65\x72\x61\x74\x6f\x72\x5f\x68\x61"
"\x6e\x64\x6c\x65\x72\x6c\x6c\x76\x6d\x2e\x66\x6d\x75\x6c\x61\x64"
"\x64\x2e\x66\x33\x32\x6c\x6c\x76\x6d\x2e\x66\x6d\x75\x6c\x61\x64"
"\x64\x2e\x66\x36\x34\x67\x65\x70\x5f\x68\x61\x6e\x64\x6c\x65\x72"
"\x63\x6d\x70\x5f\x68\x61\x6e\x64\x6c\x65\x72\x76\x6d\x70\x5f\x64"
"\x65\x62\x75\x67\x5f\x69\x64\x63\x61\x73\x74\x5f\x68\x61\x6e\x64"
"\x6c\x65\x72\x62\x72\x5f\x68\x61\x6e\x64\x6c\x65\x72\x73\x77\x69"
"\x74\x63\x68\x5f\x68\x61\x6e\x64\x6c\x65\x72\x70\x68\x69\x5f\x68"
"\x61\x6e\x64\x6c\x65\x72\x73\x65\x6c\x65\x63\x74\x5f\x68\x61\x6e"
"\x64\x6c\x65\x72\x6c\x61\x6e\x64\x69\x6e\x67\x70\x61\x64\x5f\x68"
"\x61\x6e\x64\x6c\x65\x72\x72\x65\x73\x75\x6d\x65\x5f\x68\x61\x6e"
"\x64\x6c\x65\x72\x69\x6e\x64\x69\x72\x65\x63\x74\x62\x72\x5f\x68"
"\x61\x6e\x64\x6c\x65\x72\x65\x78\x74\x72\x61\x63\x74\x65\x6c\x65"
"\x6d\x65\x6e\x74\x5f\x68\x61\x6e\x64\x6c\x65\x72\x69\x6e\x73\x65"
"\x72\x74\x65\x6c\x65\x6d\x65\x6e\x74\x5f\x68\x61\x6e\x64\x6c\x65"
"\x72\x73\x68\x75\x66\x66\x6c\x65\x76\x65\x63\x74\x6f\x72\x5f\x68"
"\x61\x6e\x64\x6c\x65\x72\x66\x72\x65\x65\x7a\x65\x5f\x68\x61\x6e"
"\x64\x6c\x65\x72\x63\x61\x74\x63\x68\x73\x77\x69\x74\x63\x68\x5f"
"\x68\x61\x6e\x64\x6c\x65\x72\x72\x65\x74\x75\x72\x6e\x5f\x68\x61"
"\x6e\x64\x6c\x65\x72\x76\x6d\x5f\x69\x6e\x74\x65\x72\x70\x72\x65"
"\x74\x65\x72\x6c\x6c\x76\x6d\x2e\x70\x74\x72\x6d\x61\x73\x6b\x2e"
"\x70\x30\x2e\x69\x36\x34\x6c\x6c\x76\x6d\x2e\x73\x6d\x61\x78\x2e"
"\x69\x33\x32\x6c\x6c\x76\x6d\x2e\x75\x6d\x69\x6e\x2e\x69\x33\x32"
"\x6c\x6c\x76\x6d\x2e\x76\x65\x63\x74\x6f\x72\x2e\x72\x65\x64\x75"
"\x63\x65\x2e\x6f\x72\x2e\x76\x31\x36\x69\x36\x34\x6c\x6c\x76\x6d"
"\x2e\x76\x65\x63\x74\x6f\x72\x2e\x72\x65\x64\x75\x63\x65\x2e\x6f"
"\x72\x2e\x76\x34\x69\x36\x34\x6c\x6c\x76\x6d\x2e\x76\x65\x63\x74"
"\x6f\x72\x2e\x72\x65\x64\x75\x63\x65\x2e\x6f\x72\x2e\x76\x38\x69"
"\x36\x34\x32\x31\x2e\x31\x2e\x38\x20\x62\x63\x37\x35\x33\x36\x65"
"\x35\x61\x38\x34\x61\x65\x65\x35\x35\x65\x63\x66\x61\x32\x34\x39"
"\x31\x35\x30\x34\x61\x66\x36\x34\x63\x64\x62\x39\x30\x34\x64\x62"
"\x38\x61\x61\x72\x63\x68\x36\x34\x2d\x75\x6e\x6b\x6e\x6f\x77\x6e"
"\x2d\x6c\x69\x6e\x75\x78\x2d\x61\x6e\x64\x72\x6f\x69\x64\x44\x3a"
"\x5c\x63\x70\x70\x5c\x6f\x62\x66\x75\x73\x63\x61\x74\x6f\x72\x2d"
"\x6f\x6c\x6c\x76\x6d\x2d\x32\x31\x2e\x78\x5c\x61\x56\x4d\x50\x49"
"\x6e\x74\x65\x72\x70\x72\x65\x74\x65\x72\x5c\x61\x56\x4d\x50\x49"
"\x6e\x74\x65\x72\x70\x72\x65\x74\x65\x72\x2e\x63\x00\x00\x00\x00"
;

static std::vector<char> get_binary_ir() {
    return std::vector<char>(binary_ir_data, binary_ir_data + binary_ir_length);
}
